ensembl_gene_id,external_gene_name,mmusculus_homolog_ensembl_gene,mmusculus_homolog_associated_gene_name,mmusculus_homolog_orthology_type,mmusculus_homolog_orthology_confidence
ENSG00000291420,ACTG1,,,,NA
ENSG00000292343,AKAP17A,,,,NA
ENSG00000288169,ACAP1,,,,NA
ENSG00000285501,AGBL2,,,,NA
ENSG00000284814,ADCY4,,,,NA
ENSG00000291597,ACTR1B,,,,NA
ENSG00000288353,ARHGAP17,,,,NA
ENSG00000285451,ADCK5,,,,NA
ENSG00000291796,APEX1,,,,NA
ENSG00000291544,APOB,,,,NA
ENSG00000165566,AMER2,ENSMUSG00000021986,Amer2,ortholog_one2one,1
ENSG00000282844,ACTN4,,,,NA
ENSG00000284980,AGPAT5,,,,NA
ENSG00000281385,AP2A2,,,,NA
ENSG00000262139,ANO4,,,,NA
ENSG00000280759,AP2A2,,,,NA
ENSG00000276495,APBA2,,,,NA
ENSG00000275568,ARHGAP11A,,,,NA
ENSG00000276016,ABR,,,,NA
ENSG00000278741,ABR,,,,NA
ENSG00000184675,AMER1,ENSMUSG00000050332,Amer1,ortholog_one2one,1
ENSG00000275176,ACACA,,,,NA
ENSG00000278183,ABCC1,,,,NA
ENSG00000273780,ARHGAP23,,,,NA
ENSG00000134884,ARGLU1,ENSMUSG00000040459,Arglu1,ortholog_one2one,1
ENSG00000101745,ANKRD12,ENSMUSG00000034647,Ankrd12,ortholog_one2one,1
ENSG00000125257,ABCC4,ENSMUSG00000032849,Abcc4,ortholog_one2one,1
ENSG00000153531,ADPRHL1,ENSMUSG00000031448,Adprhl1,ortholog_one2one,0
ENSG00000198576,ARC,ENSMUSG00000022602,Arc,ortholog_one2one,1
ENSG00000101444,AHCY,ENSMUSG00000048087,Ahcyl,ortholog_one2many,0
ENSG00000101444,AHCY,ENSMUSG00000027597,Ahcy,ortholog_one2many,1
ENSG00000242247,ARFGAP3,ENSMUSG00000054277,Arfgap3,ortholog_one2one,1
ENSG00000230778,ANKRD63,ENSMUSG00000078137,Ankrd63,ortholog_one2one,1
ENSG00000100280,AP1B1,ENSMUSG00000009090,Ap1b1,ortholog_one2one,1
ENSG00000183148,ANKRD20A2P,,,,NA
ENSG00000141385,AFG3L2,ENSMUSG00000024527,Afg3l2,ortholog_one2one,1
ENSG00000023516,AKAP11,ENSMUSG00000022016,Akap11,ortholog_one2one,1
ENSG00000150594,ADRA2A,ENSMUSG00000033717,Adra2a,ortholog_one2one,1
ENSG00000118492,ADGB,ENSMUSG00000050994,Adgb,ortholog_one2one,1
ENSG00000181915,ADO,ENSMUSG00000057134,Ado,ortholog_one2one,1
ENSG00000104899,AMH,ENSMUSG00000035262,Amh,ortholog_one2one,1
ENSG00000275199,AKT3,,,,NA
ENSG00000100997,ABHD12,ENSMUSG00000032046,Abhd12,ortholog_one2one,1
ENSG00000120697,ALG5,ENSMUSG00000036632,Alg5,ortholog_one2one,1
ENSG00000004846,ABCB5,ENSMUSG00000072791,Abcb5,ortholog_one2one,1
ENSG00000160216,AGPAT3,ENSMUSG00000001211,Agpat3,ortholog_one2one,1
ENSG00000262327,AGK,,,,NA
ENSG00000279247,AK6,,,,NA
ENSG00000184831,APOO,ENSMUSG00000079508,Apoo,ortholog_one2one,1
ENSG00000253710,ALG11,ENSMUSG00000063362,Alg11,ortholog_one2one,1
ENSG00000182858,ALG12,ENSMUSG00000035845,Alg12,ortholog_one2one,1
ENSG00000236873,AGPAT1,,,,NA
ENSG00000198590,APRG1,,,,NA
ENSG00000142192,APP,ENSMUSG00000022892,App,ortholog_one2one,1
ENSG00000180777,ANKRD30B,,,,NA
ENSG00000165923,AGBL2,ENSMUSG00000040812,Agbl2,ortholog_one2one,1
ENSG00000064687,ABCA7,ENSMUSG00000035722,Abca7,ortholog_one2one,1
ENSG00000236149,ABCF1,,,,NA
ENSG00000226467,AGPAT1,,,,NA
ENSG00000276497,APBA1,,,,NA
ENSG00000282230,ADAM9,,,,NA
ENSG00000232434,AJM1,ENSMUSG00000029419,Ajm1,ortholog_one2one,1
ENSG00000231488,ABHD16A,,,,NA
ENSG00000101901,ALG13,ENSMUSG00000041718,Alg13,ortholog_one2one,1
ENSG00000124198,ARFGEF2,ENSMUSG00000074582,Arfgef2,ortholog_one2one,1
ENSG00000167315,ACAA2,ENSMUSG00000036880,Acaa2,ortholog_one2one,1
ENSG00000204172,AGAP9,,,,NA
ENSG00000197976,AKAP17A,ENSMUSG00000121606,Akap17a,ortholog_one2one,1
ENSG00000097007,ABL1,ENSMUSG00000026842,Abl1,ortholog_one2one,1
ENSG00000235676,ABHD16A,,,,NA
ENSG00000232169,ABCF1,,,,NA
ENSG00000163295,ALPI,ENSMUSG00000036500,Akp3,ortholog_many2many,1
ENSG00000163295,ALPI,ENSMUSG00000079440,Alpi,ortholog_many2many,0
ENSG00000163295,ALPI,ENSMUSG00000026246,Alppl2,ortholog_many2many,0
ENSG00000140955,ADAD2,ENSMUSG00000024266,Adad2,ortholog_one2one,1
ENSG00000131069,ACSS2,ENSMUSG00000027605,Acss2,ortholog_one2one,1
ENSG00000288324,ADGRL1,,,,NA
ENSG00000132965,ALOX5AP,ENSMUSG00000060063,Alox5ap,ortholog_one2one,1
ENSG00000130402,ACTN4,ENSMUSG00000054808,Actn4,ortholog_one2one,1
ENSG00000235711,ANKRD34C,ENSMUSG00000047606,Ankrd34c,ortholog_one2one,1
ENSG00000159842,ABR,ENSMUSG00000017631,Abr,ortholog_one2one,1
ENSG00000072778,ACADVL,ENSMUSG00000018574,Acadvl,ortholog_one2one,1
ENSG00000183044,ABAT,ENSMUSG00000057880,Abat,ortholog_one2one,1
ENSG00000236342,ABCF1,,,,NA
ENSG00000137845,ADAM10,ENSMUSG00000054693,Adam10,ortholog_one2one,1
ENSG00000248144,ADH1C,ENSMUSG00000074207,Adh1,ortholog_one2many,1
ENSG00000224552,ABHD16A,,,,NA
ENSG00000225989,ABCF1,,,,NA
ENSG00000135541,AHI1,ENSMUSG00000019986,Ahi1,ortholog_one2one,1
ENSG00000206403,ABHD16A,,,,NA
ENSG00000154065,ANKRD29,ENSMUSG00000057766,Ankrd29,ortholog_one2one,1
ENSG00000236063,ABHD16A,,,,NA
ENSG00000151726,ACSL1,ENSMUSG00000018796,Acsl1,ortholog_one2one,1
ENSG00000156709,AIFM1,ENSMUSG00000036932,Aifm1,ortholog_one2one,1
ENSG00000167522,ANKRD11,ENSMUSG00000035569,Ankrd11,ortholog_one2one,1
ENSG00000235758,AGPAT1,,,,NA
ENSG00000230475,ABHD16A,,,,NA
ENSG00000140350,ANP32A,ENSMUSG00000032249,Anp32a,ortholog_one2many,1
ENSG00000132623,ANKEF1,ENSMUSG00000074771,Ankef1,ortholog_one2one,1
ENSG00000227642,AGPAT1,,,,NA
ENSG00000103740,ACSBG1,ENSMUSG00000032281,Acsbg1,ortholog_one2one,1
ENSG00000231129,ABCF1,,,,NA
ENSG00000114019,AMOTL2,ENSMUSG00000032531,Amotl2,ortholog_one2one,1
ENSG00000228892,AGPAT1,,,,NA
ENSG00000071205,ARHGAP10,ENSMUSG00000037148,Arhgap10,ortholog_one2one,1
ENSG00000206324,AGPAT1,,,,NA
ENSG00000155189,AGPAT5,ENSMUSG00000031467,Agpat5,ortholog_one2one,1
ENSG00000173137,ADCK5,ENSMUSG00000022550,Adck5,ortholog_one2one,1
ENSG00000206490,ABCF1,,,,NA
ENSG00000059573,ALDH18A1,ENSMUSG00000025007,Aldh18a1,ortholog_one2one,1
ENSG00000148700,ADD3,ENSMUSG00000025026,Add3,ortholog_one2one,1
ENSG00000184254,ALDH1A3,ENSMUSG00000015134,Aldh1a3,ortholog_one2one,1
ENSG00000136379,ABHD17C,ENSMUSG00000038459,Abhd17c,ortholog_one2one,1
ENSG00000175220,ARHGAP1,ENSMUSG00000027247,Arhgap1,ortholog_one2one,1
ENSG00000198826,ARHGAP11A,ENSMUSG00000041219,Arhgap11a,ortholog_one2one,1
ENSG00000171885,AQP4,ENSMUSG00000024411,Aqp4,ortholog_one2one,1
ENSG00000166747,AP1G1,ENSMUSG00000031731,Ap1g1,ortholog_one2one,1
ENSG00000069431,ABCC9,ENSMUSG00000030249,Abcc9,ortholog_one2one,1
ENSG00000100412,ACO2,ENSMUSG00000022477,Aco2,ortholog_one2one,1
ENSG00000169067,ACTBL2,ENSMUSG00000055194,Actbl2,ortholog_one2one,1
ENSG00000130706,ADRM1,ENSMUSG00000042165,Adrm1b,ortholog_one2many,0
ENSG00000130706,ADRM1,ENSMUSG00000039041,Adrm1,ortholog_one2many,1
ENSG00000169188,APEX2,ENSMUSG00000025269,Apex2,ortholog_one2one,1
ENSG00000165322,ARHGAP12,ENSMUSG00000041225,Arhgap12,ortholog_one2one,1
ENSG00000242802,AP5Z1,ENSMUSG00000039623,Ap5z1,ortholog_one2one,1
ENSG00000077080,ACTL6B,ENSMUSG00000029712,Actl6b,ortholog_one2one,1
ENSG00000185567,AHNAK2,ENSMUSG00000118667,Ahnak2,ortholog_one2one,0
ENSG00000204310,AGPAT1,ENSMUSG00000034254,Agpat1,ortholog_one2one,1
ENSG00000013523,ANGEL1,ENSMUSG00000021257,Angel1,ortholog_one2one,1
ENSG00000033050,ABCF2,ENSMUSG00000028953,Abcf2,ortholog_one2one,1
ENSG00000124608,AARS2,ENSMUSG00000023938,Aars2,ortholog_one2one,1
ENSG00000129467,ADCY4,ENSMUSG00000022220,Adcy4,ortholog_one2one,1
ENSG00000120907,ADRA1A,ENSMUSG00000045875,Adra1a,ortholog_one2one,1
ENSG00000131043,AAR2,ENSMUSG00000027628,Aar2,ortholog_one2one,1
ENSG00000129968,ABHD17A,ENSMUSG00000003346,Abhd17a,ortholog_one2one,1
ENSG00000081760,AACS,ENSMUSG00000029482,Aacs,ortholog_one2one,1
ENSG00000128335,APOL2,ENSMUSG00000071716,Apol7e,ortholog_many2many,0
ENSG00000128335,APOL2,ENSMUSG00000050982,Apol10a,ortholog_many2many,0
ENSG00000128335,APOL2,ENSMUSG00000044309,Apol7c,ortholog_many2many,0
ENSG00000128335,APOL2,ENSMUSG00000068246,Apol9b,ortholog_many2many,0
ENSG00000128335,APOL2,ENSMUSG00000068252,Apol7b,ortholog_many2many,0
ENSG00000128335,APOL2,ENSMUSG00000091650,Apol11a,ortholog_many2many,0
ENSG00000128335,APOL2,ENSMUSG00000091694,Apol11b,ortholog_many2many,0
ENSG00000128335,APOL2,ENSMUSG00000050014,Apol10b,ortholog_many2many,0
ENSG00000128335,APOL2,ENSMUSG00000010601,Apol7a,ortholog_many2many,0
ENSG00000128335,APOL2,ENSMUSG00000057346,Apol9a,ortholog_many2many,0
ENSG00000183773,AIFM3,ENSMUSG00000022763,Aifm3,ortholog_one2one,1
ENSG00000154930,ACSS1,ENSMUSG00000027452,Acss1,ortholog_one2one,1
ENSG00000131269,ABCB7,ENSMUSG00000031333,Abcb7,ortholog_one2one,1
ENSG00000118507,AKAP7,ENSMUSG00000039166,Akap7,ortholog_one2one,1
ENSG00000103591,AAGAB,ENSMUSG00000037257,Aagab,ortholog_one2one,1
ENSG00000101473,ACOT8,ENSMUSG00000017307,Acot8,ortholog_one2one,1
ENSG00000135046,ANXA1,ENSMUSG00000024659,Anxa1,ortholog_one2one,1
ENSG00000123908,AGO2,ENSMUSG00000036698,Ago2,ortholog_one2one,1
ENSG00000125843,AP5S1,ENSMUSG00000068264,Ap5s1,ortholog_one2one,1
ENSG00000183684,ALYREF,ENSMUSG00000090854,Alyreffm10,ortholog_one2many,0
ENSG00000183684,ALYREF,ENSMUSG00000091779,Alyreffm11,ortholog_one2many,0
ENSG00000183684,ALYREF,ENSMUSG00000097878,Alyreffm13,ortholog_one2many,0
ENSG00000183684,ALYREF,ENSMUSG00000094144,Alyreffm17,ortholog_one2many,0
ENSG00000183684,ALYREF,ENSMUSG00000060244,Alyref2,ortholog_one2many,0
ENSG00000183684,ALYREF,ENSMUSG00000096640,Alyreffm9,ortholog_one2many,0
ENSG00000183684,ALYREF,ENSMUSG00000094215,Alyreffm2,ortholog_one2many,0
ENSG00000183684,ALYREF,ENSMUSG00000095022,Alyreffm15,ortholog_one2many,0
ENSG00000183684,ALYREF,ENSMUSG00000086727,Alyreffm1,ortholog_one2many,0
ENSG00000183684,ALYREF,ENSMUSG00000095673,Alyreffm12,ortholog_one2many,0
ENSG00000183684,ALYREF,ENSMUSG00000025134,Alyref,ortholog_one2many,1
ENSG00000183684,ALYREF,ENSMUSG00000096744,Alyreffm8,ortholog_one2many,0
ENSG00000183684,ALYREF,ENSMUSG00000091101,Alyreffm5,ortholog_one2many,0
ENSG00000183684,ALYREF,ENSMUSG00000097427,Alyreffm14,ortholog_one2many,0
ENSG00000183684,ALYREF,ENSMUSG00000112931,Alyreffm6,ortholog_one2many,0
ENSG00000183684,ALYREF,ENSMUSG00000117091,Alyreffm3,ortholog_one2many,0
ENSG00000183684,ALYREF,ENSMUSG00000094314,Alyreffm4,ortholog_one2many,0
ENSG00000183684,ALYREF,ENSMUSG00000097550,Alyreffm16,ortholog_one2many,0
ENSG00000183684,ALYREF,ENSMUSG00000112856,Alyreffm7,ortholog_one2many,0
ENSG00000165092,ALDH1A1,ENSMUSG00000024747,Aldh1a7,ortholog_one2many,0
ENSG00000165092,ALDH1A1,ENSMUSG00000053279,Aldh1a1,ortholog_one2many,1
ENSG00000204149,AGAP6,,,,NA
ENSG00000085563,ABCB1,ENSMUSG00000040584,Abcb1a,ortholog_one2many,1
ENSG00000085563,ABCB1,ENSMUSG00000028970,Abcb1b,ortholog_one2many,1
ENSG00000107282,APBA1,ENSMUSG00000024897,Apba1,ortholog_one2one,1
ENSG00000182287,AP1S2,ENSMUSG00000031367,Ap1s2,ortholog_one2one,1
ENSG00000135439,AGAP2,ENSMUSG00000025422,Agap2,ortholog_one2one,1
ENSG00000161618,ALDH16A1,ENSMUSG00000007833,Aldh16a1,ortholog_one2one,1
ENSG00000149925,ALDOA,ENSMUSG00000059343,Aldoart1,ortholog_one2many,0
ENSG00000149925,ALDOA,ENSMUSG00000030695,Aldoa,ortholog_one2many,1
ENSG00000149925,ALDOA,ENSMUSG00000063129,Aldoart2,ortholog_one2many,0
ENSG00000135503,ACVR1B,ENSMUSG00000000532,Acvr1b,ortholog_one2one,1
ENSG00000138443,ABI2,ENSMUSG00000026782,Abi2,ortholog_one2one,1
ENSG00000135049,AGTPBP1,ENSMUSG00000021557,Agtpbp1,ortholog_one2one,1
ENSG00000100478,AP4S1,ENSMUSG00000020955,Ap4s1,ortholog_one2one,0
ENSG00000118520,ARG1,ENSMUSG00000019987,Arg1,ortholog_one2one,1
ENSG00000111275,ALDH2,ENSMUSG00000029455,Aldh2,ortholog_one2one,1
ENSG00000239900,ADSL,ENSMUSG00000022407,Adsl,ortholog_one2one,1
ENSG00000153107,ANAPC1,ENSMUSG00000014355,Anapc1,ortholog_one2one,1
ENSG00000122729,ACO1,ENSMUSG00000028405,Aco1,ortholog_one2one,1
ENSG00000197894,ADH5,ENSMUSG00000028138,Adh5,ortholog_one2one,1
ENSG00000136044,APPL2,ENSMUSG00000020263,Appl2,ortholog_one2one,1
ENSG00000100124,ANKRD54,ENSMUSG00000033055,Ankrd54,ortholog_one2one,1
ENSG00000165527,ARF6,ENSMUSG00000044147,Arf6,ortholog_one2one,1
ENSG00000151498,ACAD8,ENSMUSG00000031969,Acad8,ortholog_one2one,1
ENSG00000196510,ANAPC7,ENSMUSG00000029466,Anapc7,ortholog_one2one,1
ENSG00000185100,ADSS1,ENSMUSG00000011148,Adss1,ortholog_one2one,1
ENSG00000114779,ABHD14B,ENSMUSG00000042073,Abhd14b,ortholog_one2one,1
ENSG00000021776,AQR,ENSMUSG00000040383,Aqr,ortholog_one2one,1
ENSG00000034053,APBA2,ENSMUSG00000030519,Apba2,ortholog_one2one,1
ENSG00000164162,ANAPC10,ENSMUSG00000036977,Anapc10,ortholog_one2one,1
ENSG00000170776,AKAP13,ENSMUSG00000066406,Akap13,ortholog_one2one,1
ENSG00000103222,ABCC1,ENSMUSG00000023088,Abcc1,ortholog_one2one,1
ENSG00000006071,ABCC8,ENSMUSG00000040136,Abcc8,ortholog_one2one,1
ENSG00000140798,ABCC12,ENSMUSG00000036872,Abcc12,ortholog_one2one,1
ENSG00000146416,AIG1,ENSMUSG00000019806,Aig1,ortholog_one2one,1
ENSG00000159640,ACE,ENSMUSG00000020681,Ace,ortholog_one2one,1
ENSG00000163995,ABLIM2,ENSMUSG00000029095,Ablim2,ortholog_one2one,1
ENSG00000157426,AASDH,ENSMUSG00000055923,Aasdh,ortholog_one2one,1
ENSG00000078061,ARAF,ENSMUSG00000001127,Araf,ortholog_one2one,1
ENSG00000147576,ADHFE1,ENSMUSG00000025911,Adhfe1,ortholog_one2one,1
ENSG00000155008,APOOL,ENSMUSG00000025525,Apool,ortholog_one2one,1
ENSG00000147853,AK3,ENSMUSG00000024782,Ak3,ortholog_one2one,1
ENSG00000242110,AMACR,ENSMUSG00000022244,Amacr,ortholog_one2one,1
ENSG00000164398,ACSL6,ENSMUSG00000020333,Acsl6,ortholog_one2one,1
ENSG00000145362,ANK2,ENSMUSG00000032826,Ank2,ortholog_one2one,1
ENSG00000176715,ACSF3,ENSMUSG00000015016,Acsf3,ortholog_one2one,1
ENSG00000179477,ALOX12B,ENSMUSG00000032807,Alox12b,ortholog_one2one,1
ENSG00000115266,APC2,ENSMUSG00000020135,Apc2,ortholog_one2one,1
ENSG00000159251,ACTC1,ENSMUSG00000068614,Actc1,ortholog_one2one,1
ENSG00000108599,AKAP10,ENSMUSG00000047804,Akap10,ortholog_one2one,1
ENSG00000107890,ANKRD26,,,,NA
ENSG00000138107,ACTR1A,ENSMUSG00000025228,Actr1a,ortholog_one2one,1
ENSG00000119682,AREL1,ENSMUSG00000042350,Arel1,ortholog_one2one,1
ENSG00000126016,AMOT,ENSMUSG00000041688,Amot,ortholog_one2one,1
ENSG00000161533,ACOX1,ENSMUSG00000020777,Acox1,ortholog_one2one,1
ENSG00000033011,ALG1,ENSMUSG00000039427,Alg1,ortholog_one2many,1
ENSG00000204574,ABCF1,ENSMUSG00000038762,Abcf1,ortholog_one2one,1
ENSG00000101199,ARFGAP1,ENSMUSG00000027575,Arfgap1,ortholog_one2one,1
ENSG00000135298,ADGRB3,ENSMUSG00000033569,Adgrb3,ortholog_one2one,1
ENSG00000170209,ANKK1,ENSMUSG00000032257,Ankk1,ortholog_one2one,1
ENSG00000166313,APBB1,ENSMUSG00000037032,Apbb1,ortholog_one2one,1
ENSG00000134461,ANKRD16,ENSMUSG00000047909,Ankrd16,ortholog_one2one,1
ENSG00000077420,APBB1IP,ENSMUSG00000026786,Apbb1ip,ortholog_one2one,1
ENSG00000131966,ACTR10,ENSMUSG00000021076,Actr10,ortholog_one2one,1
ENSG00000131473,ACLY,ENSMUSG00000020917,Acly,ortholog_one2one,1
ENSG00000167972,ABCA3,ENSMUSG00000024130,Abca3,ortholog_one2one,1
ENSG00000053770,AP5M1,ENSMUSG00000036291,Ap5m1,ortholog_one2one,1
ENSG00000101474,APMAP,ENSMUSG00000033096,Apmap,ortholog_one2one,1
ENSG00000070718,AP3M2,ENSMUSG00000031539,Ap3m2,ortholog_one2one,1
ENSG00000101442,ACTR5,ENSMUSG00000037761,Actr5,ortholog_one2one,1
ENSG00000073670,ADAM11,ENSMUSG00000020926,Adam11,ortholog_one2one,1
ENSG00000090861,AARS1,ENSMUSG00000031960,Aars1,ortholog_one2one,1
ENSG00000085231,AK6,,,,NA
ENSG00000134982,APC,ENSMUSG00000005871,Apc,ortholog_one2one,1
ENSG00000163631,ALB,ENSMUSG00000029368,Alb,ortholog_one2one,1
ENSG00000108846,ABCC3,ENSMUSG00000020865,Abcc3,ortholog_one2one,1
ENSG00000100591,AHSA1,ENSMUSG00000021037,Ahsa1,ortholog_one2one,1
ENSG00000240303,ACAD11,ENSMUSG00000090150,Acad11,ortholog_one2one,1
ENSG00000131503,ANKHD1,ENSMUSG00000024483,Ankhd1,ortholog_one2one,1
ENSG00000157500,APPL1,ENSMUSG00000040760,Appl1,ortholog_one2one,1
ENSG00000101246,ARFRP1,ENSMUSG00000038671,Arfrp1,ortholog_one2one,1
ENSG00000020181,ADGRA2,ENSMUSG00000031486,Adgra2,ortholog_one2one,1
ENSG00000162066,AMDHD2,ENSMUSG00000036820,Amdhd2,ortholog_one2one,1
ENSG00000064999,ANKS1A,ENSMUSG00000024219,Anks1,ortholog_one2one,1
ENSG00000068366,ACSL4,ENSMUSG00000031278,Acsl4,ortholog_one2one,1
ENSG00000120437,ACAT2,ENSMUSG00000062480,Acat3,ortholog_one2many,1
ENSG00000120437,ACAT2,ENSMUSG00000023832,Acat2,ortholog_one2many,1
ENSG00000178171,AMER3,ENSMUSG00000045174,Amer3,ortholog_one2one,1
ENSG00000196526,AFAP1,ENSMUSG00000029094,Afap1,ortholog_one2one,1
ENSG00000139645,ANKRD52,ENSMUSG00000014498,Ankrd52,ortholog_one2one,1
ENSG00000164742,ADCY1,ENSMUSG00000020431,Adcy1,ortholog_one2one,1
ENSG00000197142,ACSL5,ENSMUSG00000024981,Acsl5,ortholog_one2one,1
ENSG00000123130,ACOT9,ENSMUSG00000047565,Acot10,ortholog_one2many,0
ENSG00000123130,ACOT9,ENSMUSG00000025287,Acot9,ortholog_one2many,1
ENSG00000115073,ACTR1B,ENSMUSG00000037351,Actr1b,ortholog_one2one,1
ENSG00000004059,ARF5,ENSMUSG00000020440,Arf5,ortholog_one2one,1
ENSG00000106305,AIMP2,ENSMUSG00000029610,Aimp2,ortholog_one2one,1
ENSG00000157766,ACAN,ENSMUSG00000030607,Acan,ortholog_one2one,1
ENSG00000011132,APBA3,ENSMUSG00000004931,Apba3,ortholog_one2one,1
ENSG00000140750,ARHGAP17,ENSMUSG00000030766,Arhgap17,ortholog_one2one,1
ENSG00000101986,ABCD1,ENSMUSG00000031378,Abcd1,ortholog_one2one,1
ENSG00000177646,ACAD9,ENSMUSG00000027710,Acad9,ortholog_one2one,1
ENSG00000168306,ACOX2,ENSMUSG00000021751,Acox2,ortholog_one2one,1
ENSG00000182718,ANXA2,ENSMUSG00000032231,Anxa2,ortholog_one2one,1
ENSG00000179841,AKAP5,ENSMUSG00000021057,Akap5,ortholog_one2one,0
ENSG00000176244,ACBD7,ENSMUSG00000026644,Acbd7,ortholog_one2one,1
ENSG00000075089,ACTR6,ENSMUSG00000019948,Actr6,ortholog_one2one,1
ENSG00000183020,AP2A2,ENSMUSG00000002957,Ap2a2,ortholog_one2one,1
ENSG00000087274,ADD1,ENSMUSG00000029106,Add1,ortholog_one2one,1
ENSG00000110244,APOA4,ENSMUSG00000032080,Apoa4,ortholog_one2one,1
ENSG00000119640,ACYP1,,,,NA
ENSG00000118137,APOA1,ENSMUSG00000032083,Apoa1,ortholog_one2one,1
ENSG00000130377,ACSBG2,ENSMUSG00000024207,Acsbg2,ortholog_one2one,1
ENSG00000122359,ANXA11,ENSMUSG00000021866,Anxa11,ortholog_one2one,1
ENSG00000112294,ALDH5A1,ENSMUSG00000035936,Aldh5a1,ortholog_one2one,1
ENSG00000011201,ANOS1,,,,NA
ENSG00000165138,ANKS6,ENSMUSG00000066191,Anks6,ortholog_one2one,1
ENSG00000180071,ANKRD18A,,,,NA
ENSG00000167107,ACSF2,ENSMUSG00000076435,Acsf2,ortholog_one2one,1
ENSG00000119688,ABCD4,ENSMUSG00000021240,Abcd4,ortholog_one2one,1
ENSG00000187134,AKR1C1,,,,NA
ENSG00000003393,ALS2,ENSMUSG00000026024,Als2,ortholog_one2one,1
ENSG00000121057,AKAP1,ENSMUSG00000018428,Akap1,ortholog_one2one,1
ENSG00000139567,ACVRL1,ENSMUSG00000000530,Acvrl1,ortholog_one2one,1
ENSG00000106524,ANKMY2,ENSMUSG00000036188,Ankmy2,ortholog_one2one,1
ENSG00000204673,AKT1S1,ENSMUSG00000011096,Akt1s1,ortholog_one2one,1
ENSG00000170017,ALCAM,ENSMUSG00000022636,Alcam,ortholog_one2one,1
ENSG00000110711,AIP,ENSMUSG00000024847,Aip,ortholog_one2one,1
ENSG00000100813,ACIN1,ENSMUSG00000022185,Acin1,ortholog_one2one,1
ENSG00000072818,ACAP1,ENSMUSG00000001588,Acap1,ortholog_one2one,1
ENSG00000170214,ADRA1B,ENSMUSG00000050541,Adra1b,ortholog_one2one,1
ENSG00000196139,AKR1C3,,,,NA
ENSG00000107362,ABHD17B,ENSMUSG00000047368,Abhd17b,ortholog_one2one,1
ENSG00000136938,ANP32B,ENSMUSG00000028333,Anp32b,ortholog_one2many,1
ENSG00000136938,ANP32B,ENSMUSG00000028584,Lrrc38,ortholog_one2many,0
ENSG00000008277,ADAM22,ENSMUSG00000040537,Adam22,ortholog_one2one,1
ENSG00000121410,A1BG,ENSMUSG00000022347,A1bg,ortholog_one2one,0
ENSG00000173744,AGFG1,ENSMUSG00000026159,Agfg1,ortholog_one2one,1
ENSG00000189058,APOD,ENSMUSG00000022548,Apod,ortholog_one2one,1
ENSG00000123612,ACVR1C,ENSMUSG00000026834,Acvr1c,ortholog_one2one,1
ENSG00000122971,ACADS,ENSMUSG00000029545,Acads,ortholog_one2one,1
ENSG00000154262,ABCA6,ENSMUSG00000044749,Abca6,ortholog_one2one,1
ENSG00000221838,AP4M1,ENSMUSG00000019518,Ap4m1,ortholog_one2one,1
ENSG00000042286,AIFM2,ENSMUSG00000020085,Aifm2,ortholog_one2one,1
ENSG00000081014,AP4E1,ENSMUSG00000001998,Ap4e1,ortholog_one2one,1
ENSG00000026652,AGPAT4,ENSMUSG00000023827,Agpat4,ortholog_one2one,1
ENSG00000120318,ARAP3,ENSMUSG00000024451,Arap3,ortholog_one2one,1
ENSG00000126878,AIF1L,ENSMUSG00000001864,Aif1l,ortholog_one2one,1
ENSG00000112379,ARFGEF3,ENSMUSG00000019852,Arfgef3,ortholog_one2one,1
ENSG00000066777,ARFGEF1,ENSMUSG00000067851,Arfgef1,ortholog_one2one,1
ENSG00000181790,ADGRB1,ENSMUSG00000034730,Adgrb1,ortholog_one2one,1
ENSG00000122787,AKR1D1,ENSMUSG00000038641,Akr1d1,ortholog_one2one,1
ENSG00000177465,ACOT4,ENSMUSG00000052392,Acot4,ortholog_one2one,1
ENSG00000119711,ALDH6A1,ENSMUSG00000021238,Aldh6a1,ortholog_one2one,1
ENSG00000062725,APPBP2,ENSMUSG00000018481,Appbp2,ortholog_one2one,1
ENSG00000186635,ARAP1,ENSMUSG00000032812,Arap1,ortholog_one2one,1
ENSG00000106351,AGFG2,ENSMUSG00000029722,Agfg2,ortholog_one2one,1
ENSG00000168615,ADAM9,ENSMUSG00000031555,Adam9,ortholog_one2one,1
ENSG00000173210,ABLIM3,ENSMUSG00000032735,Ablim3,ortholog_one2one,1
ENSG00000154122,ANKH,ENSMUSG00000022265,Ank,ortholog_one2one,1
ENSG00000239382,ALKBH6,ENSMUSG00000042831,Alkbh6,ortholog_one2one,1
ENSG00000078053,AMPH,ENSMUSG00000021314,Amph,ortholog_one2one,1
ENSG00000150967,ABCB9,ENSMUSG00000029408,Abcb9,ortholog_one2one,1
ENSG00000166971,AKTIP,ENSMUSG00000031667,Aktip,ortholog_one2one,1
ENSG00000042753,AP2S1,ENSMUSG00000008036,Ap2s1,ortholog_one2one,1
ENSG00000053900,ANAPC4,ENSMUSG00000029176,Anapc4,ortholog_one2one,1
ENSG00000138613,APH1B,ENSMUSG00000053040,Aph1c,ortholog_one2many,1
ENSG00000138613,APH1B,ENSMUSG00000032375,Aph1b,ortholog_one2many,1
ENSG00000072071,ADGRL1,ENSMUSG00000013033,Adgrl1,ortholog_one2one,1
ENSG00000105221,AKT2,ENSMUSG00000004056,Akt2,ortholog_one2one,1
ENSG00000131471,AOC3,ENSMUSG00000019326,Aoc3,ortholog_one2one,1
ENSG00000087008,ACOX3,ENSMUSG00000029098,Acox3,ortholog_one2one,1
ENSG00000103723,AP3B2,ENSMUSG00000062444,Ap3b2,ortholog_one2one,1
ENSG00000205336,ADGRG1,ENSMUSG00000031785,Adgrg1,ortholog_one2one,1
ENSG00000063761,ADCK1,ENSMUSG00000021044,Adck1,ortholog_one2one,1
ENSG00000213983,AP1G2,ENSMUSG00000040701,Ap1g2,ortholog_one2one,1
ENSG00000119523,ALG2,ENSMUSG00000039740,Alg2,ortholog_one2one,1
ENSG00000107331,ABCA2,ENSMUSG00000026944,Abca2,ortholog_one2one,1
ENSG00000160746,ANO10,ENSMUSG00000037949,Ano10,ortholog_one2one,1
ENSG00000272031,ANKRD34A,ENSMUSG00000049097,Ankrd34a,ortholog_one2one,1
ENSG00000136383,ALPK3,ENSMUSG00000038763,Alpk3,ortholog_one2one,1
ENSG00000173208,ABCD2,ENSMUSG00000055782,Abcd2,ortholog_one2one,1
ENSG00000072110,ACTN1,ENSMUSG00000015143,Actn1,ortholog_one2one,1
ENSG00000164144,ARFIP1,ENSMUSG00000074513,Arfip1,ortholog_one2one,1
ENSG00000119673,ACOT2,ENSMUSG00000021226,Acot2,ortholog_many2many,1
ENSG00000119673,ACOT2,ENSMUSG00000021228,Acot3,ortholog_many2many,1
ENSG00000119673,ACOT2,ENSMUSG00000042540,Acot5,ortholog_many2many,1
ENSG00000119673,ACOT2,ENSMUSG00000072949,Acot1,ortholog_many2many,1
ENSG00000130203,APOE,ENSMUSG00000002985,Apoe,ortholog_one2one,1
ENSG00000120868,APAF1,ENSMUSG00000019979,Apaf1,ortholog_one2one,1
ENSG00000186106,ANKRD46,ENSMUSG00000048307,Ankrd46,ortholog_one2one,1
ENSG00000128918,ALDH1A2,ENSMUSG00000013584,Aldh1a2,ortholog_one2one,1
ENSG00000148513,ANKRD30A,,,,NA
ENSG00000185722,ANKFY1,ENSMUSG00000020790,Ankfy1,ortholog_one2one,1
ENSG00000065000,AP3D1,ENSMUSG00000020198,Ap3d1,ortholog_one2one,1
ENSG00000047365,ARAP2,ENSMUSG00000037999,Arap2,ortholog_one2one,1
ENSG00000155897,ADCY8,ENSMUSG00000022376,Adcy8,ortholog_one2one,1
ENSG00000029534,ANK1,ENSMUSG00000031543,Ank1,ortholog_one2one,1
ENSG00000185009,AP3M1,ENSMUSG00000021824,Ap3m1,ortholog_one2one,1
ENSG00000176915,ANKLE2,ENSMUSG00000029501,Ankle2,ortholog_one2one,1
ENSG00000165029,ABCA1,ENSMUSG00000015243,Abca1,ortholog_one2one,1
ENSG00000159461,AMFR,ENSMUSG00000031751,Amfr,ortholog_one2one,1
ENSG00000157823,AP3S2,ENSMUSG00000063801,Ap3s2,ortholog_one2one,1
ENSG00000175899,A2M,ENSMUSG00000030111,A2m,ortholog_one2one,1
ENSG00000134262,AP4B1,ENSMUSG00000032952,Ap4b1,ortholog_one2one,1
ENSG00000197177,ADGRA1,ENSMUSG00000025475,Adgra1,ortholog_one2one,1
ENSG00000011426,ANLN,ENSMUSG00000036777,Anln,ortholog_one2one,1
ENSG00000133612,AGAP3,ENSMUSG00000023353,Agap3,ortholog_one2one,1
ENSG00000072958,AP1M1,ENSMUSG00000003033,Ap1m1,ortholog_one2one,1
ENSG00000109107,ALDOC,ENSMUSG00000017390,Aldoc,ortholog_one2one,1
ENSG00000138031,ADCY3,ENSMUSG00000020654,Adcy3,ortholog_one2one,1
ENSG00000100823,APEX1,ENSMUSG00000035960,Apex1,ortholog_one2one,1
ENSG00000164022,AIMP1,ENSMUSG00000028029,Aimp1,ortholog_one2one,1
ENSG00000196975,ANXA4,ENSMUSG00000029994,Anxa4,ortholog_one2one,1
ENSG00000151743,AMN1,ENSMUSG00000068250,Amn1,ortholog_one2one,1
ENSG00000172493,AFF1,ENSMUSG00000029313,Aff1,ortholog_one2one,1
ENSG00000106077,ABHD11,ENSMUSG00000040532,Abhd11,ortholog_one2one,1
ENSG00000173175,ADCY5,ENSMUSG00000022840,Adcy5,ortholog_one2one,1
ENSG00000112304,ACOT13,ENSMUSG00000006717,Acot13,ortholog_one2one,1
ENSG00000111058,ACSS3,ENSMUSG00000035948,Acss3,ortholog_one2one,1
ENSG00000164163,ABCE1,ENSMUSG00000058355,Abce1,ortholog_one2one,1
ENSG00000165695,AK8,ENSMUSG00000026807,Ak8,ortholog_one2one,1
ENSG00000106992,AK1,ENSMUSG00000026817,Ak1,ortholog_one2one,1
ENSG00000089053,ANAPC5,ENSMUSG00000029472,Anapc5,ortholog_one2one,1
ENSG00000128805,ARHGAP22,ENSMUSG00000063506,Arhgap22,ortholog_one2one,1
ENSG00000137124,ALDH1B1,ENSMUSG00000035561,Aldh1b1,ortholog_one2one,1
ENSG00000197150,ABCB8,ENSMUSG00000028973,Abcb8,ortholog_one2one,1
ENSG00000162104,ADCY9,ENSMUSG00000005580,Adcy9,ortholog_one2one,1
ENSG00000132466,ANKRD17,ENSMUSG00000055204,Ankrd17,ortholog_one2one,1
ENSG00000115977,AAK1,ENSMUSG00000057230,Aak1,ortholog_one2one,1
ENSG00000151150,ANK3,ENSMUSG00000069601,Ank3,ortholog_one2one,0
ENSG00000168374,ARF4,ENSMUSG00000021877,Arf4,ortholog_one2one,1
ENSG00000177119,ANO6,ENSMUSG00000064210,Ano6,ortholog_one2one,1
ENSG00000166743,ACSM1,ENSMUSG00000033533,Acsm1,ortholog_one2one,1
ENSG00000148218,ALAD,ENSMUSG00000028393,Alad,ortholog_one2one,1
ENSG00000176248,ANAPC2,ENSMUSG00000026965,Anapc2,ortholog_one2one,1
ENSG00000169129,AFAP1L2,ENSMUSG00000025083,Afap1l2,ortholog_one2one,1
ENSG00000134343,ANO3,ENSMUSG00000074968,Ano3,ortholog_one2one,1
ENSG00000165660,ABRAXAS2,ENSMUSG00000030965,Abraxas2,ortholog_one2one,1
ENSG00000107897,ACBD5,ENSMUSG00000026781,Acbd5,ortholog_one2one,1
ENSG00000184009,ACTG1,ENSMUSG00000062825,Actg1,ortholog_one2one,1
ENSG00000078549,ADCYAP1R1,ENSMUSG00000029778,Adcyap1r1,ortholog_one2one,1
ENSG00000078295,ADCY2,ENSMUSG00000021536,Adcy2,ortholog_one2one,1
ENSG00000115657,ABCB6,ENSMUSG00000026198,Abcb6,ortholog_one2one,1
ENSG00000143322,ABL2,ENSMUSG00000026596,Abl2,ortholog_one2one,1
ENSG00000196616,ADH1B,ENSMUSG00000074207,Adh1,ortholog_one2many,1
ENSG00000158467,AHCYL2,ENSMUSG00000029772,Ahcyl2,ortholog_one2one,1
ENSG00000166025,AMOTL1,ENSMUSG00000013076,Amotl1,ortholog_one2one,1
ENSG00000124574,ABCC10,ENSMUSG00000032842,Abcc10,ortholog_one2one,1
ENSG00000138772,ANXA3,ENSMUSG00000029484,Anxa3,ortholog_one2one,1
ENSG00000198931,APRT,ENSMUSG00000006589,Aprt,ortholog_one2one,1
ENSG00000196177,ACADSB,ENSMUSG00000030861,Acadsb,ortholog_one2one,1
ENSG00000137727,ARHGAP20,ENSMUSG00000053199,Arhgap20,ortholog_one2one,1
ENSG00000099204,ABLIM1,ENSMUSG00000025085,Ablim1,ortholog_one2one,1
ENSG00000107863,ARHGAP21,ENSMUSG00000036591,Arhgap21,ortholog_one2one,1
ENSG00000151320,AKAP6,ENSMUSG00000061603,Akap6,ortholog_one2one,1
ENSG00000155085,AK9,ENSMUSG00000091415,Ak9,ortholog_one2one,1
ENSG00000118777,ABCG2,ENSMUSG00000029299,Abcg3,ortholog_one2one,0
ENSG00000053371,AKR7A2,,,,NA
ENSG00000079557,AFM,ENSMUSG00000029369,Afm,ortholog_one2one,1
ENSG00000264230,ANXA8L1,ENSMUSG00000021950,Anxa8,ortholog_one2many,1
ENSG00000204427,ABHD16A,ENSMUSG00000007036,Abhd16a,ortholog_one2one,1
ENSG00000157510,AFAP1L1,ENSMUSG00000033032,Afap1l1,ortholog_one2one,1
ENSG00000131016,AKAP12,ENSMUSG00000038587,Akap12,ortholog_one2one,1
ENSG00000142208,AKT1,ENSMUSG00000001729,Akt1,ortholog_one2one,1
ENSG00000151458,ANKRD50,ENSMUSG00000044864,Ankrd50,ortholog_one2one,0
ENSG00000075624,ACTB,ENSMUSG00000029580,Actb,ortholog_one2one,1
ENSG00000006125,AP2B1,ENSMUSG00000035152,Ap2b1,ortholog_one2one,1
ENSG00000153207,AHCTF1,ENSMUSG00000026491,Ahctf1,ortholog_one2one,1
ENSG00000074855,ANO8,ENSMUSG00000034863,Ano8,ortholog_one2one,1
ENSG00000275832,ARHGAP23,ENSMUSG00000049807,Arhgap23,ortholog_one2one,1
ENSG00000105963,ADAP1,ENSMUSG00000056413,Adap1,ortholog_one2one,1
ENSG00000121281,ADCY7,ENSMUSG00000031659,Adcy7,ortholog_one2one,1
ENSG00000240583,AQP1,ENSMUSG00000004655,Aqp1,ortholog_one2one,1
ENSG00000138279,ANXA7,ENSMUSG00000021814,Anxa7,ortholog_one2one,1
ENSG00000135537,AFG1L,ENSMUSG00000038302,Afg1l,ortholog_one2one,1
ENSG00000085662,AKR1B1,ENSMUSG00000001642,Akr1b1,ortholog_one2one,1
ENSG00000150471,ADGRL3,ENSMUSG00000037605,Adgrl3,ortholog_one2one,1
ENSG00000132842,AP3B1,ENSMUSG00000021686,Ap3b1,ortholog_one2one,1
ENSG00000001629,ANKIB1,ENSMUSG00000040351,Ankib1,ortholog_one2one,1
ENSG00000129354,AP1M2,ENSMUSG00000003309,Ap1m2,ortholog_one2one,1
ENSG00000136754,ABI1,ENSMUSG00000058835,Abi1,ortholog_one2one,1
ENSG00000126070,AGO3,ENSMUSG00000028842,Ago3,ortholog_one2one,1
ENSG00000151572,ANO4,ENSMUSG00000035189,Ano4,ortholog_one2one,1
ENSG00000130396,AFDN,ENSMUSG00000068036,Afdn,ortholog_one2one,1
ENSG00000160993,ALKBH4,ENSMUSG00000039754,Alkbh4,ortholog_one2one,1
ENSG00000154263,ABCA10,,,,NA
ENSG00000095139,ARCN1,ENSMUSG00000032096,Arcn1,ortholog_one2one,1
ENSG00000145020,AMT,ENSMUSG00000032607,Amt,ortholog_one2one,1
ENSG00000179869,ABCA13,ENSMUSG00000004668,Abca13,ortholog_one2one,1
ENSG00000144827,ABHD10,ENSMUSG00000033157,Abhd10,ortholog_one2one,1
ENSG00000138639,ARHGAP24,ENSMUSG00000057315,Arhgap24,ortholog_one2one,1
ENSG00000164111,ANXA5,ENSMUSG00000027712,Anxa5,ortholog_one2one,1
ENSG00000166535,A2ML1,,,,NA
ENSG00000105290,APLP1,ENSMUSG00000006651,Aplp1,ortholog_one2one,1
ENSG00000161204,ABCF3,ENSMUSG00000003234,Abcf3,ortholog_one2one,1
ENSG00000141338,ABCA8,ENSMUSG00000020620,Abca8b,ortholog_one2one,1
ENSG00000105186,ANKRD27,ENSMUSG00000034867,Ankrd27,ortholog_one2one,1
ENSG00000084234,APLP2,ENSMUSG00000031996,Aplp2,ortholog_one2one,1
ENSG00000149182,ARFGAP2,ENSMUSG00000027255,Arfgap2,ortholog_one2one,1
ENSG00000065413,ANKRD44,ENSMUSG00000052331,Ankrd44,ortholog_one2one,1
ENSG00000108798,ABI3,ENSMUSG00000018381,Abi3,ortholog_one2one,1
ENSG00000133627,ACTR3B,ENSMUSG00000056367,Actr3b,ortholog_one2many,1
ENSG00000116127,ALMS1,ENSMUSG00000063810,Alms1,ortholog_one2one,0
ENSG00000196704,AMZ2,ENSMUSG00000020610,Amz2,ortholog_one2one,1
ENSG00000127914,AKAP9,ENSMUSG00000040407,Akap9,ortholog_one2one,1
ENSG00000089847,ANKRD24,ENSMUSG00000054708,Ankrd24,ortholog_one2one,1
ENSG00000196961,AP2A1,ENSMUSG00000060279,Ap2a1,ortholog_one2one,1
ENSG00000134287,ARF3,ENSMUSG00000051853,Arf3,ortholog_one2one,1
ENSG00000127220,ABHD8,ENSMUSG00000007950,Abhd8,ortholog_one2one,1
ENSG00000106367,AP1S1,ENSMUSG00000004849,Ap1s1,ortholog_one2one,1
ENSG00000185046,ANKS1B,ENSMUSG00000058589,Anks1b,ortholog_one2one,1
ENSG00000132254,ARFIP2,ENSMUSG00000030881,Arfip2,ortholog_one2one,1
ENSG00000136010,ALDH1L2,ENSMUSG00000020256,Aldh1l2,ortholog_one2one,1
ENSG00000113108,APBB3,ENSMUSG00000117679,Apbb3,ortholog_one2one,1
ENSG00000076513,ANKRD13A,ENSMUSG00000041870,Ankrd13a,ortholog_one2one,1
ENSG00000076555,ACACB,ENSMUSG00000042010,Acacb,ortholog_one2one,1
ENSG00000197043,ANXA6,ENSMUSG00000018340,Anxa6,ortholog_one2one,1
ENSG00000177879,AP3S1,ENSMUSG00000024480,Ap3s1,ortholog_one2one,1
ENSG00000117114,ADGRL2,ENSMUSG00000028184,Adgrl2,ortholog_one2one,1
ENSG00000006530,AGK,ENSMUSG00000029916,Agk,ortholog_one2one,1
ENSG00000181409,AATK,ENSMUSG00000025375,Aatk,ortholog_one2one,1
ENSG00000164904,ALDH7A1,ENSMUSG00000053644,Aldh7a1,ortholog_one2one,1
ENSG00000072210,ALDH3A2,ENSMUSG00000010025,Aldh3a2,ortholog_one2one,1
ENSG00000186063,AIDA,ENSMUSG00000042901,Aida,ortholog_one2one,1
ENSG00000174233,ADCY6,ENSMUSG00000022994,Adcy6,ortholog_one2one,1
ENSG00000161203,AP2M1,ENSMUSG00000022841,Ap2m1,ortholog_one2one,1
ENSG00000144218,AFF3,ENSMUSG00000037138,Aff3,ortholog_one2one,1
ENSG00000018510,AGPS,ENSMUSG00000042410,Agps,ortholog_one2one,1
ENSG00000266967,AARSD1,ENSMUSG00000075528,Aarsd1,ortholog_one2one,1
ENSG00000119844,AFTPH,ENSMUSG00000049659,Aftph,ortholog_one2one,1
ENSG00000086848,ALG9,ENSMUSG00000032059,Alg9,ortholog_one2one,1
ENSG00000011198,ABHD5,ENSMUSG00000032540,Abhd5,ortholog_one2one,1
ENSG00000154265,ABCA5,ENSMUSG00000018800,Abca5,ortholog_one2one,1
ENSG00000124942,AHNAK,ENSMUSG00000069833,Ahnak,ortholog_one2one,1
ENSG00000137760,ALKBH8,ENSMUSG00000025899,Alkbh8,ortholog_one2one,1
ENSG00000133805,AMPD3,ENSMUSG00000005686,Ampd3,ortholog_one2one,1
ENSG00000254470,AP5B1,ENSMUSG00000049562,Ap5b1,ortholog_one2one,1
ENSG00000144452,ABCA12,ENSMUSG00000050296,Abca12,ortholog_one2one,1
ENSG00000168710,AHCYL1,ENSMUSG00000027893,Ahcyl1,ortholog_one2one,1
ENSG00000060971,ACAA1,ENSMUSG00000036138,Acaa1a,ortholog_one2many,0
ENSG00000060971,ACAA1,ENSMUSG00000010651,Acaa1b,ortholog_one2many,1
ENSG00000154175,ABI3BP,ENSMUSG00000035258,Abi3bp,ortholog_one2one,1
ENSG00000084674,APOB,ENSMUSG00000020609,Apob,ortholog_one2one,1
ENSG00000278540,ACACA,ENSMUSG00000020532,Acaca,ortholog_one2one,1
ENSG00000174501,ANKRD36C,,,,NA
ENSG00000170634,ACYP2,ENSMUSG00000060923,Acyp2,ortholog_one2one,0
ENSG00000117020,AKT3,ENSMUSG00000019699,Akt3,ortholog_one2one,1
ENSG00000166181,API5,ENSMUSG00000027193,Api5,ortholog_one2one,1
ENSG00000144908,ALDH1L1,ENSMUSG00000030088,Aldh1l1,ortholog_one2one,1
ENSG00000185101,ANO9,ENSMUSG00000054662,Ano9,ortholog_one2one,1
ENSG00000149313,AASDHPPT,ENSMUSG00000025894,Aasdhppt,ortholog_one2one,1
ENSG00000075239,ACAT1,ENSMUSG00000032047,Acat1,ortholog_one2one,1
ENSG00000154258,ABCA9,ENSMUSG00000041797,Abca9,ortholog_one2one,1
ENSG00000114331,ACAP2,ENSMUSG00000049076,Acap2,ortholog_one2one,1
ENSG00000163686,ABHD6,ENSMUSG00000025277,Abhd6,ortholog_one2one,1
ENSG00000206560,ANKRD28,ENSMUSG00000014496,Ankrd28,ortholog_one2one,1
ENSG00000138071,ACTR2,ENSMUSG00000020152,Actr2,ortholog_one2one,1
ENSG00000172932,ANKRD13D,ENSMUSG00000005986,Ankrd13d,ortholog_one2one,1
ENSG00000160710,ADAR,ENSMUSG00000027951,Adar,ortholog_one2one,1
ENSG00000114948,ADAM23,ENSMUSG00000025964,Adam23,ortholog_one2one,1
ENSG00000158859,ADAMTS4,ENSMUSG00000006403,Adamts4,ortholog_one2one,1
ENSG00000092847,AGO1,ENSMUSG00000041530,Ago1,ortholog_one2one,1
ENSG00000174606,ANGEL2,ENSMUSG00000026634,Angel2,ortholog_one2one,1
ENSG00000164062,APEH,ENSMUSG00000032590,Apeh,ortholog_one2one,1
ENSG00000121989,ACVR2A,ENSMUSG00000052155,Acvr2a,ortholog_one2one,1
ENSG00000169604,ANTXR1,ENSMUSG00000033420,Antxr1,ortholog_one2one,1
ENSG00000075340,ADD2,ENSMUSG00000030000,Add2,ortholog_one2one,1
ENSG00000114770,ABCC5,ENSMUSG00000022822,Abcc5,ortholog_one2one,1
ENSG00000163485,ADORA1,ENSMUSG00000042429,Adora1,ortholog_one2one,1
ENSG00000117448,AKR1A1,ENSMUSG00000028692,Akr1a1,ortholog_one2one,1
ENSG00000123983,ACSL3,ENSMUSG00000032883,Acsl3,ortholog_one2one,1
ENSG00000143727,ACP1,,,,NA
ENSG00000143632,ACTA1,ENSMUSG00000031972,Acta1,ortholog_one2one,1
ENSG00000035687,ADSS2,ENSMUSG00000015961,Adss2,ortholog_one2one,1
ENSG00000162433,AK4,ENSMUSG00000028527,Ak4,ortholog_one2many,1
ENSG00000163568,AIM2,ENSMUSG00000037860,Aim2,ortholog_one2one,1
ENSG00000075884,ARHGAP15,ENSMUSG00000049744,Arhgap15,ortholog_one2one,1
ENSG00000151687,ANKAR,ENSMUSG00000039342,Ankar,ortholog_one2one,1
ENSG00000188157,AGRN,ENSMUSG00000041936,Agrn,ortholog_one2one,1
ENSG00000163219,ARHGAP25,ENSMUSG00000030047,Arhgap25,ortholog_one2one,1
ENSG00000135776,ABCB10,ENSMUSG00000031974,Abcb10,ortholog_one2one,1
ENSG00000117528,ABCD3,ENSMUSG00000028127,Abcd3,ortholog_one2one,1
ENSG00000116337,AMPD2,ENSMUSG00000027889,Ampd2,ortholog_one2one,1
ENSG00000127837,AAMP,ENSMUSG00000006299,Aamp,ortholog_one2one,1
ENSG00000162551,ALPL,ENSMUSG00000028766,Alpl,ortholog_one2one,1
ENSG00000115170,ACVR1,ENSMUSG00000026836,Acvr1,ortholog_one2one,1
ENSG00000116771,AGMAT,ENSMUSG00000040706,Agmat,ortholog_one2one,1
ENSG00000157985,AGAP1,ENSMUSG00000055013,Agap1,ortholog_one2one,1
ENSG00000182827,ACBD3,ENSMUSG00000026499,Acbd3,ortholog_one2one,1
ENSG00000115091,ACTR3,ENSMUSG00000026341,Actr3,ortholog_one2one,1
ENSG00000143149,ALDH9A1,ENSMUSG00000026687,Aldh9a1,ortholog_one2one,1
ENSG00000004455,AK2,ENSMUSG00000028792,Ak2,ortholog_one2one,1
ENSG00000158874,APOA2,ENSMUSG00000005681,Apoa2,ortholog_one2one,1
ENSG00000097021,ACOT7,ENSMUSG00000028937,Acot7,ortholog_one2one,1
ENSG00000135744,AGT,ENSMUSG00000031980,Agt,ortholog_one2one,1
ENSG00000154027,AK5,ENSMUSG00000039058,Ak5,ortholog_one2one,1
ENSG00000186094,AGBL4,ENSMUSG00000061298,Agbl4,ortholog_one2one,1
ENSG00000134698,AGO4,ENSMUSG00000042500,Ago4,ortholog_one2one,1
ENSG00000230124,ACBD6,ENSMUSG00000033701,Acbd6,ortholog_one2one,1
ENSG00000077522,ACTN2,ENSMUSG00000052374,Actn2,ortholog_one2one,1
ENSG00000143401,ANP32E,ENSMUSG00000015749,Anp32e,ortholog_one2one,1
ENSG00000143537,ADAM15,ENSMUSG00000028041,Adam15,ortholog_one2one,1
ENSG00000162688,AGL,ENSMUSG00000033400,Agl,ortholog_one2one,1
ENSG00000131584,ACAP3,ENSMUSG00000029033,Acap3,ortholog_one2one,1
ENSG00000181754,AMIGO1,ENSMUSG00000050947,Amigo1,ortholog_one2one,1
ENSG00000159423,ALDH4A1,ENSMUSG00000028737,Aldh4a1,ortholog_one2one,1
ENSG00000198483,ANKRD35,ENSMUSG00000038354,Ankrd35,ortholog_one2one,1
ENSG00000121753,ADGRB2,ENSMUSG00000028782,Adgrb2,ortholog_one2one,1
ENSG00000196581,AJAP1,ENSMUSG00000039546,Ajap1,ortholog_one2one,1
ENSG00000162390,ACOT11,ENSMUSG00000034853,Acot11,ortholog_one2one,1
ENSG00000117054,ACADM,ENSMUSG00000062908,Acadm,ortholog_one2one,1
ENSG00000292224,ASPN,,,,NA
ENSG00000288512,C1R,,,,NA
ENSG00000280689,BORCS5,,,,NA
ENSG00000292339,ASMTL,,,,NA
ENSG00000291428,BRSK2,,,,NA
ENSG00000284838,C1QTNF4,,,,NA
ENSG00000285479,CACNA1C,,,,NA
ENSG00000270181,BIVM-ERCC5,,,,NA
ENSG00000281089,ATG16L1,,,,NA
ENSG00000285369,BLK,,,,NA
ENSG00000262145,ATP23,,,,NA
ENSG00000068650,ATP11A,ENSMUSG00000031441,Atp11a,ortholog_one2one,1
ENSG00000157617,C2CD2,ENSMUSG00000045975,C2cd2,ortholog_one2one,1
ENSG00000277222,BTBD7,,,,NA
ENSG00000154723,ATP5PF,ENSMUSG00000022890,Atp5pf,ortholog_one2one,1
ENSG00000274273,ATP9B,,,,NA
ENSG00000282266,ATP9B,,,,NA
ENSG00000100346,CACNA1I,ENSMUSG00000022416,Cacna1i,ortholog_one2one,1
ENSG00000278823,BMERB1,,,,NA
ENSG00000152234,ATP5F1A,ENSMUSG00000025428,Atp5f1a,ortholog_one2one,1
ENSG00000166377,ATP9B,ENSMUSG00000024566,Atp9b,ortholog_one2one,1
ENSG00000282830,CALB2,,,,NA
ENSG00000139618,BRCA2,ENSMUSG00000041147,Brca2,ortholog_one2one,1
ENSG00000132932,ATP8A2,ENSMUSG00000021983,Atp8a2,ortholog_one2one,1
ENSG00000196440,ARMCX4,ENSMUSG00000049804,Armcx4,ortholog_one2one,1
ENSG00000185825,BCAP31,ENSMUSG00000002015,Bcap31,ortholog_one2one,1
ENSG00000101974,ATP11C,ENSMUSG00000062949,Atp11c,ortholog_one2one,1
ENSG00000241837,ATP5PO,ENSMUSG00000022956,Atp5po,ortholog_one2one,1
ENSG00000171791,BCL2,ENSMUSG00000057329,Bcl2,ortholog_one2one,1
ENSG00000285390,ATP5IF1,,,,NA
ENSG00000165240,ATP7A,ENSMUSG00000033792,Atp7a,ortholog_one2one,1
ENSG00000204439,C6orf47,ENSMUSG00000043311,D17H6S53E,ortholog_one2one,1
ENSG00000081923,ATP8B1,ENSMUSG00000039529,Atp8b1,ortholog_one2one,1
ENSG00000281670,CABIN1,,,,NA
ENSG00000100325,ASCC2,ENSMUSG00000020412,Ascc2,ortholog_one2one,1
ENSG00000178372,CALML5,ENSMUSG00000033765,Calm4,ortholog_one2many,0
ENSG00000178372,CALML5,ENSMUSG00000099269,Calm5,ortholog_one2many,0
ENSG00000166862,CACNG2,ENSMUSG00000019146,Cacng2,ortholog_one2one,1
ENSG00000277101,ARHGEF26,,,,NA
ENSG00000134508,CABLES1,ENSMUSG00000040957,Cables1,ortholog_one2one,1
ENSG00000142408,CACNG8,ENSMUSG00000053395,Cacng8,ortholog_one2one,1
ENSG00000187676,B3GLCT,ENSMUSG00000051950,B3glct,ortholog_one2one,1
ENSG00000100425,BRD1,ENSMUSG00000022387,Brd1,ortholog_one2one,1
ENSG00000102547,CAB39L,ENSMUSG00000021981,Cab39l,ortholog_one2one,1
ENSG00000088756,ARHGAP28,ENSMUSG00000024043,Arhgap28,ortholog_one2one,1
ENSG00000282854,ASAP3,,,,NA
ENSG00000275544,BDH1,,,,NA
ENSG00000248713,C4orf54,ENSMUSG00000090066,1110002E22Rik,ortholog_one2one,1
ENSG00000292170,BTN2A1,,,,NA
ENSG00000274803,BDP1,,,,NA
ENSG00000196544,BORCS6,ENSMUSG00000045176,Borcs6,ortholog_one2one,1
ENSG00000010671,BTK,ENSMUSG00000031264,Btk,ortholog_one2one,1
ENSG00000108684,ASIC2,ENSMUSG00000020704,Asic2,ortholog_one2one,1
ENSG00000071553,ATP6AP1,ENSMUSG00000019087,Atp6ap1,ortholog_one2one,1
ENSG00000282813,ARMC10,,,,NA
ENSG00000248919,ATP5MF-PTCD1,,,,NA
ENSG00000273873,BDP1,,,,NA
ENSG00000099889,ARVCF,ENSMUSG00000118669,Arvcf,ortholog_one2one,1
ENSG00000102606,ARHGEF7,ENSMUSG00000031511,Arhgef7,ortholog_one2one,1
ENSG00000256806,C17orf100,ENSMUSG00000053574,4930563E22Rik,ortholog_one2one,1
ENSG00000099991,CABIN1,ENSMUSG00000020196,Cabin1,ortholog_one2one,1
ENSG00000156735,BAG4,ENSMUSG00000037316,Bag4,ortholog_one2one,1
ENSG00000250151,ARPC4-TTLL3,,,,NA
ENSG00000164061,BSN,ENSMUSG00000032589,Bsn,ortholog_one2one,1
ENSG00000099968,BCL2L13,ENSMUSG00000009112,Bcl2l13,ortholog_one2one,1
ENSG00000229524,BAG6,,,,NA
ENSG00000141431,ASXL3,ENSMUSG00000045215,Asxl3,ortholog_one2one,1
ENSG00000274726,ARHGEF10,,,,NA
ENSG00000129675,ARHGEF6,ENSMUSG00000031133,Arhgef6,ortholog_one2one,1
ENSG00000233641,C6orf136,,,,NA
ENSG00000183475,ASB7,ENSMUSG00000030509,Asb7,ortholog_one2one,1
ENSG00000223752,ATAT1,,,,NA
ENSG00000105552,BCAT2,ENSMUSG00000030826,Bcat2,ortholog_one2one,1
ENSG00000185658,BRWD1,ENSMUSG00000022914,Brwd1,ortholog_one2one,1
ENSG00000148408,CACNA1B,ENSMUSG00000004113,Cacna1b,ortholog_one2one,1
ENSG00000140463,BBS4,ENSMUSG00000025235,Bbs4,ortholog_one2one,1
ENSG00000128203,ASPHD2,ENSMUSG00000029348,Asphd2,ortholog_one2one,1
ENSG00000229061,ATAT1,,,,NA
ENSG00000148331,ASB6,ENSMUSG00000039483,Asb6,ortholog_one2one,1
ENSG00000235360,C6orf47,,,,NA
ENSG00000105726,ATP13A1,ENSMUSG00000031862,Atp13a1,ortholog_one2one,1
ENSG00000228267,C4B,,,,NA
ENSG00000067842,ATP2B3,ENSMUSG00000031376,Atp2b3,ortholog_one2one,1
ENSG00000131059,BPIFA3,ENSMUSG00000027482,Bpifa3,ortholog_one2one,1
ENSG00000244207,C4A,,,,NA
ENSG00000291362,C8orf33,,,,NA
ENSG00000227587,ATP6V1G2,,,,NA
ENSG00000124172,ATP5F1E,ENSMUSG00000016252,Atp5f1e,ortholog_one2one,1
ENSG00000148219,ASTN2,ENSMUSG00000028373,Astn2,ortholog_one2one,1
ENSG00000236625,C4B,,,,NA
ENSG00000104267,CA2,ENSMUSG00000027562,Car2,ortholog_one2one,1
ENSG00000234668,ATP6V1G2,,,,NA
ENSG00000227761,BAG6,,,,NA
ENSG00000006116,CACNG3,ENSMUSG00000066189,Cacng3,ortholog_one2one,1
ENSG00000147416,ATP6V1B2,ENSMUSG00000006273,Atp6v1b2,ortholog_one2one,1
ENSG00000244617,ASPRV1,ENSMUSG00000033508,Asprv1,ortholog_one2one,1
ENSG00000228435,C6orf47,,,,NA
ENSG00000237012,C6orf136,,,,NA
ENSG00000185127,C6orf120,ENSMUSG00000050088,1600012H06Rik,ortholog_one2one,1
ENSG00000047648,ARHGAP6,ENSMUSG00000031355,Arhgap6,ortholog_one2one,1
ENSG00000089820,ARHGAP4,ENSMUSG00000031389,Arhgap4,ortholog_one2one,1
ENSG00000244731,C4A,ENSMUSG00000073418,C4b,ortholog_many2many,1
ENSG00000244731,C4A,ENSMUSG00000015451,C4a,ortholog_many2many,1
ENSG00000155097,ATP6V1C1,ENSMUSG00000022295,Atp6v1c1,ortholog_one2one,1
ENSG00000015475,BID,ENSMUSG00000004446,Bid,ortholog_one2one,1
ENSG00000231257,ATAT1,,,,NA
ENSG00000224120,C6orf136,,,,NA
ENSG00000112249,ASCC3,ENSMUSG00000038774,Ascc3,ortholog_one2one,1
ENSG00000108561,C1QBP,ENSMUSG00000018446,C1qbp,ortholog_one2one,1
ENSG00000228760,BAG6,,,,NA
ENSG00000111875,ASF1A,ENSMUSG00000019857,Asf1a,ortholog_one2one,1
ENSG00000234549,ATAT1,,,,NA
ENSG00000057663,ATG5,ENSMUSG00000038160,Atg5,ortholog_one2one,1
ENSG00000130707,ASS1,ENSMUSG00000076441,Ass1,ortholog_one2one,1
ENSG00000182492,BGN,ENSMUSG00000031375,Bgn,ortholog_one2one,1
ENSG00000228177,C6orf47,,,,NA
ENSG00000230900,ATP6V1G2,,,,NA
ENSG00000233164,C6orf136,,,,NA
ENSG00000234651,BAG6,,,,NA
ENSG00000226531,C6orf47,,,,NA
ENSG00000172270,BSG,ENSMUSG00000023175,Bsg,ortholog_one2one,1
ENSG00000006283,CACNA1G,ENSMUSG00000020866,Cacna1g,ortholog_one2one,1
ENSG00000182985,CADM1,ENSMUSG00000032076,Cadm1,ortholog_one2one,1
ENSG00000096155,BAG6,,,,NA
ENSG00000234920,ATP6V1G2,,,,NA
ENSG00000169857,AVEN,ENSMUSG00000003604,Aven,ortholog_one2one,1
ENSG00000226103,C6orf47,,,,NA
ENSG00000104327,CALB1,ENSMUSG00000028222,Calb1,ortholog_one2one,1
ENSG00000064726,BTBD1,ENSMUSG00000025103,Btbd1,ortholog_one2one,1
ENSG00000206488,ATAT1,,,,NA
ENSG00000237100,C6orf136,,,,NA
ENSG00000183186,C2CD4C,ENSMUSG00000045912,C2cd4c,ortholog_one2one,1
ENSG00000226850,ATP6V1G2,,,,NA
ENSG00000101425,BPI,ENSMUSG00000052922,Bpi,ortholog_one2one,1
ENSG00000235658,ATAT1,,,,NA
ENSG00000203623,C6orf47,,,,NA
ENSG00000105409,ATP1A3,ENSMUSG00000040907,Atp1a3,ortholog_one2one,1
ENSG00000233348,BAG6,,,,NA
ENSG00000206340,C4A,,,,NA
ENSG00000131100,ATP6V1E1,ENSMUSG00000019210,Atp6v1e1,ortholog_one2one,1
ENSG00000224639,C4B,,,,NA
ENSG00000227746,C4A,,,,NA
ENSG00000228454,C4B,,,,NA
ENSG00000159403,C1R,ENSMUSG00000098470,C1rb,ortholog_one2many,0
ENSG00000159403,C1R,ENSMUSG00000055172,C1ra,ortholog_one2many,1
ENSG00000204463,BAG6,ENSMUSG00000024392,Bag6,ortholog_one2one,1
ENSG00000122786,CALD1,ENSMUSG00000029761,Cald1,ortholog_one2one,1
ENSG00000206445,ATP6V1G2,,,,NA
ENSG00000177576,C18orf32,ENSMUSG00000036299,BC031181,ortholog_one2one,1
ENSG00000164039,BDH2,ENSMUSG00000028167,Bdh2,ortholog_one2one,1
ENSG00000206487,C6orf136,,,,NA
ENSG00000138303,ASCC1,ENSMUSG00000044475,Ascc1,ortholog_one2one,1
ENSG00000198363,ASPH,ENSMUSG00000028207,Asph,ortholog_one2one,1
ENSG00000160862,AZGP1,ENSMUSG00000037053,Azgp1,ortholog_one2one,1
ENSG00000149679,CABLES2,ENSMUSG00000038990,Cables2,ortholog_one2one,1
ENSG00000102931,ARL2BP,ENSMUSG00000031776,Arl2bp,ortholog_one2one,1
ENSG00000109743,BST1,ENSMUSG00000029082,Bst1,ortholog_one2one,1
ENSG00000130638,ATXN10,ENSMUSG00000016541,Atxn10,ortholog_one2one,1
ENSG00000110330,BIRC2,ENSMUSG00000057367,Birc2,ortholog_one2one,1
ENSG00000128595,CALU,ENSMUSG00000029767,Calu,ortholog_one2one,1
ENSG00000107949,BCCIP,ENSMUSG00000030983,Bccip,ortholog_one2one,1
ENSG00000102401,ARMCX3,ENSMUSG00000049047,Armcx3,ortholog_one2one,1
ENSG00000120029,ARMH3,ENSMUSG00000039901,Armh3,ortholog_one2one,1
ENSG00000130429,ARPC1B,ENSMUSG00000029622,Arpc1b,ortholog_one2one,1
ENSG00000103126,AXIN1,ENSMUSG00000024182,Axin1,ortholog_one2one,1
ENSG00000186716,BCR,ENSMUSG00000009681,Bcr,ortholog_one2one,1
ENSG00000126775,ATG14,ENSMUSG00000037526,Atg14,ortholog_one2one,1
ENSG00000174684,B4GAT1,ENSMUSG00000047379,B4gat1,ortholog_one2one,1
ENSG00000104763,ASAH1,ENSMUSG00000031591,Asah1,ortholog_one2one,1
ENSG00000087088,BAX,ENSMUSG00000003873,Bax,ortholog_one2one,1
ENSG00000078725,BRINP1,ENSMUSG00000028351,Brinp1,ortholog_one2one,1
ENSG00000183049,CAMK1D,ENSMUSG00000039145,Camk1d,ortholog_one2one,1
ENSG00000174483,BBS1,ENSMUSG00000006464,Bbs1,ortholog_one2one,1
ENSG00000064787,BCAS1,ENSMUSG00000013523,Bcas1,ortholog_one2one,1
ENSG00000184867,ARMCX2,ENSMUSG00000033436,Armcx2,ortholog_one2one,1
ENSG00000171953,ATPAF2,ENSMUSG00000042709,Atpaf2,ortholog_one2one,1
ENSG00000104880,ARHGEF18,ENSMUSG00000004568,Arhgef18,ortholog_one2one,1
ENSG00000185963,BICD2,ENSMUSG00000037933,Bicd2,ortholog_one2one,1
ENSG00000196072,BLOC1S2,ENSMUSG00000057506,Bloc1s2,ortholog_one2one,1
ENSG00000154975,CA10,ENSMUSG00000056158,Car10,ortholog_one2one,1
ENSG00000165985,C1QL3,ENSMUSG00000049630,C1ql3,ortholog_one2one,1
ENSG00000169093,ASMTL,,,,NA
ENSG00000122507,BBS9,ENSMUSG00000035919,Bbs9,ortholog_one2one,1
ENSG00000164879,CA3,ENSMUSG00000027559,Car3,ortholog_one2one,1
ENSG00000196476,C20orf96,ENSMUSG00000032680,6820408C15Rik,ortholog_one2one,1
ENSG00000125962,ARMCX5,ENSMUSG00000072969,Armcx5,ortholog_one2one,1
ENSG00000169696,ASPSCR1,ENSMUSG00000025142,Aspscr1,ortholog_one2one,1
ENSG00000242173,ARHGDIG,ENSMUSG00000073433,Arhgdig,ortholog_one2one,1
ENSG00000105829,BET1,,,,NA
ENSG00000082153,BZW1,ENSMUSG00000051223,Bzw1,ortholog_one2one,1
ENSG00000189227,C15orf61,ENSMUSG00000032403,2300009A05Rik,ortholog_one2one,1
ENSG00000147799,ARHGAP39,ENSMUSG00000033697,Arhgap39,ortholog_one2one,1
ENSG00000105929,ATP6V0A4,ENSMUSG00000038600,Atp6v0a4,ortholog_one2one,1
ENSG00000171552,BCL2L1,ENSMUSG00000007659,Bcl2l1,ortholog_one2one,1
ENSG00000157782,CABP1,ENSMUSG00000029544,Cabp1,ortholog_one2one,1
ENSG00000133742,CA1,ENSMUSG00000027556,Car1,ortholog_one2one,1
ENSG00000248098,BCKDHA,ENSMUSG00000060376,Bckdha,ortholog_one2one,1
ENSG00000163618,CADPS,,,,NA
ENSG00000185883,ATP6V0C,ENSMUSG00000024121,Atp6v0c,ortholog_one2one,1
ENSG00000182220,ATP6AP2,ENSMUSG00000031007,Atp6ap2,ortholog_one2one,1
ENSG00000175573,C11orf68,ENSMUSG00000047423,AI837181,ortholog_one2one,1
ENSG00000105605,CACNG7,ENSMUSG00000069806,Cacng7,ortholog_one2one,1
ENSG00000187244,BCAM,ENSMUSG00000002980,Bcam,ortholog_one2one,1
ENSG00000174939,ASPHD1,ENSMUSG00000046378,Asphd1,ortholog_one2one,1
ENSG00000145246,ATP10D,ENSMUSG00000046808,Atp10d,ortholog_one2one,1
ENSG00000172137,CALB2,ENSMUSG00000003657,Calb2,ortholog_one2one,1
ENSG00000067191,CACNB1,ENSMUSG00000020882,Cacnb1,ortholog_one2one,1
ENSG00000170540,ARL6IP1,ENSMUSG00000030654,Arl6ip1,ortholog_one2one,1
ENSG00000162174,ASRGL1,ENSMUSG00000024654,Asrgl1,ortholog_one2one,1
ENSG00000145734,BDP1,ENSMUSG00000049658,Bdp1,ortholog_one2one,1
ENSG00000147894,C9orf72,ENSMUSG00000028300,C9orf72,ortholog_one2one,1
ENSG00000100554,ATP6V1D,ENSMUSG00000021114,Atp6v1d,ortholog_one2one,1
ENSG00000242259,C22orf39,ENSMUSG00000071632,2510002D24Rik,ortholog_one2one,1
ENSG00000198663,C6orf89,ENSMUSG00000052712,BC004004,ortholog_one2one,1
ENSG00000110237,ARHGEF17,ENSMUSG00000032875,Arhgef17,ortholog_one2one,1
ENSG00000140320,BAHD1,ENSMUSG00000040007,Bahd1,ortholog_one2one,1
ENSG00000242498,ARPIN,ENSMUSG00000039043,Arpin,ortholog_one2one,1
ENSG00000038219,BOD1L1,ENSMUSG00000061755,Bod1l,ortholog_one2one,1
ENSG00000151067,CACNA1C,ENSMUSG00000051331,Cacna1c,ortholog_one2one,1
ENSG00000175334,BANF1,ENSMUSG00000024844,Banf1,ortholog_one2one,1
ENSG00000204842,ATXN2,ENSMUSG00000042605,Atxn2,ortholog_one2one,1
ENSG00000104442,ARMC1,ENSMUSG00000027599,Armc1,ortholog_one2one,1
ENSG00000169020,ATP5ME,ENSMUSG00000050856,Atp5me,ortholog_one2one,1
ENSG00000088812,ATRN,ENSMUSG00000027312,Atrn,ortholog_one2one,1
ENSG00000126947,ARMCX1,ENSMUSG00000033460,Armcx1,ortholog_one2one,1
ENSG00000109956,B3GAT1,ENSMUSG00000045994,B3gat1,ortholog_one2one,1
ENSG00000111801,BTN3A3,,,,NA
ENSG00000136573,BLK,ENSMUSG00000014453,Blk,ortholog_one2one,1
ENSG00000135454,B4GALNT1,ENSMUSG00000006731,B4galnt1,ortholog_one2one,1
ENSG00000141522,ARHGDIA,ENSMUSG00000025132,Arhgdia,ortholog_one2one,1
ENSG00000183336,BOLA2,ENSMUSG00000047721,Bola2,ortholog_one2many,1
ENSG00000111229,ARPC3,ENSMUSG00000029465,Arpc3,ortholog_one2one,1
ENSG00000128989,ARPP19,ENSMUSG00000007656,Arpp19,ortholog_one2one,1
ENSG00000254999,BRK1,ENSMUSG00000033940,Brk1,ortholog_one2one,1
ENSG00000205832,C16orf96,ENSMUSG00000022518,4930562C15Rik,ortholog_one2one,0
ENSG00000119778,ATAD2B,ENSMUSG00000052812,Atad2b,ortholog_one2one,1
ENSG00000188112,C6orf132,ENSMUSG00000034382,AI661453,ortholog_one2one,1
ENSG00000132640,BTBD3,ENSMUSG00000062098,Btbd3,ortholog_one2one,1
ENSG00000175161,CADM2,ENSMUSG00000064115,Cadm2,ortholog_one2one,1
ENSG00000167535,CACNB3,ENSMUSG00000003352,Cacnb3,ortholog_one2one,1
ENSG00000107779,BMPR1A,ENSMUSG00000021796,Bmpr1a,ortholog_one2one,1
ENSG00000198668,CALM1,ENSMUSG00000001175,Calm1,ortholog_one2one,1
ENSG00000054793,ATP9A,ENSMUSG00000027546,Atp9a,ortholog_one2one,1
ENSG00000184992,BRI3BP,ENSMUSG00000037905,Bri3bp,ortholog_one2one,1
ENSG00000170632,ARMC10,ENSMUSG00000038525,Armc10,ortholog_one2one,1
ENSG00000185515,BRCC3,ENSMUSG00000031201,Brcc3,ortholog_one2many,1
ENSG00000185515,BRCC3,ENSMUSG00000112039,Brcc3dc,ortholog_one2many,0
ENSG00000106819,ASPN,ENSMUSG00000021388,Aspn,ortholog_one2one,1
ENSG00000165801,ARHGEF40,ENSMUSG00000004562,Arhgef40,ortholog_one2one,1
ENSG00000012822,CALCOCO1,ENSMUSG00000023055,Calcoco1,ortholog_one2one,1
ENSG00000153317,ASAP1,ENSMUSG00000022377,Asap1,ortholog_one2one,1
ENSG00000164304,CAGE1,ENSMUSG00000044566,Cage1,ortholog_one2one,1
ENSG00000158321,AUTS2,ENSMUSG00000029673,Auts2,ortholog_one2one,1
ENSG00000107669,ATE1,ENSMUSG00000030850,Ate1,ortholog_one2one,1
ENSG00000049618,ARID1B,ENSMUSG00000069729,Arid1b,ortholog_one2one,1
ENSG00000074370,ATP2A3,ENSMUSG00000020788,Atp2a3,ortholog_one2one,1
ENSG00000125730,C3,ENSMUSG00000024164,C3,ortholog_one2one,1
ENSG00000188042,ARL4C,ENSMUSG00000049866,Arl4c,ortholog_one2one,1
ENSG00000196914,ARHGEF12,ENSMUSG00000059495,Arhgef12,ortholog_one2one,1
ENSG00000031081,ARHGAP31,ENSMUSG00000022799,Arhgap31,ortholog_one2one,1
ENSG00000070669,ASNS,ENSMUSG00000029752,Asns,ortholog_one2one,1
ENSG00000110696,C11orf58,ENSMUSG00000030663,1110004F10Rik,ortholog_one2one,1
ENSG00000133243,BTBD2,ENSMUSG00000003344,Btbd2,ortholog_one2one,1
ENSG00000182326,C1S,ENSMUSG00000038521,C1s1,ortholog_one2many,1
ENSG00000182326,C1S,ENSMUSG00000079343,C1s2,ortholog_one2many,1
ENSG00000012048,BRCA1,ENSMUSG00000017146,Brca1,ortholog_one2one,1
ENSG00000123636,BAZ2B,ENSMUSG00000026987,Baz2b,ortholog_one2one,1
ENSG00000113916,BCL6,ENSMUSG00000022508,Bcl6,ortholog_one2one,1
ENSG00000164929,BAALC,ENSMUSG00000022296,Baalc,ortholog_one2one,0
ENSG00000224389,C4B,ENSMUSG00000073418,C4b,ortholog_many2many,1
ENSG00000224389,C4B,ENSMUSG00000015451,C4a,ortholog_many2many,1
ENSG00000240771,ARHGEF25,ENSMUSG00000019467,Arhgef25,ortholog_one2one,1
ENSG00000011114,BTBD7,ENSMUSG00000041702,Btbd7,ortholog_one2one,1
ENSG00000183092,BEGAIN,ENSMUSG00000040867,Begain,ortholog_one2one,1
ENSG00000066427,ATXN3,ENSMUSG00000021189,Atxn3,ortholog_one2one,1
ENSG00000124406,ATP8A1,ENSMUSG00000037685,Atp8a1,ortholog_one2one,1
ENSG00000099624,ATP5F1D,ENSMUSG00000003072,Atp5f1d,ortholog_one2one,1
ENSG00000156983,BRPF1,ENSMUSG00000001632,Brpf1,ortholog_one2one,1
ENSG00000157388,CACNA1D,ENSMUSG00000015968,Cacna1d,ortholog_one2one,1
ENSG00000125124,BBS2,ENSMUSG00000031755,Bbs2,ortholog_one2one,1
ENSG00000166275,BORCS7,ENSMUSG00000062376,Borcs7,ortholog_one2one,1
ENSG00000066739,ATG2B,ENSMUSG00000041341,Atg2b,ortholog_one2one,1
ENSG00000095564,BTAF1,ENSMUSG00000040565,Btaf1,ortholog_one2one,1
ENSG00000050820,BCAR1,ENSMUSG00000031955,Bcar1,ortholog_one2one,1
ENSG00000165997,ARL5B,ENSMUSG00000017418,Arl5b,ortholog_one2one,1
ENSG00000150347,ARID5B,ENSMUSG00000019947,Arid5b,ortholog_one2one,1
ENSG00000189114,BLOC1S3,ENSMUSG00000057667,Bloc1s3,ortholog_one2one,1
ENSG00000131379,C3orf20,ENSMUSG00000034063,4930590J08Rik,ortholog_one2one,1
ENSG00000176171,BNIP3,ENSMUSG00000078566,Bnip3,ortholog_one2one,1
ENSG00000136436,CALCOCO2,ENSMUSG00000006056,Calcoco2,ortholog_one2one,0
ENSG00000159720,ATP6V0D1,ENSMUSG00000013160,Atp6v0d1,ortholog_one2one,1
ENSG00000182389,CACNB4,ENSMUSG00000017412,Cacnb4,ortholog_one2one,1
ENSG00000213563,C8orf82,ENSMUSG00000116138,C030006K11Rik,ortholog_one2one,1
ENSG00000105767,CADM4,ENSMUSG00000054793,Cadm4,ortholog_one2one,1
ENSG00000104043,ATP8B4,ENSMUSG00000060131,Atp8b4,ortholog_one2one,1
ENSG00000106804,C5,ENSMUSG00000026874,Hc,ortholog_one2one,1
ENSG00000083123,BCKDHB,ENSMUSG00000032263,Bckdhb,ortholog_one2one,1
ENSG00000105676,ARMC6,ENSMUSG00000002343,Armc6,ortholog_one2one,1
ENSG00000241468,ATP5MF,ENSMUSG00000038690,Atp5mf,ortholog_one2one,1
ENSG00000154473,BUB3,ENSMUSG00000066979,Bub3,ortholog_one2one,1
ENSG00000104728,ARHGEF10,ENSMUSG00000071176,Arhgef10,ortholog_one2one,1
ENSG00000168000,BSCL2,ENSMUSG00000071657,Bscl2,ortholog_one2one,1
ENSG00000179218,CALR,ENSMUSG00000003814,Calr,ortholog_one2one,1
ENSG00000129244,ATP1B2,ENSMUSG00000041329,Atp1b2,ortholog_one2one,1
ENSG00000105393,BABAM1,ENSMUSG00000031820,Babam1,ortholog_one2one,1
ENSG00000111348,ARHGDIB,ENSMUSG00000030220,Arhgdib,ortholog_one2one,1
ENSG00000134108,ARL8B,ENSMUSG00000030105,Arl8b,ortholog_one2one,1
ENSG00000157087,ATP2B2,ENSMUSG00000030302,Atp2b2,ortholog_one2one,1
ENSG00000113600,C9,ENSMUSG00000022149,C9,ortholog_one2one,1
ENSG00000204347,BTBD17,ENSMUSG00000000202,Btbd17,ortholog_one2one,1
ENSG00000166170,BAG5,ENSMUSG00000049792,Bag5,ortholog_one2one,1
ENSG00000107518,ATRNL1,ENSMUSG00000054843,Atrnl1,ortholog_one2one,1
ENSG00000163466,ARPC2,ENSMUSG00000006304,Arpc2,ortholog_one2one,1
ENSG00000103507,BCKDK,ENSMUSG00000030802,Bckdk,ortholog_one2one,1
ENSG00000033627,ATP6V0A1,ENSMUSG00000019302,Atp6v0a1,ortholog_one2one,1
ENSG00000197299,BLM,ENSMUSG00000030528,Blm,ortholog_one2one,1
ENSG00000112763,BTN2A1,,,,NA
ENSG00000166780,BMERB1,ENSMUSG00000044117,Bmerb1,ortholog_one2one,1
ENSG00000136197,C7orf25,ENSMUSG00000039182,AW209491,ortholog_one2one,1
ENSG00000166233,ARIH1,ENSMUSG00000025234,Arih1,ortholog_one2one,1
ENSG00000106605,BLVRA,ENSMUSG00000001999,Blvra,ortholog_one2one,1
ENSG00000172379,ARNT2,ENSMUSG00000015709,Arnt2,ortholog_one2one,1
ENSG00000213760,ATP6V1G2,ENSMUSG00000024403,Atp6v1g2,ortholog_one2one,1
ENSG00000176788,BASP1,ENSMUSG00000045763,Basp1,ortholog_one2one,1
ENSG00000175906,ARL4D,ENSMUSG00000034936,Arl4d,ortholog_one2one,1
ENSG00000167283,ATP5MG,ENSMUSG00000038717,Atp5mg,ortholog_many2many,1
ENSG00000167283,ATP5MG,ENSMUSG00000096486,Atg5lrt,ortholog_many2many,0
ENSG00000137343,ATAT1,ENSMUSG00000024426,Atat1,ortholog_one2one,1
ENSG00000175224,ATG13,ENSMUSG00000027244,Atg13,ortholog_one2one,1
ENSG00000174928,C3orf33,ENSMUSG00000048581,E130311K13Rik,ortholog_one2one,1
ENSG00000110881,ASIC1,ENSMUSG00000023017,Asic1,ortholog_one2one,1
ENSG00000108381,ASPA,ENSMUSG00000020774,Aspa,ortholog_one2one,1
ENSG00000129151,BBOX1,ENSMUSG00000041660,Bbox1,ortholog_one2one,1
ENSG00000004777,ARHGAP33,ENSMUSG00000036882,Arhgap33,ortholog_one2one,1
ENSG00000111678,C12orf57,ENSMUSG00000072772,Grcc10,ortholog_one2one,1
ENSG00000182196,ARL6IP4,ENSMUSG00000029404,Arl6ip4,ortholog_one2one,1
ENSG00000235106,BRD3OS,,,,NA
ENSG00000165084,C8orf34,ENSMUSG00000057715,A830018L16Rik,ortholog_one2one,1
ENSG00000151746,BICD1,ENSMUSG00000003452,Bicd1,ortholog_one2one,1
ENSG00000065802,ASB1,ENSMUSG00000026311,Asb1,ortholog_one2one,1
ENSG00000104765,BNIP3L,ENSMUSG00000022051,Bnip3l,ortholog_one2one,1
ENSG00000197070,ARRDC1,ENSMUSG00000026972,Arrdc1,ortholog_one2one,1
ENSG00000134072,CAMK1,ENSMUSG00000030272,Camk1,ortholog_one2one,1
ENSG00000136950,ARPC5L,ENSMUSG00000026755,Arpc5l,ortholog_one2one,1
ENSG00000047249,ATP6V1H,ENSMUSG00000033793,Atp6v1h,ortholog_one2one,1
ENSG00000162069,BICDL2,ENSMUSG00000043782,Bicdl2,ortholog_one2one,1
ENSG00000147439,BIN3,ENSMUSG00000022089,Bin3,ortholog_one2one,1
ENSG00000180448,ARHGAP45,ENSMUSG00000035697,Arhgap45,ortholog_one2one,1
ENSG00000156802,ATAD2,,,,NA
ENSG00000138686,BBS7,ENSMUSG00000037325,Bbs7,ortholog_one2one,1
ENSG00000163947,ARHGEF3,ENSMUSG00000021895,Arhgef3,ortholog_one2one,1
ENSG00000182307,C8orf33,ENSMUSG00000063236,1110038F14Rik,ortholog_one2one,1
ENSG00000138138,ATAD1,ENSMUSG00000013662,Atad1,ortholog_one2one,1
ENSG00000157764,BRAF,ENSMUSG00000002413,Braf,ortholog_one2one,1
ENSG00000100852,ARHGAP5,ENSMUSG00000035133,Arhgap5,ortholog_one2one,1
ENSG00000136888,ATP6V1G1,ENSMUSG00000039105,Atp6v1g1,ortholog_one2one,1
ENSG00000151893,CACUL1,ENSMUSG00000033417,Cacul1,ortholog_one2one,1
ENSG00000145782,ATG12,ENSMUSG00000032905,Atg12,ortholog_one2one,1
ENSG00000137274,BPHL,ENSMUSG00000038286,Bphl,ortholog_one2one,1
ENSG00000153956,CACNA2D1,ENSMUSG00000040118,Cacna2d1,ortholog_one2one,1
ENSG00000108578,BLMH,ENSMUSG00000020840,Blmh,ortholog_one2one,1
ENSG00000112208,BAG2,ENSMUSG00000042215,Bag2,ortholog_one2one,1
ENSG00000168488,ATXN2L,ENSMUSG00000032637,Atxn2l,ortholog_one2one,1
ENSG00000198513,ATL1,ENSMUSG00000021066,Atl1,ortholog_one2one,1
ENSG00000145819,ARHGAP26,ENSMUSG00000036452,Arhgap26,ortholog_one2one,1
ENSG00000136261,BZW2,ENSMUSG00000020547,Bzw2,ortholog_one2one,1
ENSG00000138175,ARL3,ENSMUSG00000025035,Arl3,ortholog_one2one,1
ENSG00000172375,C2CD2L,ENSMUSG00000032120,C2cd2l,ortholog_one2one,1
ENSG00000165629,ATP5F1C,ENSMUSG00000025781,Atp5f1c,ortholog_one2one,1
ENSG00000076928,ARHGEF1,ENSMUSG00000040940,Arhgef1,ortholog_one2one,1
ENSG00000007516,BAIAP3,ENSMUSG00000047507,Baiap3,ortholog_one2one,1
ENSG00000113273,ARSB,ENSMUSG00000042082,Arsb,ortholog_one2one,1
ENSG00000239388,ASB14,ENSMUSG00000021898,Asb14,ortholog_one2one,1
ENSG00000135932,CAB39,ENSMUSG00000036707,Cab39,ortholog_one2one,1
ENSG00000140691,ARMC5,ENSMUSG00000042178,Armc5,ortholog_one2one,1
ENSG00000157445,CACNA2D3,ENSMUSG00000021991,Cacna2d3,ortholog_one2one,1
ENSG00000006740,ARHGAP44,ENSMUSG00000033389,Arhgap44,ortholog_one2one,1
ENSG00000111731,C2CD5,ENSMUSG00000030279,C2cd5,ortholog_one2one,1
ENSG00000116667,C1orf21,ENSMUSG00000032666,1700025G04Rik,ortholog_one2one,1
ENSG00000176208,ATAD5,ENSMUSG00000017550,Atad5,ortholog_one2one,1
ENSG00000120805,ARL1,ENSMUSG00000060904,Arl1,ortholog_one2one,1
ENSG00000070961,ATP2B1,ENSMUSG00000019943,Atp2b1,ortholog_one2one,1
ENSG00000214435,AS3MT,ENSMUSG00000003559,As3mt,ortholog_one2one,1
ENSG00000075461,CACNG4,ENSMUSG00000020723,Cacng4,ortholog_one2one,1
ENSG00000114200,BCHE,ENSMUSG00000027792,Bche,ortholog_one2one,1
ENSG00000018625,ATP1A2,ENSMUSG00000007097,Atp1a2,ortholog_one2one,1
ENSG00000157131,C8A,ENSMUSG00000035031,C8a,ortholog_one2one,1
ENSG00000177479,ARIH2,ENSMUSG00000064145,Arih2,ortholog_one2one,1
ENSG00000167434,CA4,ENSMUSG00000000805,Car4,ortholog_one2one,1
ENSG00000148090,AUH,ENSMUSG00000021460,Auh,ortholog_one2one,1
ENSG00000145741,BTF3,,,,NA
ENSG00000165995,CACNB2,ENSMUSG00000057914,Cacnb2,ortholog_one2one,1
ENSG00000009954,BAZ1B,ENSMUSG00000002748,Baz1b,ortholog_one2one,1
ENSG00000137486,ARRB1,ENSMUSG00000018909,Arrb1,ortholog_one2one,1
ENSG00000069849,ATP1B3,ENSMUSG00000032412,Atp1b3,ortholog_one2one,1
ENSG00000129473,BCL2L2,ENSMUSG00000089682,Bcl2l2,ortholog_one2one,1
ENSG00000168887,C2orf68,ENSMUSG00000058706,0610030E20Rik,ortholog_one2one,1
ENSG00000204564,C6orf136,ENSMUSG00000050705,2310061I04Rik,ortholog_one2one,1
ENSG00000160007,ARHGAP35,ENSMUSG00000058230,Arhgap35,ortholog_one2one,1
ENSG00000166167,BTRC,ENSMUSG00000025217,Btrc,ortholog_one2one,1
ENSG00000118690,ARMC2,ENSMUSG00000071324,Armc2,ortholog_one2one,1
ENSG00000105778,AVL9,ENSMUSG00000029787,Avl9,ortholog_one2one,1
ENSG00000172331,BPGM,ENSMUSG00000038871,Bpgm,ortholog_one2one,1
ENSG00000106245,BUD31,ENSMUSG00000038722,Bud31,ortholog_one2one,1
ENSG00000144848,ATG3,ENSMUSG00000022663,Atg3,ortholog_one2one,1
ENSG00000138756,BMP2K,ENSMUSG00000034663,Bmp2k,ortholog_one2one,1
ENSG00000148925,BTBD10,ENSMUSG00000038187,Btbd10,ortholog_one2one,1
ENSG00000089234,BRAP,ENSMUSG00000029458,Brap,ortholog_one2one,1
ENSG00000136002,ARHGEF4,,,,NA
ENSG00000241685,ARPC1A,ENSMUSG00000029621,Arpc1a,ortholog_one2one,1
ENSG00000143970,ASXL2,ENSMUSG00000037486,Asxl2,ortholog_one2one,1
ENSG00000186318,BACE1,ENSMUSG00000032086,Bace1,ortholog_one2one,1
ENSG00000183826,BTBD9,ENSMUSG00000062202,Btbd9,ortholog_one2one,1
ENSG00000174437,ATP2A2,ENSMUSG00000029467,Atp2a2,ortholog_one2one,1
ENSG00000152092,ASTN1,ENSMUSG00000026587,Astn1,ortholog_one2one,1
ENSG00000090013,BLVRB,ENSMUSG00000040466,Blvrb,ortholog_one2one,1
ENSG00000081803,CADPS2,ENSMUSG00000017978,Cadps2,ortholog_one2one,1
ENSG00000160469,BRSK1,ENSMUSG00000035390,Brsk1,ortholog_one2one,1
ENSG00000135931,ARMC9,ENSMUSG00000062590,Armc9,ortholog_one2one,1
ENSG00000214944,ARHGEF28,ENSMUSG00000021662,Arhgef28,ortholog_one2one,1
ENSG00000128524,ATP6V1F,ENSMUSG00000004285,Atp6v1f,ortholog_one2one,1
ENSG00000151929,BAG3,ENSMUSG00000030847,Bag3,ortholog_one2one,1
ENSG00000163170,BOLA3,ENSMUSG00000045160,Bola3,ortholog_one2one,1
ENSG00000172247,C1QTNF4,ENSMUSG00000040794,C1qtnf4,ortholog_one2one,1
ENSG00000156219,ART3,ENSMUSG00000034842,Art3,ortholog_one2one,1
ENSG00000181215,C4orf50,ENSMUSG00000117286,Gm1043,ortholog_one2one,0
ENSG00000123329,ARHGAP9,ENSMUSG00000040345,Arhgap9,ortholog_one2one,1
ENSG00000134909,ARHGAP32,ENSMUSG00000041444,Arhgap32,ortholog_one2one,1
ENSG00000141480,ARRB2,ENSMUSG00000060216,Arrb2,ortholog_one2one,1
ENSG00000197548,ATG7,ENSMUSG00000030314,Atg7,ortholog_one2one,1
ENSG00000164053,ATRIP,ENSMUSG00000025646,Atrip,ortholog_one2one,1
ENSG00000104979,C19orf53,ENSMUSG00000019362,D8Ertd738e,ortholog_one2one,1
ENSG00000165714,BORCS5,ENSMUSG00000042992,Borcs5,ortholog_one2one,1
ENSG00000007402,CACNA2D2,ENSMUSG00000010066,Cacna2d2,ortholog_one2one,1
ENSG00000141837,CACNA1A,ENSMUSG00000034656,Cacna1a,ortholog_one2one,1
ENSG00000175866,BAIAP2,ENSMUSG00000025372,Baiap2,ortholog_one2one,1
ENSG00000184743,ATL3,ENSMUSG00000024759,Atl3,ortholog_one2one,1
ENSG00000179021,C3orf38,ENSMUSG00000059920,4930453N24Rik,ortholog_one2one,1
ENSG00000113966,ARL6,ENSMUSG00000022722,Arl6,ortholog_one2one,1
ENSG00000113734,BNIP1,ENSMUSG00000024191,Bnip1,ortholog_one2one,1
ENSG00000108666,C17orf75,ENSMUSG00000057181,5730455P16Rik,ortholog_one2one,1
ENSG00000110046,ATG2A,ENSMUSG00000024773,Atg2a,ortholog_one2one,1
ENSG00000177556,ATOX1,ENSMUSG00000018585,Atox1,ortholog_one2one,1
ENSG00000167601,AXL,ENSMUSG00000002602,Axl,ortholog_one2one,1
ENSG00000183111,ARHGEF37,ENSMUSG00000045094,Arhgef37,ortholog_one2one,1
ENSG00000063180,CA11,ENSMUSG00000003273,Car11,ortholog_one2one,1
ENSG00000185305,ARL15,ENSMUSG00000042348,Arl15,ortholog_one2one,1
ENSG00000126581,BECN1,ENSMUSG00000035086,Becn1,ortholog_one2one,1
ENSG00000175414,ARL10,ENSMUSG00000025870,Arl10,ortholog_one2one,1
ENSG00000213465,ARL2,ENSMUSG00000024944,Arl2,ortholog_one2one,1
ENSG00000167654,ATCAY,ENSMUSG00000034958,Atcay,ortholog_one2one,1
ENSG00000178074,C2orf69,ENSMUSG00000038323,1700066M21Rik,ortholog_one2one,1
ENSG00000137936,BCAR3,ENSMUSG00000028121,Bcar3,ortholog_one2one,1
ENSG00000141867,BRD4,,,,NA
ENSG00000182919,C11orf54,ENSMUSG00000031938,4931406C07Rik,ortholog_one2one,1
ENSG00000114790,ARHGEF26,ENSMUSG00000036885,Arhgef26,ortholog_one2one,1
ENSG00000123395,ATG101,ENSMUSG00000037204,Atg101,ortholog_one2one,1
ENSG00000110955,ATP5F1B,ENSMUSG00000025393,Atp5f1b,ortholog_one2one,1
ENSG00000106009,BRAT1,ENSMUSG00000000148,Brat1,ortholog_one2one,1
ENSG00000173369,C1QB,ENSMUSG00000036905,C1qb,ortholog_one2one,1
ENSG00000142920,AZIN2,ENSMUSG00000028789,Azin2,ortholog_one2one,1
ENSG00000085978,ATG16L1,ENSMUSG00000026289,Atg16l1,ortholog_one2one,1
ENSG00000060982,BCAT1,ENSMUSG00000030268,Bcat1,ortholog_one2one,1
ENSG00000135974,C2orf49,ENSMUSG00000010290,AI597479,ortholog_one2one,1
ENSG00000074582,BCS1L,ENSMUSG00000026172,Bcs1l,ortholog_one2one,1
ENSG00000149311,ATM,ENSMUSG00000034218,Atm,ortholog_one2one,1
ENSG00000172995,ARPP21,ENSMUSG00000032503,Arpp21,ortholog_one2one,1
ENSG00000074964,ARHGEF10L,ENSMUSG00000040964,Arhgef10l,ortholog_one2one,1
ENSG00000116459,ATP5PB,ENSMUSG00000000563,Atp5pb,ortholog_one2one,1
ENSG00000058063,ATP11B,ENSMUSG00000037400,Atp11b,ortholog_one2one,1
ENSG00000136717,BIN1,ENSMUSG00000024381,Bin1,ortholog_one2one,1
ENSG00000174672,BRSK2,ENSMUSG00000053046,Brsk2,ortholog_one2one,1
ENSG00000114573,ATP6V1A,ENSMUSG00000052459,Atp6v1a,ortholog_one2one,1
ENSG00000163093,BBS5,ENSMUSG00000063145,Bbs5,ortholog_one2one,1
ENSG00000171634,BPTF,ENSMUSG00000040481,Bptf,ortholog_one2one,1
ENSG00000152219,ARL14EP,ENSMUSG00000027122,Arl14ep,ortholog_one2one,1
ENSG00000149541,B3GAT3,ENSMUSG00000071649,B3gat3,ortholog_one2one,1
ENSG00000134717,BTF3L4,ENSMUSG00000114133,Btf3l4b,ortholog_one2many,0
ENSG00000134717,BTF3L4,ENSMUSG00000028568,Btf3l4,ortholog_one2many,1
ENSG00000115239,ASB3,ENSMUSG00000020305,Asb3,ortholog_one2one,1
ENSG00000002330,BAD,ENSMUSG00000024959,Bad,ortholog_one2one,1
ENSG00000138376,BARD1,ENSMUSG00000026196,Bard1,ortholog_one2one,1
ENSG00000167863,ATP5PD,ENSMUSG00000034566,Atp5pd,ortholog_one2one,1
ENSG00000162704,ARPC5,ENSMUSG00000008475,Arpc5,ortholog_one2one,1
ENSG00000017260,ATP2C1,ENSMUSG00000032570,Atp2c1,ortholog_one2one,1
ENSG00000168014,C2CD3,ENSMUSG00000047248,C2cd3,ortholog_one2one,1
ENSG00000198925,ATG9A,ENSMUSG00000033124,Atg9a,ortholog_one2one,1
ENSG00000141376,BCAS3,ENSMUSG00000059439,Bcas3,ortholog_one2one,1
ENSG00000135441,BLOC1S1,ENSMUSG00000090247,Bloc1s1,ortholog_one2one,1
ENSG00000158019,BABAM2,ENSMUSG00000052139,Babam2,ortholog_one2one,1
ENSG00000166896,ATP23,ENSMUSG00000025436,Atp23,ortholog_one2one,1
ENSG00000161267,BDH1,ENSMUSG00000046598,Bdh1,ortholog_one2one,1
ENSG00000144746,ARL6IP5,ENSMUSG00000035199,Arl6ip5,ortholog_one2one,1
ENSG00000119280,C1orf198,ENSMUSG00000031983,2310022B05Rik,ortholog_one2one,1
ENSG00000165895,ARHGAP42,ENSMUSG00000050730,Arhgap42,ortholog_one2one,1
ENSG00000151693,ASAP2,ENSMUSG00000052632,Asap2,ortholog_one2one,1
ENSG00000178096,BOLA1,ENSMUSG00000015943,Bola1,ortholog_one2one,1
ENSG00000163512,AZI2,ENSMUSG00000039285,Azi2,ortholog_one2one,1
ENSG00000198797,BRINP2,ENSMUSG00000004031,Brinp2,ortholog_one2one,1
ENSG00000114098,ARMC8,ENSMUSG00000032468,Armc8,ortholog_one2one,1
ENSG00000138363,ATIC,ENSMUSG00000026192,Atic,ortholog_one2one,1
ENSG00000058668,ATP2B4,ENSMUSG00000026463,Atp2b4,ortholog_one2one,1
ENSG00000115307,AUP1,ENSMUSG00000068328,Aup1,ortholog_one2one,1
ENSG00000158966,CACHD1,ENSMUSG00000028532,Cachd1,ortholog_one2one,1
ENSG00000137948,BRDT,ENSMUSG00000029279,Brdt,ortholog_one2one,1
ENSG00000162706,CADM3,ENSMUSG00000005338,Cadm3,ortholog_one2one,1
ENSG00000123472,ATPAF1,ENSMUSG00000028710,Atpaf1,ortholog_one2one,1
ENSG00000162819,BROX,ENSMUSG00000046836,Brox,ortholog_one2one,1
ENSG00000176720,BOK,ENSMUSG00000026278,Bok,ortholog_one2one,1
ENSG00000125703,ATG4C,ENSMUSG00000028550,Atg4c,ortholog_one2one,1
ENSG00000115760,BIRC6,ENSMUSG00000024073,Birc6,ortholog_one2one,1
ENSG00000084774,CAD,ENSMUSG00000013629,Cad,ortholog_one2one,1
ENSG00000116161,CACYBP,ENSMUSG00000014226,Cacybp,ortholog_one2one,1
ENSG00000143862,ARL8A,ENSMUSG00000026426,Arl8a,ortholog_one2one,1
ENSG00000162980,ARL5A,ENSMUSG00000036093,Arl5a,ortholog_one2one,1
ENSG00000169679,BUB1,ENSMUSG00000027379,Bub1,ortholog_one2one,1
ENSG00000168397,ATG4B,ENSMUSG00000026280,Atg4b,ortholog_one2one,1
ENSG00000203963,C1orf141,ENSMUSG00000028520,4921539E11Rik,ortholog_one2one,0
ENSG00000204217,BMPR2,ENSMUSG00000067336,Bmpr2,ortholog_one2one,1
ENSG00000204128,C2orf72,ENSMUSG00000026227,2810459M11Rik,ortholog_one2one,1
ENSG00000142686,C1orf216,ENSMUSG00000073755,5730409E04Rik,ortholog_one2one,1
ENSG00000116539,ASH1L,ENSMUSG00000028053,Ash1l,ortholog_one2one,1
ENSG00000119787,ATL2,ENSMUSG00000059811,Atl2,ortholog_one2one,1
ENSG00000143153,ATP1B1,ENSMUSG00000026576,Atp1b1,ortholog_one2one,1
ENSG00000116752,BCAS2,ENSMUSG00000005687,Bcas2,ortholog_one2one,1
ENSG00000162670,BRINP3,ENSMUSG00000035131,Brinp3,ortholog_one2one,1
ENSG00000066279,ASPM,ENSMUSG00000033952,Aspm,ortholog_one2one,1
ENSG00000189195,BTBD8,ENSMUSG00000111375,Btbd8,ortholog_one2one,1
ENSG00000160072,ATAD3B,,,,NA
ENSG00000163399,ATP1A1,ENSMUSG00000033161,Atp1a1,ortholog_one2one,1
ENSG00000159363,ATP13A2,ENSMUSG00000036622,Atp13a2,ortholog_one2one,1
ENSG00000158850,B4GALT3,ENSMUSG00000052423,B4galt3,ortholog_one2one,1
ENSG00000123838,C4BPA,ENSMUSG00000026405,C4bp,ortholog_one2one,0
ENSG00000088280,ASAP3,ENSMUSG00000036995,Asap3,ortholog_one2one,1
ENSG00000160058,BSDC1,ENSMUSG00000040859,Bsdc1,ortholog_one2one,1
ENSG00000215910,C1orf167,,,,NA
ENSG00000162813,BPNT1,ENSMUSG00000026617,Bpnt1,ortholog_one2one,1
ENSG00000143515,ATP8B2,ENSMUSG00000060671,Atp8b2,ortholog_one2one,1
ENSG00000116584,ARHGEF2,ENSMUSG00000028059,Arhgef2,ortholog_one2one,1
ENSG00000130770,ATP5IF1,ENSMUSG00000054428,Atp5if1,ortholog_one2one,0
ENSG00000054267,ARID4B,ENSMUSG00000039219,Arid4b,ortholog_one2one,1
ENSG00000197785,ATAD3A,ENSMUSG00000029036,Atad3a,ortholog_one2one,1
ENSG00000159189,C1QC,ENSMUSG00000036896,C1qc,ortholog_one2one,1
ENSG00000132694,ARHGEF11,ENSMUSG00000041977,Arhgef11,ortholog_one2one,1
ENSG00000198216,CACNA1E,ENSMUSG00000004110,Cacna1e,ortholog_one2one,1
ENSG00000132692,BCAN,ENSMUSG00000004892,Bcan,ortholog_one2one,1
ENSG00000173372,C1QA,ENSMUSG00000036887,C1qa,ortholog_one2one,1
ENSG00000288427,CLSTN3,,,,NA
ENSG00000291502,CNOT10,,,,NA
ENSG00000284765,CARMIL3,,,,NA
ENSG00000285302,CHMP4A,,,,NA
ENSG00000291505,CCDC40,,,,NA
ENSG00000284369,COG5,,,,NA
ENSG00000291533,CCT8,,,,NA
ENSG00000283777,CANX,,,,NA
ENSG00000278191,CARS1,,,,NA
ENSG00000273572,CDHR5,,,,NA
ENSG00000275035,CCDC92,,,,NA
ENSG00000177143,CETN1,ENSMUSG00000050996,Cetn1,ortholog_one2one,1
ENSG00000255112,CHMP1B,ENSMUSG00000109901,Chmp1b,ortholog_one2one,1
ENSG00000285023,CHORDC1,,,,NA
ENSG00000276781,CHGA,,,,NA
ENSG00000172216,CEBPB,ENSMUSG00000056501,Cebpb,ortholog_one2one,1
ENSG00000101489,CELF4,ENSMUSG00000024268,Celf4,ortholog_one2one,1
ENSG00000150636,CCDC102B,,,,NA
ENSG00000274768,CISD3,,,,NA
ENSG00000071991,CDH19,ENSMUSG00000047216,Cdh19,ortholog_one2one,1
ENSG00000274336,CDIP1,,,,NA
ENSG00000224109,CENPVL3,,,,NA
ENSG00000223591,CENPVL1,,,,NA
ENSG00000274176,CNOT3,,,,NA
ENSG00000274941,CNOT3,,,,NA
ENSG00000277114,CNOT3,,,,NA
ENSG00000125246,CLYBL,ENSMUSG00000025545,Clybl,ortholog_one2one,1
ENSG00000273943,CNOT3,,,,NA
ENSG00000101290,CDS2,ENSMUSG00000058793,Cds2,ortholog_one2one,1
ENSG00000100399,CHADL,ENSMUSG00000063765,Chadl,ortholog_one2one,1
ENSG00000277615,CNOT3,,,,NA
ENSG00000134873,CLDN10,ENSMUSG00000022132,Cldn10,ortholog_one2one,1
ENSG00000133103,COG6,ENSMUSG00000027742,Cog6,ortholog_one2one,1
ENSG00000147044,CASK,ENSMUSG00000031012,Cask,ortholog_one2one,1
ENSG00000260220,CCDC187,ENSMUSG00000048038,Ccdc187,ortholog_one2one,0
ENSG00000159231,CBR3,ENSMUSG00000022947,Cbr3,ortholog_one2one,1
ENSG00000089199,CHGB,ENSMUSG00000027350,Chgb,ortholog_one2one,1
ENSG00000276082,CNOT3,,,,NA
ENSG00000277600,CNOT3,,,,NA
ENSG00000280641,CDH4,,,,NA
ENSG00000275979,CNOT3,,,,NA
ENSG00000105141,CASP14,ENSMUSG00000005355,Casp14,ortholog_one2one,1
ENSG00000274616,CNOT3,,,,NA
ENSG00000101997,CCDC22,ENSMUSG00000031143,Ccdc22,ortholog_one2one,1
ENSG00000169515,CCDC8,ENSMUSG00000041117,Ccdc8,ortholog_one2one,0
ENSG00000101391,CDK5RAP1,ENSMUSG00000027487,Cdk5rap1,ortholog_one2one,1
ENSG00000136152,COG3,ENSMUSG00000034893,Cog3,ortholog_one2one,1
ENSG00000276725,CEP170,,,,NA
ENSG00000124177,CHD6,ENSMUSG00000057133,Chd6,ortholog_one2one,1
ENSG00000274811,CLPTM1L,,,,NA
ENSG00000134905,CARS2,ENSMUSG00000056228,Cars2,ortholog_one2one,1
ENSG00000165164,CFAP47,,,,NA
ENSG00000175602,CCDC85B,ENSMUSG00000095098,Ccdc85b,ortholog_one2one,1
ENSG00000182791,CCDC87,ENSMUSG00000067872,Ccdc87,ortholog_one2one,1
ENSG00000158258,CLSTN2,ENSMUSG00000032452,Clstn2,ortholog_one2one,1
ENSG00000159228,CBR1,ENSMUSG00000051483,Cbr1,ortholog_one2many,1
ENSG00000159228,CBR1,ENSMUSG00000082815,Cbr1b,ortholog_one2many,1
ENSG00000172361,CFAP53,,,,NA
ENSG00000230685,CLIC1,,,,NA
ENSG00000008300,CELSR3,ENSMUSG00000023473,Celsr3,ortholog_one2one,1
ENSG00000223572,CKMT1A,ENSMUSG00000000308,Ckmt1,ortholog_one2many,1
ENSG00000156261,CCT8,ENSMUSG00000025613,Cct8,ortholog_one2one,1
ENSG00000170558,CDH2,ENSMUSG00000024304,Cdh2,ortholog_one2one,1
ENSG00000292191,CETN2,,,,NA
ENSG00000292279,CCDC120,,,,NA
ENSG00000223802,CERS1,ENSMUSG00000087408,Cers1,ortholog_one2one,1
ENSG00000160226,CFAP410,ENSMUSG00000020284,Cfap410,ortholog_one2one,1
ENSG00000158941,CCAR2,ENSMUSG00000033712,Ccar2,ortholog_one2one,1
ENSG00000188419,CHM,ENSMUSG00000025531,Chm,ortholog_one2one,1
ENSG00000149970,CNKSR2,ENSMUSG00000025658,Cnksr2,ortholog_one2one,1
ENSG00000130177,CDC16,ENSMUSG00000038416,Cdc16,ortholog_one2one,1
ENSG00000100422,CERK,ENSMUSG00000035891,Cerk,ortholog_one2one,1
ENSG00000213213,CCDC183,,,,NA
ENSG00000101938,CHRDL1,ENSMUSG00000031283,Chrdl1,ortholog_one2one,1
ENSG00000167971,CASKIN1,ENSMUSG00000033597,Caskin1,ortholog_one2one,1
ENSG00000171450,CDK5R2,ENSMUSG00000090071,Cdk5r2,ortholog_one2one,1
ENSG00000288293,CC2D1A,,,,NA
ENSG00000103995,CEP152,ENSMUSG00000068394,Cep152,ortholog_one2one,1
ENSG00000226248,CLIC1,,,,NA
ENSG00000260916,CCPG1,ENSMUSG00000034563,Ccpg1,ortholog_one2one,1
ENSG00000283361,CFAP97D2,,,,NA
ENSG00000128849,CGNL1,ENSMUSG00000032232,Cgnl1,ortholog_one2one,1
ENSG00000177200,CHD9,ENSMUSG00000056608,Chd9,ortholog_one2one,1
ENSG00000103351,CLUAP1,ENSMUSG00000014232,Cluap1,ortholog_one2one,1
ENSG00000038532,CLEC16A,ENSMUSG00000068663,Clec16a,ortholog_one2one,1
ENSG00000154898,CCDC144CP,,,,NA
ENSG00000127586,CHTF18,ENSMUSG00000019214,Chtf18,ortholog_one2one,1
ENSG00000081138,CDH7,ENSMUSG00000026312,Cdh7,ortholog_one2one,1
ENSG00000278728,CNTNAP2,,,,NA
ENSG00000133313,CNDP2,ENSMUSG00000024644,Cndp2,ortholog_one2one,1
ENSG00000140488,CELF6,ENSMUSG00000032297,Celf6,ortholog_one2one,1
ENSG00000149654,CDH22,ENSMUSG00000053166,Cdh22,ortholog_one2one,1
ENSG00000226651,CLIC1,,,,NA
ENSG00000054803,CBLN4,ENSMUSG00000067578,Cbln4,ortholog_one2one,1
ENSG00000166582,CENPV,ENSMUSG00000018509,Cenpv,ortholog_one2one,1
ENSG00000188596,CFAP54,ENSMUSG00000020014,Cfap54,ortholog_one2one,1
ENSG00000008086,CDKL5,ENSMUSG00000031292,Cdkl5,ortholog_one2one,1
ENSG00000172757,CFL1,ENSMUSG00000056201,Cfl1,ortholog_one2one,1
ENSG00000141668,CBLN2,ENSMUSG00000024647,Cbln2,ortholog_one2one,1
ENSG00000185043,CIB1,ENSMUSG00000030538,Cib1,ortholog_one2one,1
ENSG00000213719,CLIC1,ENSMUSG00000007041,Clic1,ortholog_one2one,1
ENSG00000226417,CLIC1,,,,NA
ENSG00000101542,CDH20,ENSMUSG00000050840,Cdh20,ortholog_one2one,1
ENSG00000147400,CETN2,ENSMUSG00000031347,Cetn2,ortholog_one2one,1
ENSG00000223639,CLIC1,,,,NA
ENSG00000013297,CLDN11,ENSMUSG00000037625,Cldn11,ortholog_one2one,1
ENSG00000105321,CCDC9,ENSMUSG00000041375,Ccdc9,ortholog_one2one,1
ENSG00000168564,CDKN2AIP,ENSMUSG00000038069,Cdkn2aip,ortholog_one2one,1
ENSG00000125954,CHURC1-FNTB,,,,NA
ENSG00000150394,CDH8,ENSMUSG00000036510,Cdh8,ortholog_one2one,1
ENSG00000070371,CLTCL1,,,,NA
ENSG00000122756,CNTFR,ENSMUSG00000028444,Cntfr,ortholog_one2one,1
ENSG00000206394,CLIC1,,,,NA
ENSG00000187094,CCK,ENSMUSG00000032532,Cck,ortholog_one2one,1
ENSG00000122705,CLTA,ENSMUSG00000028478,Clta,ortholog_one2one,1
ENSG00000169714,CNBP,ENSMUSG00000030057,Cnbp,ortholog_one2one,1
ENSG00000130724,CHMP2A,ENSMUSG00000033916,Chmp2a,ortholog_one2one,1
ENSG00000106993,CDC37L1,ENSMUSG00000024780,Cdc37l1,ortholog_one2one,1
ENSG00000080802,CNOT4,ENSMUSG00000038784,Cnot4,ortholog_one2one,1
ENSG00000119946,CNNM1,ENSMUSG00000025189,Cnnm1,ortholog_one2one,1
ENSG00000141367,CLTC,ENSMUSG00000047126,Cltc,ortholog_one2one,1
ENSG00000136861,CDK5RAP2,ENSMUSG00000039298,Cdk5rap2,ortholog_one2one,1
ENSG00000112782,CLIC5,ENSMUSG00000023959,Clic5,ortholog_one2one,0
ENSG00000151838,CCDC175,ENSMUSG00000021086,Ccdc175,ortholog_one2one,0
ENSG00000177182,CLVS1,ENSMUSG00000041216,Clvs1,ortholog_one2one,1
ENSG00000103245,CIAO3,ENSMUSG00000002280,Ciao3,ortholog_one2one,1
ENSG00000106714,CNTNAP3,ENSMUSG00000033063,Cntnap3,ortholog_one2many,1
ENSG00000162004,CCDC78,ENSMUSG00000071202,Ccdc78,ortholog_one2one,1
ENSG00000126247,CAPNS1,ENSMUSG00000001794,Capns1,ortholog_one2one,1
ENSG00000213380,COG8,ENSMUSG00000031916,Cog8,ortholog_one2one,1
ENSG00000099954,CECR2,ENSMUSG00000071226,Cecr2,ortholog_one2one,1
ENSG00000111596,CNOT2,ENSMUSG00000020166,Cnot2,ortholog_one2one,1
ENSG00000126001,CEP250,ENSMUSG00000038241,Cep250,ortholog_one2one,1
ENSG00000134121,CHL1,ENSMUSG00000030077,Chl1,ortholog_one2one,1
ENSG00000120885,CLU,ENSMUSG00000022037,Clu,ortholog_one2one,1
ENSG00000179242,CDH4,ENSMUSG00000000305,Cdh4,ortholog_one2one,1
ENSG00000088038,CNOT3,ENSMUSG00000035632,Cnot3,ortholog_one2one,1
ENSG00000153113,CAST,,,,NA
ENSG00000148019,CEP78,ENSMUSG00000041491,Cep78,ortholog_one2one,1
ENSG00000101204,CHRNA4,ENSMUSG00000027577,Chrna4,ortholog_one2one,1
ENSG00000198898,CAPZA2,ENSMUSG00000015733,Capza2,ortholog_one2one,1
ENSG00000197748,CFAP43,ENSMUSG00000044948,Cfap43,ortholog_one2one,1
ENSG00000183723,CMTM4,ENSMUSG00000096188,Cmtm4,ortholog_one2one,1
ENSG00000128283,CDC42EP1,ENSMUSG00000049521,Cdc42ep1,ortholog_one2one,1
ENSG00000059758,CDK17,ENSMUSG00000020015,Cdk17,ortholog_one2one,1
ENSG00000073464,CLCN4,ENSMUSG00000000605,Clcn4,ortholog_one2one,1
ENSG00000113163,CERT1,ENSMUSG00000021669,Cert1,ortholog_one2one,1
ENSG00000102384,CENPI,ENSMUSG00000031262,Cenpi,ortholog_one2one,1
ENSG00000164597,COG5,ENSMUSG00000035933,Cog5,ortholog_one2one,1
ENSG00000090539,CHRD,ENSMUSG00000006958,Chrd,ortholog_one2one,1
ENSG00000070761,CFAP20,ENSMUSG00000031796,Cfap20,ortholog_one2one,1
ENSG00000145439,CBR4,ENSMUSG00000031641,Cbr4,ortholog_one2one,1
ENSG00000198937,CCDC167,ENSMUSG00000024018,Ccdc167,ortholog_one2one,1
ENSG00000150676,CCDC83,ENSMUSG00000030617,Ccdc83,ortholog_one2one,1
ENSG00000076826,CAMSAP3,ENSMUSG00000044433,Camsap3,ortholog_one2one,1
ENSG00000139182,CLSTN3,ENSMUSG00000008153,Clstn3,ortholog_one2one,1
ENSG00000114423,CBLB,ENSMUSG00000022637,Cblb,ortholog_one2one,1
ENSG00000175416,CLTB,ENSMUSG00000047547,Cltb,ortholog_one2one,1
ENSG00000123374,CDK2,ENSMUSG00000025358,Cdk2,ortholog_one2one,1
ENSG00000213341,CHUK,ENSMUSG00000025199,Chuk,ortholog_one2one,1
ENSG00000140945,CDH13,ENSMUSG00000031841,Cdh13,ortholog_one2one,1
ENSG00000044459,CNTLN,ENSMUSG00000038070,Cntln,ortholog_one2one,1
ENSG00000130176,CNN1,ENSMUSG00000001349,Cnn1,ortholog_one2one,1
ENSG00000153922,CHD1,ENSMUSG00000023852,Chd1,ortholog_one2one,1
ENSG00000101421,CHMP4B,ENSMUSG00000038467,Chmp4b,ortholog_one2many,1
ENSG00000111726,CMAS,ENSMUSG00000030282,Cmas,ortholog_one2one,1
ENSG00000102181,CD99L2,ENSMUSG00000035776,Cd99l2,ortholog_one2one,1
ENSG00000177303,CASKIN2,ENSMUSG00000034471,Caskin2,ortholog_one2one,1
ENSG00000102225,CDK16,ENSMUSG00000031065,Cdk16,ortholog_one2one,1
ENSG00000136026,CKAP4,ENSMUSG00000046841,Ckap4,ortholog_one2one,1
ENSG00000111530,CAND1,ENSMUSG00000020114,Cand1,ortholog_one2one,1
ENSG00000184220,CMSS1,ENSMUSG00000022748,Cmss1,ortholog_one2one,1
ENSG00000103502,CDIPT,ENSMUSG00000030682,Cdipt,ortholog_one2one,1
ENSG00000112186,CAP2,ENSMUSG00000021373,Cap2,ortholog_one2one,1
ENSG00000104853,CLPTM1,ENSMUSG00000002981,Clptm1,ortholog_one2one,1
ENSG00000103249,CLCN7,ENSMUSG00000036636,Clcn7,ortholog_one2one,1
ENSG00000310517,CAST,ENSMUSG00000021585,Cast,ortholog_one2one,1
ENSG00000058404,CAMK2B,ENSMUSG00000057897,Camk2b,ortholog_one2one,1
ENSG00000144580,CNOT9,ENSMUSG00000026174,Cnot9,ortholog_one2one,1
ENSG00000135404,CD63,ENSMUSG00000025351,Cd63,ortholog_one2one,1
ENSG00000135048,CEMIP2,ENSMUSG00000024754,Cemip2,ortholog_one2one,1
ENSG00000108100,CCNY,ENSMUSG00000024286,Ccny,ortholog_one2one,1
ENSG00000119242,CCDC92,ENSMUSG00000037979,Ccdc92,ortholog_one2one,1
ENSG00000164237,CMBL,ENSMUSG00000022235,Cmbl,ortholog_one2one,1
ENSG00000122565,CBX3,,,,NA
ENSG00000197816,CCDC180,ENSMUSG00000035539,Ccdc180,ortholog_one2one,1
ENSG00000145526,CDH18,ENSMUSG00000040420,Cdh18,ortholog_one2one,1
ENSG00000148660,CAMK2G,ENSMUSG00000021820,Camk2g,ortholog_one2one,1
ENSG00000125107,CNOT1,ENSMUSG00000036550,Cnot1,ortholog_one2one,1
ENSG00000105401,CDC37,ENSMUSG00000019471,Cdc37,ortholog_one2one,1
ENSG00000163624,CDS1,ENSMUSG00000029330,Cds1,ortholog_one2one,1
ENSG00000147144,CCDC120,ENSMUSG00000031150,Ccdc120,ortholog_one2one,1
ENSG00000274070,CASTOR2,ENSMUSG00000015944,Castor2,ortholog_one2one,1
ENSG00000110619,CARS1,ENSMUSG00000010755,Cars1,ortholog_one2one,1
ENSG00000153044,CENPH,ENSMUSG00000045273,Cenph,ortholog_one2one,1
ENSG00000258289,CHURC1,ENSMUSG00000090258,Churc1,ortholog_one2one,1
ENSG00000004897,CDC27,ENSMUSG00000020687,Cdc27,ortholog_one2one,1
ENSG00000197467,COL13A1,ENSMUSG00000058806,Col13a1,ortholog_one2one,1
ENSG00000137200,CMTR1,ENSMUSG00000024019,Cmtr1,ortholog_one2one,1
ENSG00000168539,CHRM1,ENSMUSG00000032773,Chrm1,ortholog_one2one,1
ENSG00000141577,CEP131,ENSMUSG00000039781,Cep131,ortholog_one2one,1
ENSG00000134852,CLOCK,ENSMUSG00000029238,Clock,ortholog_one2one,1
ENSG00000113100,CDH9,ENSMUSG00000025370,Cdh9,ortholog_one2one,1
ENSG00000168434,COG7,ENSMUSG00000034951,Cog7,ortholog_one2one,1
ENSG00000164076,CAMKV,ENSMUSG00000032936,Camkv,ortholog_one2one,1
ENSG00000099622,CIRBP,ENSMUSG00000045193,Cirbp,ortholog_one2one,1
ENSG00000099814,CEP170B,ENSMUSG00000072825,Cep170b,ortholog_one2one,1
ENSG00000168071,CCDC88B,ENSMUSG00000047810,Ccdc88b,ortholog_one2one,1
ENSG00000147457,CHMP7,ENSMUSG00000034190,Chmp7,ortholog_one2one,1
ENSG00000198087,CD2AP,ENSMUSG00000061665,Cd2ap,ortholog_one2one,1
ENSG00000108509,CAMTA2,ENSMUSG00000040712,Camta2,ortholog_one2one,1
ENSG00000186714,CCDC73,ENSMUSG00000045106,Ccdc73,ortholog_one2one,1
ENSG00000138769,CDKL2,ENSMUSG00000029403,Cdkl2,ortholog_one2one,1
ENSG00000128656,CHN1,ENSMUSG00000056486,Chn1,ortholog_one2one,1
ENSG00000122873,CISD1,ENSMUSG00000037710,Cisd1,ortholog_one2one,1
ENSG00000198752,CDC42BPB,ENSMUSG00000021279,Cdc42bpb,ortholog_one2one,1
ENSG00000060339,CCAR1,ENSMUSG00000020074,Ccar1,ortholog_one2one,1
ENSG00000188343,CIBAR1,ENSMUSG00000028218,Cibar1,ortholog_one2one,1
ENSG00000164366,CCDC127,ENSMUSG00000021578,Ccdc127,ortholog_one2one,1
ENSG00000154529,CNTNAP3B,ENSMUSG00000033063,Cntnap3,ortholog_one2many,1
ENSG00000153132,CLGN,ENSMUSG00000002190,Clgn,ortholog_one2one,1
ENSG00000127022,CANX,ENSMUSG00000020368,Canx,ortholog_one2one,1
ENSG00000007080,CCDC124,ENSMUSG00000007721,Ccdc124,ortholog_one2one,1
ENSG00000132024,CC2D1A,ENSMUSG00000036686,Cc2d1a,ortholog_one2one,1
ENSG00000149187,CELF1,ENSMUSG00000005506,Celf1,ortholog_one2one,1
ENSG00000143126,CELSR2,ENSMUSG00000068740,Celsr2,ortholog_one2one,1
ENSG00000163617,CCDC191,ENSMUSG00000022701,Ccdc191,ortholog_one2one,1
ENSG00000170955,CAVIN3,ENSMUSG00000037060,Cavin3,ortholog_one2one,1
ENSG00000004468,CD38,ENSMUSG00000029084,Cd38,ortholog_one2one,1
ENSG00000111642,CHD4,ENSMUSG00000063870,Chd4,ortholog_one2one,1
ENSG00000079691,CARMIL1,ENSMUSG00000021338,Carmil1,ortholog_one2one,1
ENSG00000108465,CDK5RAP3,ENSMUSG00000018669,Cdk5rap3,ortholog_one2one,1
ENSG00000131165,CHMP1A,ENSMUSG00000000743,Chmp1a,ortholog_one2one,1
ENSG00000254505,CHMP4A,,,,NA
ENSG00000128596,CCDC136,ENSMUSG00000029769,Ccdc136,ortholog_one2one,1
ENSG00000089486,CDIP1,ENSMUSG00000004071,Cdip1,ortholog_one2one,1
ENSG00000130779,CLIP1,ENSMUSG00000049550,Clip1,ortholog_one2one,1
ENSG00000165959,CLMN,ENSMUSG00000021097,Clmn,ortholog_one2one,1
ENSG00000166595,CIAO2B,ENSMUSG00000031879,Ciao2b,ortholog_one2one,1
ENSG00000157224,CLDN12,ENSMUSG00000046798,Cldn12,ortholog_one2one,1
ENSG00000103540,CCP110,ENSMUSG00000033904,Ccp110,ortholog_one2one,1
ENSG00000137161,CNPY3,ENSMUSG00000023973,Cnpy3,ortholog_one2one,1
ENSG00000121691,CAT,ENSMUSG00000027187,Cat,ortholog_one2one,1
ENSG00000159753,CARMIL2,ENSMUSG00000050357,Carmil2,ortholog_one2one,1
ENSG00000187446,CHP1,ENSMUSG00000014077,Chp1,ortholog_one2one,1
ENSG00000140937,CDH11,ENSMUSG00000031673,Cdh11,ortholog_one2one,1
ENSG00000091972,CD200,ENSMUSG00000022661,Cd200,ortholog_one2one,1
ENSG00000236279,CLEC2L,ENSMUSG00000079598,Clec2l,ortholog_one2one,1
ENSG00000109684,CLNK,ENSMUSG00000039315,Clnk,ortholog_one2one,1
ENSG00000108588,CCDC47,ENSMUSG00000078622,Ccdc47,ortholog_one2one,1
ENSG00000152910,CNTNAP4,ENSMUSG00000031772,Cntnap4,ortholog_one2one,1
ENSG00000181982,CCDC149,ENSMUSG00000045790,Ccdc149,ortholog_one2one,1
ENSG00000136280,CCM2,ENSMUSG00000000378,Ccm2,ortholog_one2one,1
ENSG00000153048,CARHSP1,ENSMUSG00000008393,Carhsp1,ortholog_one2one,1
ENSG00000156345,CDK20,ENSMUSG00000021483,Cdk20,ortholog_one2one,1
ENSG00000099804,CDC34,ENSMUSG00000020870,Cdc34b,ortholog_one2one,0
ENSG00000145349,CAMK2D,,,,NA
ENSG00000132361,CLUH,ENSMUSG00000020741,Cluh,ortholog_one2one,1
ENSG00000125633,CCDC93,ENSMUSG00000026339,Ccdc93,ortholog_one2one,1
ENSG00000153721,CNKSR3,ENSMUSG00000015202,Cnksr3,ortholog_one2one,1
ENSG00000183513,COA5,ENSMUSG00000026112,Coa5,ortholog_one2one,1
ENSG00000100604,CHGA,ENSMUSG00000021194,Chga,ortholog_one2one,1
ENSG00000186648,CARMIL3,ENSMUSG00000022211,Carmil3,ortholog_one2one,1
ENSG00000198791,CNOT7,ENSMUSG00000031601,Cnot7,ortholog_one2one,1
ENSG00000206113,CFAP99,ENSMUSG00000109572,Cfap99,ortholog_one2one,1
ENSG00000154162,CDH12,ENSMUSG00000040452,Cdh12,ortholog_one2one,1
ENSG00000103051,COG4,ENSMUSG00000031753,Cog4,ortholog_one2one,1
ENSG00000267909,CCDC177,ENSMUSG00000062961,Ccdc177,ortholog_one2one,1
ENSG00000205403,CFI,ENSMUSG00000058952,Cfi,ortholog_one2one,1
ENSG00000147419,CCDC25,ENSMUSG00000022035,Ccdc25,ortholog_one2one,1
ENSG00000099338,CATSPERG,ENSMUSG00000049123,Catsperg2,ortholog_one2many,0
ENSG00000099338,CATSPERG,ENSMUSG00000049676,Catsperg1,ortholog_one2many,1
ENSG00000005194,CIAPIN1,ENSMUSG00000031781,Ciapin1,ortholog_one2one,1
ENSG00000130559,CAMSAP1,ENSMUSG00000026933,Camsap1,ortholog_one2one,1
ENSG00000188649,CC2D2B,ENSMUSG00000108929,Cc2d2b,ortholog_one2one,1
ENSG00000135446,CDK4,ENSMUSG00000006728,Cdk4,ortholog_one2one,1
ENSG00000180376,CCDC66,ENSMUSG00000046753,Ccdc66,ortholog_one2one,1
ENSG00000173992,CCS,ENSMUSG00000034108,Ccs,ortholog_one2one,1
ENSG00000048740,CELF2,ENSMUSG00000002107,Celf2,ortholog_one2one,1
ENSG00000133773,CCDC59,ENSMUSG00000019897,Ccdc59,ortholog_one2one,1
ENSG00000131375,CAPN7,ENSMUSG00000021893,Capn7,ortholog_one2one,1
ENSG00000106069,CHN2,ENSMUSG00000004633,Chn2,ortholog_one2one,1
ENSG00000174799,CEP135,ENSMUSG00000036403,Cep135,ortholog_one2one,1
ENSG00000042493,CAPG,ENSMUSG00000056737,Capg,ortholog_one2one,1
ENSG00000111860,CEP85L,ENSMUSG00000038594,Cep85l,ortholog_one2one,1
ENSG00000167258,CDK12,ENSMUSG00000003119,Cdk12,ortholog_one2one,1
ENSG00000128891,CCDC32,ENSMUSG00000039983,Ccdc32,ortholog_one2one,0
ENSG00000165233,CARD19,ENSMUSG00000037960,Card19,ortholog_one2one,1
ENSG00000141519,CCDC40,ENSMUSG00000039963,Ccdc40,ortholog_one2one,1
ENSG00000165813,CCDC186,ENSMUSG00000035173,Ccdc186,ortholog_one2one,1
ENSG00000166855,CLPX,ENSMUSG00000015357,Clpx,ortholog_one2one,1
ENSG00000163689,CFAP20DC,ENSMUSG00000021747,Cfap20dc,ortholog_one2one,1
ENSG00000148842,CNNM2,ENSMUSG00000064105,Cnnm2,ortholog_one2one,1
ENSG00000198707,CEP290,ENSMUSG00000019971,Cep290,ortholog_one2one,1
ENSG00000120051,CFAP58,ENSMUSG00000046585,Cfap58,ortholog_one2one,1
ENSG00000105792,CFAP69,ENSMUSG00000040473,Cfap69,ortholog_one2one,1
ENSG00000010278,CD9,ENSMUSG00000030342,Cd9,ortholog_one2one,1
ENSG00000123106,CCDC91,ENSMUSG00000030301,Ccdc91,ortholog_one2one,1
ENSG00000205423,CNEP1R1,ENSMUSG00000036810,Cnep1r1,ortholog_one2one,1
ENSG00000115484,CCT4,ENSMUSG00000007739,Cct4,ortholog_one2one,1
ENSG00000163749,CCDC158,ENSMUSG00000050050,Ccdc158,ortholog_one2one,1
ENSG00000177697,CD151,ENSMUSG00000025510,Cd151,ortholog_one2one,1
ENSG00000115295,CLIP4,ENSMUSG00000024059,Clip4,ortholog_one2one,1
ENSG00000106153,CHCHD2,ENSMUSG00000070493,Chchd2,ortholog_one2one,1
ENSG00000205476,CCDC85C,ENSMUSG00000084883,Ccdc85c,ortholog_one2one,1
ENSG00000164309,CMYA5,ENSMUSG00000047419,Cmya5,ortholog_one2one,1
ENSG00000112144,CILK1,ENSMUSG00000009828,Cilk1,ortholog_one2one,1
ENSG00000058091,CDK14,ENSMUSG00000028926,Cdk14,ortholog_one2one,1
ENSG00000107771,CCSER2,ENSMUSG00000058690,Ccser2,ortholog_one2one,1
ENSG00000110318,CEP126,ENSMUSG00000040729,Cep126,ortholog_one2one,1
ENSG00000040731,CDH10,ENSMUSG00000022321,Cdh10,ortholog_one2one,1
ENSG00000048342,CC2D2A,ENSMUSG00000039765,Cc2d2a,ortholog_one2one,1
ENSG00000146574,CCZ1B,ENSMUSG00000029617,Ccz1,ortholog_one2many,1
ENSG00000111799,COL12A1,ENSMUSG00000032332,Col12a1,ortholog_one2one,1
ENSG00000106477,CEP41,ENSMUSG00000029790,Cep41,ortholog_one2one,1
ENSG00000105810,CDK6,ENSMUSG00000040274,Cdk6,ortholog_one2one,1
ENSG00000119397,CNTRL,ENSMUSG00000057110,Cntrl,ortholog_one2one,1
ENSG00000155508,CNOT8,ENSMUSG00000020515,Cnot8,ortholog_one2one,1
ENSG00000166091,CMTM5,ENSMUSG00000040759,Cmtm5,ortholog_one2one,1
ENSG00000122966,CIT,ENSMUSG00000029516,Cit,ortholog_one2one,1
ENSG00000177469,CAVIN1,ENSMUSG00000004044,Cavin1,ortholog_one2one,1
ENSG00000168802,CHTF8,ENSMUSG00000046691,Chtf8,ortholog_one2one,1
ENSG00000110172,CHORDC1,ENSMUSG00000001774,Chordc1,ortholog_one2one,1
ENSG00000100888,CHD8,ENSMUSG00000053754,Chd8,ortholog_one2one,1
ENSG00000132141,CCT6B,ENSMUSG00000020698,Cct6b,ortholog_one2one,1
ENSG00000179604,CDC42EP4,ENSMUSG00000041598,Cdc42ep4,ortholog_one2one,1
ENSG00000055813,CCDC85A,ENSMUSG00000032878,Ccdc85a,ortholog_one2one,1
ENSG00000171811,CFAP46,ENSMUSG00000049571,Cfap46,ortholog_one2one,1
ENSG00000164615,CAMLG,ENSMUSG00000021501,Caml,ortholog_one2one,1
ENSG00000106603,COA1,,,,NA
ENSG00000114859,CLCN2,ENSMUSG00000022843,Clcn2,ortholog_one2one,1
ENSG00000164305,CASP3,ENSMUSG00000031628,Casp3,ortholog_one2one,1
ENSG00000269720,CCDC194,ENSMUSG00000108900,Ccdc194,ortholog_one2one,1
ENSG00000144395,CCDC150,ENSMUSG00000025983,Ccdc150,ortholog_one2one,1
ENSG00000094916,CBX5,ENSMUSG00000009575,Cbx5,ortholog_one2one,1
ENSG00000151465,CDC123,ENSMUSG00000039128,Cdc123,ortholog_one2one,1
ENSG00000104879,CKM,ENSMUSG00000030399,Ckm,ortholog_one2one,1
ENSG00000086065,CHMP5,ENSMUSG00000028419,Chmp5,ortholog_one2one,1
ENSG00000152495,CAMK4,ENSMUSG00000038128,Camk4,ortholog_one2one,1
ENSG00000109089,CDR2L,ENSMUSG00000050910,Cdr2l,ortholog_one2one,1
ENSG00000131730,CKMT2,ENSMUSG00000021622,Ckmt2,ortholog_one2one,1
ENSG00000162129,CLPB,ENSMUSG00000001829,Clpb,ortholog_one2one,1
ENSG00000213066,CEP43,ENSMUSG00000069135,Cep43,ortholog_one2one,1
ENSG00000118432,CNR1,ENSMUSG00000044288,Cnr1,ortholog_one2one,1
ENSG00000004660,CAMKK1,ENSMUSG00000020785,Camkk1,ortholog_one2one,1
ENSG00000113361,CDH6,ENSMUSG00000039385,Cdh6,ortholog_one2one,1
ENSG00000142453,CARM1,ENSMUSG00000032185,Carm1,ortholog_one2one,1
ENSG00000161082,CELF5,ENSMUSG00000034818,Celf5,ortholog_one2one,1
ENSG00000019582,CD74,ENSMUSG00000024610,Cd74,ortholog_one2one,1
ENSG00000106078,COBL,ENSMUSG00000020173,Cobl,ortholog_one2one,1
ENSG00000153237,CCDC148,ENSMUSG00000036641,Ccdc148,ortholog_one2one,1
ENSG00000135624,CCT7,ENSMUSG00000030007,Cct7,ortholog_one2one,1
ENSG00000168491,CCDC110,,,,NA
ENSG00000125656,CLPP,ENSMUSG00000002660,Clpp,ortholog_one2one,1
ENSG00000113282,CLINT1,ENSMUSG00000006169,Clint1,ortholog_one2one,1
ENSG00000108349,CASC3,ENSMUSG00000078676,Casc3,ortholog_one2one,1
ENSG00000111276,CDKN1B,ENSMUSG00000003031,Cdkn1b,ortholog_one2one,1
ENSG00000258890,CEP95,ENSMUSG00000018372,Cep95,ortholog_one2one,1
ENSG00000135205,CCDC146,ENSMUSG00000064280,Ccdc146,ortholog_one2one,1
ENSG00000049656,CLPTM1L,ENSMUSG00000021610,Clptm1l,ortholog_one2one,1
ENSG00000174469,CNTNAP2,ENSMUSG00000039419,Cntnap2,ortholog_one2one,1
ENSG00000146731,CCT6A,ENSMUSG00000029447,Cct6a,ortholog_one2one,1
ENSG00000100629,CEP128,ENSMUSG00000061533,Cep128,ortholog_one2one,1
ENSG00000091527,CDV3,ENSMUSG00000032803,Cdv3,ortholog_one2one,1
ENSG00000109572,CLCN3,ENSMUSG00000004319,Clcn3,ortholog_one2one,1
ENSG00000153815,CMIP,ENSMUSG00000034390,Cmip,ortholog_one2one,1
ENSG00000166165,CKB,ENSMUSG00000001270,Ckb,ortholog_one2one,1
ENSG00000110888,CAPRIN2,ENSMUSG00000030309,Caprin2,ortholog_one2one,1
ENSG00000015133,CCDC88C,ENSMUSG00000021182,Ccdc88c,ortholog_one2one,1
ENSG00000106665,CLIP2,ENSMUSG00000063146,Clip2,ortholog_one2one,1
ENSG00000105974,CAV1,ENSMUSG00000007655,Cav1,ortholog_one2one,1
ENSG00000163001,CFAP36,ENSMUSG00000020462,Cfap36,ortholog_one2one,1
ENSG00000138778,CENPE,ENSMUSG00000045328,Cenpe,ortholog_one2one,1
ENSG00000284862,CCDC39,ENSMUSG00000027676,Ccdc39,ortholog_one2one,1
ENSG00000135315,CEP162,ENSMUSG00000056919,Cep162,ortholog_one2one,1
ENSG00000110274,CEP164,ENSMUSG00000043987,Cep164,ortholog_one2one,0
ENSG00000165410,CFL2,ENSMUSG00000062929,Cfl2,ortholog_one2one,1
ENSG00000105270,CLIP3,ENSMUSG00000013921,Clip3,ortholog_one2one,1
ENSG00000108091,CCDC6,ENSMUSG00000048701,Ccdc6,ortholog_one2one,1
ENSG00000164118,CEP44,ENSMUSG00000038215,Cep44,ortholog_one2one,1
ENSG00000014216,CAPN1,ENSMUSG00000024942,Capn1,ortholog_one2one,1
ENSG00000024862,CCDC28A,ENSMUSG00000059554,Ccdc28a,ortholog_one2one,1
ENSG00000145996,CDKAL1,ENSMUSG00000006191,Cdkal1,ortholog_one2one,1
ENSG00000166226,CCT2,ENSMUSG00000034024,Cct2,ortholog_one2one,1
ENSG00000142039,CCDC97,ENSMUSG00000002608,Ccdc97,ortholog_one2one,1
ENSG00000175216,CKAP5,ENSMUSG00000040549,Ckap5,ortholog_one2one,1
ENSG00000188037,CLCN1,ENSMUSG00000029862,Clcn1,ortholog_one2one,1
ENSG00000150753,CCT5,ENSMUSG00000022234,Cct5,ortholog_one2one,1
ENSG00000144712,CAND2,ENSMUSG00000030319,Cand2,ortholog_one2one,1
ENSG00000134115,CNTN6,ENSMUSG00000030092,Cntn6,ortholog_one2one,1
ENSG00000182504,CEP97,ENSMUSG00000022604,Cep97,ortholog_one2one,1
ENSG00000145354,CISD2,ENSMUSG00000028165,Cisd2,ortholog_one2one,1
ENSG00000166004,CEP295,ENSMUSG00000046111,Cep295,ortholog_one2one,1
ENSG00000120262,CCDC170,ENSMUSG00000019767,Ccdc170,ortholog_one2one,1
ENSG00000213085,CFAP45,ENSMUSG00000026546,Cfap45,ortholog_one2one,1
ENSG00000146352,CLVS2,ENSMUSG00000019785,Clvs2,ortholog_one2one,1
ENSG00000135387,CAPRIN1,ENSMUSG00000027184,Caprin1,ortholog_one2one,1
ENSG00000138764,CCNG2,ENSMUSG00000029385,Ccng2,ortholog_one2one,1
ENSG00000074201,CLNS1A,ENSMUSG00000025439,Clns1a,ortholog_one2one,1
ENSG00000006837,CDKL3,ENSMUSG00000020389,Cdkl3,ortholog_one2one,1
ENSG00000096401,CDC5L,ENSMUSG00000112814,Cdc5lrt5,ortholog_one2many,0
ENSG00000096401,CDC5L,ENSMUSG00000112027,Cdc5lrt7,ortholog_one2many,0
ENSG00000096401,CDC5L,ENSMUSG00000112419,Cdc5lrt6,ortholog_one2many,0
ENSG00000096401,CDC5L,ENSMUSG00000112495,Cdc5lrt9,ortholog_one2many,0
ENSG00000096401,CDC5L,ENSMUSG00000112216,Cdc5lrt1,ortholog_one2many,0
ENSG00000096401,CDC5L,ENSMUSG00000023932,Cdc5l,ortholog_one2many,1
ENSG00000096401,CDC5L,ENSMUSG00000112919,Cdc5lrt10,ortholog_one2many,0
ENSG00000096401,CDC5L,ENSMUSG00000112252,Cdc5lrt4,ortholog_one2many,0
ENSG00000096401,CDC5L,ENSMUSG00000112781,Cdc5lrt8,ortholog_one2many,0
ENSG00000159685,CHCHD6,ENSMUSG00000030086,Chchd6,ortholog_one2one,1
ENSG00000100865,CINP,ENSMUSG00000021276,Cinp,ortholog_one2one,1
ENSG00000113805,CNTN3,ENSMUSG00000030075,Cntn3,ortholog_one2one,1
ENSG00000172508,CARNS1,ENSMUSG00000075289,Carns1,ortholog_one2one,1
ENSG00000184305,CCSER1,ENSMUSG00000039578,Ccser1,ortholog_one2one,1
ENSG00000094880,CDC23,ENSMUSG00000024370,Cdc23,ortholog_one2one,1
ENSG00000130695,CEP85,ENSMUSG00000037443,Cep85,ortholog_one2one,1
ENSG00000149548,CCDC15,ENSMUSG00000034303,Ccdc15,ortholog_one2one,0
ENSG00000026508,CD44,ENSMUSG00000005087,Cd44,ortholog_one2one,1
ENSG00000166685,COG1,ENSMUSG00000018661,Cog1,ortholog_one2one,1
ENSG00000154222,CC2D1B,ENSMUSG00000028582,Cc2d1b,ortholog_one2one,1
ENSG00000198286,CARD11,ENSMUSG00000036526,Card11,ortholog_one2one,1
ENSG00000187118,CMC1,ENSMUSG00000039163,Cmc1,ortholog_one2one,1
ENSG00000121289,CEP89,ENSMUSG00000023072,Cep89,ortholog_one2one,1
ENSG00000016391,CHDH,ENSMUSG00000015970,Chdh,ortholog_one2one,1
ENSG00000113328,CCNG1,ENSMUSG00000020326,Ccng1,ortholog_one2one,1
ENSG00000099625,CBARP,ENSMUSG00000035640,Cbarp,ortholog_one2one,1
ENSG00000068120,COASY,ENSMUSG00000001755,Coasy,ortholog_one2one,1
ENSG00000168763,CNNM3,ENSMUSG00000001138,Cnnm3,ortholog_one2one,1
ENSG00000094804,CDC6,ENSMUSG00000017499,Cdc6,ortholog_one2one,1
ENSG00000131236,CAP1,ENSMUSG00000028656,Cap1,ortholog_one2one,1
ENSG00000106554,CHCHD3,ENSMUSG00000053768,Chchd3,ortholog_one2one,1
ENSG00000173093,CCDC63,,,,NA
ENSG00000184524,CEND1,ENSMUSG00000060240,Cend1,ortholog_one2one,1
ENSG00000070808,CAMK2A,ENSMUSG00000024617,Camk2a,ortholog_one2one,1
ENSG00000085117,CD82,ENSMUSG00000027215,Cd82,ortholog_one2one,1
ENSG00000183978,COA3,ENSMUSG00000017188,Coa3,ortholog_one2one,1
ENSG00000277972,CISD3,ENSMUSG00000078695,Cisd3,ortholog_one2one,0
ENSG00000203697,CAPN8,ENSMUSG00000038599,Capn8,ortholog_one2one,1
ENSG00000172292,CERS6,ENSMUSG00000027035,Cers6,ortholog_one2one,1
ENSG00000164885,CDK5,ENSMUSG00000028969,Cdk5,ortholog_one2one,1
ENSG00000173588,CEP83,ENSMUSG00000020024,Cep83,ortholog_one2one,1
ENSG00000018236,CNTN1,ENSMUSG00000055022,Cntn1,ortholog_one2one,1
ENSG00000108797,CNTNAP1,ENSMUSG00000017167,Cntnap1,ortholog_one2one,1
ENSG00000163507,CIP2A,ENSMUSG00000033031,Cip2a,ortholog_one2one,1
ENSG00000110931,CAMKK2,ENSMUSG00000029471,Camkk2,ortholog_one2one,1
ENSG00000170004,CHD3,ENSMUSG00000018474,Chd3,ortholog_one2one,1
ENSG00000149260,CAPN5,ENSMUSG00000035547,Capn5,ortholog_one2one,1
ENSG00000168497,CAVIN2,ENSMUSG00000045954,Cavin2,ortholog_one2one,1
ENSG00000257727,CNPY2,ENSMUSG00000025381,Cnpy2,ortholog_one2one,1
ENSG00000163815,CLEC3B,ENSMUSG00000025784,Clec3b,ortholog_one2one,1
ENSG00000178404,CEP295NL,ENSMUSG00000076433,Cep295nl,ortholog_one2one,0
ENSG00000083937,CHMP2B,ENSMUSG00000004843,Chmp2b,ortholog_one2one,1
ENSG00000162852,CNST,ENSMUSG00000038949,Cnst,ortholog_one2one,1
ENSG00000176155,CCDC57,ENSMUSG00000048445,Ccdc57,ortholog_one2one,1
ENSG00000110395,CBL,ENSMUSG00000034342,Cbl,ortholog_one2one,1
ENSG00000221978,CCNL2,ENSMUSG00000029068,Ccnl2,ortholog_one2one,1
ENSG00000149972,CNTN5,ENSMUSG00000039488,Cntn5,ortholog_one2one,1
ENSG00000173786,CNP,ENSMUSG00000006782,Cnp,ortholog_one2one,1
ENSG00000180720,CHRM4,ENSMUSG00000040495,Chrm4,ortholog_one2one,1
ENSG00000183833,CFAP91,ENSMUSG00000022805,Cfap91,ortholog_one2one,1
ENSG00000099834,CDHR5,ENSMUSG00000025497,Cdhr5,ortholog_one2one,1
ENSG00000135837,CEP350,ENSMUSG00000033671,Cep350,ortholog_one2one,1
ENSG00000085063,CD59,ENSMUSG00000068686,Cd59b,ortholog_one2many,0
ENSG00000085063,CD59,ENSMUSG00000032679,Cd59a,ortholog_one2many,0
ENSG00000110651,CD81,ENSMUSG00000037706,Cd81,ortholog_one2one,1
ENSG00000149798,CDC42EP2,ENSMUSG00000045664,Cdc42ep2,ortholog_one2one,1
ENSG00000177830,CHID1,ENSMUSG00000025512,Chid1,ortholog_one2one,1
ENSG00000180329,CCDC43,ENSMUSG00000020925,Ccdc43,ortholog_one2one,1
ENSG00000176108,CHMP6,ENSMUSG00000025371,Chmp6,ortholog_one2one,1
ENSG00000243710,CFAP57,ENSMUSG00000028730,Cfap57,ortholog_one2one,1
ENSG00000176749,CDK5R1,ENSMUSG00000048895,Cdk5r1,ortholog_one2one,1
ENSG00000244607,CCDC13,ENSMUSG00000079235,Ccdc13,ortholog_one2one,1
ENSG00000110148,CCKBR,ENSMUSG00000030898,Cckbr,ortholog_one2one,1
ENSG00000143776,CDC42BPA,ENSMUSG00000026490,Cdc42bpa,ortholog_one2one,1
ENSG00000073754,CD5L,ENSMUSG00000015854,Cd5l,ortholog_one2one,1
ENSG00000080822,CLDND1,ENSMUSG00000022744,Cldnd1,ortholog_one2one,1
ENSG00000164051,CCDC51,ENSMUSG00000025645,Ccdc51,ortholog_one2one,1
ENSG00000091986,CCDC80,ENSMUSG00000022665,Ccdc80,ortholog_one2one,1
ENSG00000248333,CDK11B,ENSMUSG00000029062,Cdk11b,ortholog_one2many,1
ENSG00000163249,CCNYL1,ENSMUSG00000070871,Ccnyl1,ortholog_one2many,1
ENSG00000152492,CCDC50,ENSMUSG00000038127,Ccdc50,ortholog_one2one,1
ENSG00000196776,CD47,ENSMUSG00000055447,Cd47,ortholog_one2one,1
ENSG00000162368,CMPK1,ENSMUSG00000028719,Cmpk1,ortholog_one2one,1
ENSG00000206530,CFAP44,ENSMUSG00000071550,Cfap44,ortholog_one2one,1
ENSG00000160050,CCDC28B,ENSMUSG00000028795,Ccdc28b,ortholog_one2one,1
ENSG00000182973,CNOT10,ENSMUSG00000056167,Cnot10,ortholog_one2one,1
ENSG00000163468,CCT3,ENSMUSG00000001416,Cct3,ortholog_one2one,1
ENSG00000144021,CIAO1,ENSMUSG00000003662,Ciao1,ortholog_one2one,1
ENSG00000134371,CDC73,ENSMUSG00000026361,Cdc73,ortholog_one2one,1
ENSG00000144619,CNTN4,ENSMUSG00000064293,Cntn4,ortholog_one2one,1
ENSG00000162909,CAPN2,ENSMUSG00000026509,Capn2,ortholog_one2one,1
ENSG00000134326,CMPK2,ENSMUSG00000020638,Cmpk2,ortholog_one2one,1
ENSG00000163539,CLASP2,ENSMUSG00000033392,Clasp2,ortholog_one2one,1
ENSG00000117266,CDK18,ENSMUSG00000026437,Cdk18,ortholog_one2one,1
ENSG00000070831,CDC42,ENSMUSG00000006699,Cdc42,ortholog_one2one,1
ENSG00000011021,CLCN6,ENSMUSG00000029016,Clcn6,ortholog_one2one,1
ENSG00000171735,CAMTA1,ENSMUSG00000014592,Camta1,ortholog_one2one,1
ENSG00000008118,CAMK1G,ENSMUSG00000016179,Camk1g,ortholog_one2one,1
ENSG00000184908,CLCNKB,ENSMUSG00000033770,Clcnka,ortholog_many2many,1
ENSG00000184908,CLCNKB,ENSMUSG00000006216,Clcnkb,ortholog_many2many,1
ENSG00000115355,CCDC88A,ENSMUSG00000032740,Ccdc88a,ortholog_one2one,1
ENSG00000117519,CNN3,ENSMUSG00000053931,Cnn3,ortholog_one2one,1
ENSG00000116198,CEP104,ENSMUSG00000039523,Cep104,ortholog_one2one,1
ENSG00000159409,CELF3,ENSMUSG00000028137,Celf3,ortholog_one2one,1
ENSG00000116489,CAPZA1,ENSMUSG00000070372,Capza1,ortholog_one2many,1
ENSG00000116489,CAPZA1,ENSMUSG00000055357,Capza1b,ortholog_one2many,0
ENSG00000158158,CNNM4,ENSMUSG00000037408,Cnnm4,ortholog_one2one,1
ENSG00000115561,CHMP3,ENSMUSG00000053119,Chmp3,ortholog_one2one,1
ENSG00000218739,CEBPZOS,ENSMUSG00000062691,Cebpzos,ortholog_one2one,1
ENSG00000119865,CNRIP1,ENSMUSG00000044629,Cnrip1,ortholog_one2one,1
ENSG00000155052,CNTNAP5,,,,NA
ENSG00000163006,CCDC138,ENSMUSG00000038010,Ccdc138,ortholog_one2one,1
ENSG00000158435,CNOT11,ENSMUSG00000003135,Cnot11,ortholog_one2one,1
ENSG00000143418,CERS2,ENSMUSG00000015714,Cers2,ortholog_one2one,1
ENSG00000133019,CHRM3,ENSMUSG00000046159,Chrm3,ortholog_one2one,1
ENSG00000074054,CLASP1,ENSMUSG00000064302,Clasp1,ortholog_one2one,1
ENSG00000142609,CFAP74,ENSMUSG00000078490,Cfap74,ortholog_one2one,1
ENSG00000143375,CGN,ENSMUSG00000068876,Cgn,ortholog_one2one,1
ENSG00000142675,CNKSR1,ENSMUSG00000028841,Cnksr1,ortholog_one2one,1
ENSG00000143318,CASQ1,ENSMUSG00000007122,Casq1,ortholog_one2one,1
ENSG00000060718,COL11A1,ENSMUSG00000027966,Col11a1,ortholog_one2one,1
ENSG00000122483,CCDC18,ENSMUSG00000056531,Ccdc18,ortholog_one2one,1
ENSG00000143702,CEP170,ENSMUSG00000057335,Cep170,ortholog_one2one,1
ENSG00000116254,CHD5,ENSMUSG00000005045,Chd5,ortholog_one2one,1
ENSG00000134255,CEPT1,ENSMUSG00000040774,Cept1,ortholog_one2one,1
ENSG00000186409,CCDC30,ENSMUSG00000028637,Ccdc30,ortholog_one2one,0
ENSG00000160679,CHTOP,ENSMUSG00000001017,Chtop,ortholog_one2one,1
ENSG00000135775,COG2,ENSMUSG00000031979,Cog2,ortholog_one2one,1
ENSG00000118200,CAMSAP2,ENSMUSG00000041570,Camsap2,ortholog_one2one,1
ENSG00000169504,CLIC4,ENSMUSG00000037242,Clic4,ortholog_one2one,1
ENSG00000143786,CNIH3,ENSMUSG00000026514,Cnih3,ortholog_one2one,1
ENSG00000132906,CASP9,ENSMUSG00000028914,Casp9,ortholog_one2one,1
ENSG00000184144,CNTN2,ENSMUSG00000053024,Cntn2,ortholog_one2one,1
ENSG00000196352,CD55,ENSMUSG00000026401,Cd55b,ortholog_one2many,0
ENSG00000196352,CD55,ENSMUSG00000026399,Cd55,ortholog_one2many,0
ENSG00000162377,COA7,ENSMUSG00000048351,Coa7,ortholog_one2one,1
ENSG00000077549,CAPZB,ENSMUSG00000028745,Capzb,ortholog_one2one,1
ENSG00000154429,CCSAP,ENSMUSG00000031971,Ccsap,ortholog_one2one,1
ENSG00000117724,CENPF,ENSMUSG00000026605,Cenpf,ortholog_one2one,1
ENSG00000121940,CLCC1,ENSMUSG00000027884,Clcc1,ortholog_one2one,1
ENSG00000000971,CFH,,,,NA
ENSG00000171603,CLSTN1,ENSMUSG00000039953,Clstn1,ortholog_one2one,1
ENSG00000067048,DDX3Y,ENSMUSG00000069045,Ddx3y,ortholog_one2one,1
ENSG00000286673,DHRS4L1,,,,NA
ENSG00000290630,DHRS4L1,,,,NA
ENSG00000285036,DHRS4L1,,,,NA
ENSG00000285221,CPNE6,,,,NA
ENSG00000284796,DCAF11,,,,NA
ENSG00000284868,DHRS1,,,,NA
ENSG00000284807,DHRS4,,,,NA
ENSG00000292270,DHRS4L2,,,,NA
ENSG00000284898,DHRS4L1,,,,NA
ENSG00000282825,CTIF,,,,NA
ENSG00000284850,DCP1B,,,,NA
ENSG00000291596,COX5B,,,,NA
ENSG00000288401,CTTN,,,,NA
ENSG00000285482,DGAT1,,,,NA
ENSG00000285049,CPSF1,,,,NA
ENSG00000291748,COL3A1,,,,NA
ENSG00000292234,COL18A1,,,,NA
ENSG00000274429,DLG5,,,,NA
ENSG00000285132,CTSB,,,,NA
ENSG00000288673,DLC1,,,,NA
ENSG00000281935,DNAH10,,,,NA
ENSG00000274296,DECR2,,,,NA
ENSG00000273761,DDX24,,,,NA
ENSG00000165475,CRYL1,ENSMUSG00000021947,Cryl1,ortholog_one2one,1
ENSG00000188243,COMMD6,ENSMUSG00000075486,Commd6,ortholog_one2one,1
ENSG00000282752,CTDP1,,,,NA
ENSG00000177692,DNAJC28,ENSMUSG00000039763,Dnajc28,ortholog_one2one,1
ENSG00000170579,DLGAP1,ENSMUSG00000003279,Dlgap1,ortholog_one2one,1
ENSG00000276726,DNAJA3,,,,NA
ENSG00000282725,CORO7,,,,NA
ENSG00000102580,DNAJC3,ENSMUSG00000022136,Dnajc3,ortholog_one2one,1
ENSG00000182871,COL18A1,ENSMUSG00000001435,Col18a1,ortholog_one2one,1
ENSG00000133083,DCLK1,ENSMUSG00000027797,Dclk1,ortholog_one2one,1
ENSG00000101441,CST4,,,,NA
ENSG00000214078,CPNE1,,,,NA
ENSG00000187323,DCC,ENSMUSG00000060534,Dcc,ortholog_one2one,1
ENSG00000158270,COLEC12,ENSMUSG00000036103,Colec12,ortholog_one2one,1
ENSG00000160305,DIP2A,ENSMUSG00000020231,Dip2a,ortholog_one2one,1
ENSG00000142156,COL6A1,ENSMUSG00000001119,Col6a1,ortholog_one2one,1
ENSG00000166347,CYB5A,ENSMUSG00000024646,Cyb5a,ortholog_one2one,1
ENSG00000160213,CSTB,ENSMUSG00000005054,Cstb,ortholog_one2one,1
ENSG00000262911,DNAJC28,,,,NA
ENSG00000205593,DENND6B,ENSMUSG00000015377,Dennd6b,ortholog_one2one,1
ENSG00000182810,DDX28,ENSMUSG00000045538,Ddx28,ortholog_one2one,1
ENSG00000177613,CSTF2T,ENSMUSG00000053536,Cstf2t,ortholog_one2one,1
ENSG00000275003,DDT,,,,NA
ENSG00000281763,DHX36,,,,NA
ENSG00000060069,CTDP1,ENSMUSG00000033323,Ctdp1,ortholog_one2one,1
ENSG00000284227,DCHS2,,,,NA
ENSG00000137449,CPEB2,ENSMUSG00000039782,Cpeb2,ortholog_one2one,1
ENSG00000176410,DNAJC30,ENSMUSG00000061118,Dnajc30,ortholog_one2one,1
ENSG00000149600,COMMD7,ENSMUSG00000056941,Commd7,ortholog_one2one,1
ENSG00000262599,DENND11,,,,NA
ENSG00000154639,CXADR,ENSMUSG00000022865,Cxadr,ortholog_one2many,1
ENSG00000154639,CXADR,ENSMUSG00000044860,Gm1123,ortholog_one2many,0
ENSG00000181418,DDN,ENSMUSG00000059213,Ddn,ortholog_one2one,1
ENSG00000164741,DLC1,ENSMUSG00000031523,Dlc1,ortholog_one2one,1
ENSG00000099942,CRKL,ENSMUSG00000006134,Crkl,ortholog_one2one,1
ENSG00000282152,DLGAP2,,,,NA
ENSG00000179091,CYC1,ENSMUSG00000022551,Cyc1,ortholog_one2one,1
ENSG00000142173,COL6A2,ENSMUSG00000020241,Col6a2,ortholog_one2one,1
ENSG00000083520,DIS3,ENSMUSG00000033166,Dis3,ortholog_one2one,1
ENSG00000187775,DNAH17,ENSMUSG00000033987,Dnah17,ortholog_one2one,1
ENSG00000134871,COL4A2,ENSMUSG00000031503,Col4a2,ortholog_one2one,1
ENSG00000013563,DNASE1L1,ENSMUSG00000019088,Dnase1l1,ortholog_one2one,1
ENSG00000237889,DDX39B,,,,NA
ENSG00000226634,DDAH2,,,,NA
ENSG00000229767,DDR1,,,,NA
ENSG00000187498,COL4A1,ENSMUSG00000031502,Col4a1,ortholog_one2one,1
ENSG00000102780,DGKH,ENSMUSG00000034731,Dgkh,ortholog_one2one,1
ENSG00000282103,DLGAP2,,,,NA
ENSG00000274161,DLGAP2,,,,NA
ENSG00000282318,DLGAP2,,,,NA
ENSG00000114841,DNAH1,ENSMUSG00000019027,Dnah1,ortholog_one2one,1
ENSG00000183117,CSMD1,ENSMUSG00000060924,Csmd1,ortholog_one2one,1
ENSG00000121022,COPS5,ENSMUSG00000025917,Cops5,ortholog_one2one,1
ENSG00000136848,DAB2IP,ENSMUSG00000026883,Dab2ip,ortholog_one2one,1
ENSG00000225073,DDX39B,,,,NA
ENSG00000205758,CRYZL1,ENSMUSG00000058240,Cryzl1,ortholog_one2one,1
ENSG00000227317,DDAH2,,,,NA
ENSG00000230700,CSNK2B,,,,NA
ENSG00000158856,DMTN,ENSMUSG00000022099,Dmtn,ortholog_one2one,1
ENSG00000137332,DDR1,,,,NA
ENSG00000131143,COX4I1,ENSMUSG00000031818,Cox4i1,ortholog_one2one,1
ENSG00000269897,COMMD3-BMI1,,,,NA
ENSG00000093010,COMT,ENSMUSG00000000326,Comt,ortholog_one2one,1
ENSG00000092758,COL9A3,,,,NA
ENSG00000099977,DDT,,,,NA
ENSG00000228875,CSNK2B,,,,NA
ENSG00000173546,CSPG4,ENSMUSG00000032911,Cspg4,ortholog_one2one,1
ENSG00000230624,DDX39B,,,,NA
ENSG00000198010,DLGAP2,ENSMUSG00000047495,Dlgap2,ortholog_one2one,1
ENSG00000150401,DCUN1D2,ENSMUSG00000038506,Dcun1d2,ortholog_one2one,1
ENSG00000230456,DDR1,,,,NA
ENSG00000170373,CST1,,,,NA
ENSG00000139842,CUL4A,ENSMUSG00000031446,Cul4a,ortholog_one2one,1
ENSG00000215301,DDX3X,ENSMUSG00000000787,Ddx3x,ortholog_one2many,1
ENSG00000215301,DDX3X,ENSMUSG00000039224,D1Pas1,ortholog_one2many,0
ENSG00000137504,CREBZF,ENSMUSG00000051451,Crebzf,ortholog_one2one,1
ENSG00000101439,CST3,ENSMUSG00000027447,Cst3,ortholog_one2many,1
ENSG00000101439,CST3,ENSMUSG00000033156,Cst5,ortholog_one2many,0
ENSG00000155792,DEPTOR,ENSMUSG00000022419,Deptor,ortholog_one2one,1
ENSG00000197380,DACT3,ENSMUSG00000078794,Dact3,ortholog_one2one,1
ENSG00000223680,DDR1,,,,NA
ENSG00000165168,CYBB,ENSMUSG00000015340,Cybb,ortholog_one2one,1
ENSG00000232960,CSNK2B,,,,NA
ENSG00000229496,DDX39B,,,,NA
ENSG00000225859,DDX39B,,,,NA
ENSG00000206395,DDAH2,,,,NA
ENSG00000083799,CYLD,ENSMUSG00000036712,Cyld,ortholog_one2one,1
ENSG00000256061,DNAAF4,ENSMUSG00000092192,Dnaaf4,ortholog_one2one,1
ENSG00000228128,DDAH2,,,,NA
ENSG00000233076,DDAH2,,,,NA
ENSG00000224398,CSNK2B,,,,NA
ENSG00000185000,DGAT1,ENSMUSG00000022555,Dgat1,ortholog_one2one,1
ENSG00000235439,DDX39B,,,,NA
ENSG00000124228,DDX27,ENSMUSG00000017999,Ddx27,ortholog_one2one,1
ENSG00000225635,DDAH2,,,,NA
ENSG00000234078,DDR1,,,,NA
ENSG00000198563,DDX39B,ENSMUSG00000019432,Ddx39b,ortholog_one2one,1
ENSG00000134030,CTIF,ENSMUSG00000052928,Ctif,ortholog_one2one,1
ENSG00000206406,CSNK2B,,,,NA
ENSG00000224774,CSNK2B,,,,NA
ENSG00000080200,CRYBG3,ENSMUSG00000022723,Crybg3,ortholog_one2one,1
ENSG00000215522,DDR1,,,,NA
ENSG00000187955,COL14A1,ENSMUSG00000022371,Col14a1,ortholog_one2one,1
ENSG00000088682,COQ9,ENSMUSG00000031782,Coq9,ortholog_one2one,1
ENSG00000285467,DHRS4L1,,,,NA
ENSG00000111775,COX6A1,ENSMUSG00000041697,Cox6a1,ortholog_one2one,1
ENSG00000225766,DHRS4L1,,,,NA
ENSG00000170619,COMMD5,ENSMUSG00000055041,Commd5,ortholog_one2one,1
ENSG00000215425,DDX39B,,,,NA
ENSG00000137628,DDX60,ENSMUSG00000037921,Ddx60,ortholog_one2one,1
ENSG00000140995,DEF8,ENSMUSG00000001482,Def8,ortholog_one2one,1
ENSG00000104671,DCTN6,ENSMUSG00000031516,Dctn6,ortholog_one2one,1
ENSG00000100246,DNAL4,ENSMUSG00000022420,Dnal4,ortholog_one2one,1
ENSG00000140829,DHX38,ENSMUSG00000037993,Dhx38,ortholog_one2one,1
ENSG00000157349,DDX19B,ENSMUSG00000033658,Ddx19b,ortholog_one2one,1
ENSG00000039139,DNAH5,ENSMUSG00000022262,Dnah5,ortholog_one2one,1
ENSG00000109846,CRYAB,ENSMUSG00000032060,Cryab,ortholog_one2one,1
ENSG00000003249,DBNDD1,ENSMUSG00000031970,Dbndd1,ortholog_one2one,1
ENSG00000291039,DHRS4L1,,,,NA
ENSG00000047230,CTPS2,ENSMUSG00000031360,Ctps2,ortholog_one2one,1
ENSG00000213923,CSNK1E,ENSMUSG00000022433,Csnk1e,ortholog_one2one,1
ENSG00000151208,DLG5,ENSMUSG00000021782,Dlg5,ortholog_one2one,1
ENSG00000147202,DIAPH2,ENSMUSG00000034480,Diaph2,ortholog_one2one,1
ENSG00000150672,DLG2,ENSMUSG00000052572,Dlg2,ortholog_one2one,1
ENSG00000102967,DHODH,ENSMUSG00000031730,Dhodh,ortholog_one2one,1
ENSG00000166847,DCTN5,ENSMUSG00000030868,Dctn5,ortholog_one2one,1
ENSG00000071626,DAZAP1,ENSMUSG00000069565,Dazap1,ortholog_one2one,1
ENSG00000123064,DDX54,ENSMUSG00000029599,Ddx54,ortholog_one2one,1
ENSG00000071894,CPSF1,ENSMUSG00000034022,Cpsf1,ortholog_one2one,1
ENSG00000185800,DMWD,ENSMUSG00000030410,Dmwd,ortholog_one2one,1
ENSG00000138663,COPS4,ENSMUSG00000035297,Cops4,ortholog_one2one,1
ENSG00000077279,DCX,ENSMUSG00000031285,Dcx,ortholog_one2one,1
ENSG00000113851,CRBN,ENSMUSG00000005362,Crbn,ortholog_one2one,1
ENSG00000145214,DGKQ,ENSMUSG00000004815,Dgkq,ortholog_one2one,1
ENSG00000164796,CSMD3,ENSMUSG00000022311,Csmd3,ortholog_one2one,1
ENSG00000067596,DHX8,ENSMUSG00000034931,Dhx8,ortholog_one2one,1
ENSG00000100201,DDX17,ENSMUSG00000055065,Ddx17,ortholog_one2one,1
ENSG00000001630,CYP51A1,ENSMUSG00000001467,Cyp51,ortholog_one2one,1
ENSG00000156136,DCK,ENSMUSG00000029366,Dck,ortholog_one2one,1
ENSG00000174839,DENND6A,ENSMUSG00000040818,Dennd6a,ortholog_one2one,1
ENSG00000169019,COMMD8,ENSMUSG00000029213,Commd8,ortholog_one2one,1
ENSG00000124092,CTCFL,ENSMUSG00000070495,Ctcfl,ortholog_one2one,1
ENSG00000132535,DLG4,ENSMUSG00000020886,Dlg4,ortholog_one2one,1
ENSG00000140848,CPNE2,ENSMUSG00000034361,Cpne2,ortholog_one2one,1
ENSG00000157326,DHRS4,ENSMUSG00000022210,Dhrs4,ortholog_one2many,1
ENSG00000124207,CSE1L,ENSMUSG00000002718,Cse1l,ortholog_one2one,1
ENSG00000107874,CUEDC2,ENSMUSG00000036748,Cuedc2,ortholog_one2one,1
ENSG00000100418,DESI1,ENSMUSG00000022472,Desi1,ortholog_one2one,1
ENSG00000166200,COPS2,ENSMUSG00000027206,Cops2,ortholog_one2one,1
ENSG00000198730,CTR9,ENSMUSG00000005609,Ctr9,ortholog_one2one,1
ENSG00000178741,COX5A,ENSMUSG00000000088,Cox5a,ortholog_one2one,1
ENSG00000132423,COQ3,ENSMUSG00000028247,Coq3,ortholog_one2one,1
ENSG00000164733,CTSB,ENSMUSG00000021939,Ctsb,ortholog_one2one,1
ENSG00000158290,CUL4B,ENSMUSG00000031095,Cul4b,ortholog_one2one,1
ENSG00000176490,DIRAS1,ENSMUSG00000043670,Diras1,ortholog_one2one,1
ENSG00000198171,DDRGK1,ENSMUSG00000068290,Ddrgk1,ortholog_one2one,1
ENSG00000085719,CPNE3,ENSMUSG00000028228,Cpne3,ortholog_one2one,1
ENSG00000100697,DICER1,ENSMUSG00000041415,Dicer1,ortholog_one2one,1
ENSG00000110871,COQ5,ENSMUSG00000041733,Coq5,ortholog_one2one,1
ENSG00000101811,CSTF2,ENSMUSG00000031256,Cstf2,ortholog_one2one,1
ENSG00000168259,DNAJC7,ENSMUSG00000014195,Dnajc7,ortholog_one2one,1
ENSG00000101266,CSNK2A1,ENSMUSG00000074698,Csnk2a1,ortholog_one2many,1
ENSG00000100243,CYB5R3,ENSMUSG00000018042,Cyb5r3,ortholog_one2one,1
ENSG00000119723,COQ6,ENSMUSG00000021235,Coq6,ortholog_one2one,1
ENSG00000167536,DHRS13,ENSMUSG00000020834,Dhrs13,ortholog_one2one,1
ENSG00000119522,DENND1A,ENSMUSG00000035392,Dennd1a,ortholog_one2one,1
ENSG00000153933,DGKE,ENSMUSG00000000276,Dgke,ortholog_one2one,1
ENSG00000140323,DISP2,ENSMUSG00000040035,Disp2,ortholog_one2one,1
ENSG00000105339,DENND3,ENSMUSG00000036661,Dennd3,ortholog_one2one,1
ENSG00000132792,CTNNBL1,ENSMUSG00000027649,Ctnnbl1,ortholog_one2one,1
ENSG00000169738,DCXR,ENSMUSG00000039450,Dcxr,ortholog_one2one,1
ENSG00000146966,DENND2A,ENSMUSG00000038456,Dennd2a,ortholog_one2one,1
ENSG00000107611,CUBN,ENSMUSG00000026726,Cubn,ortholog_one2one,1
ENSG00000008283,CYB561,ENSMUSG00000019590,Cyb561,ortholog_one2one,1
ENSG00000139117,CPNE8,ENSMUSG00000052560,Cpne8,ortholog_one2one,1
ENSG00000125375,DMAC2L,ENSMUSG00000054894,Dmac2l,ortholog_one2one,1
ENSG00000148719,DNAJB12,ENSMUSG00000020109,Dnajb12,ortholog_one2one,1
ENSG00000132153,DHX30,ENSMUSG00000032480,Dhx30,ortholog_one2one,1
ENSG00000132912,DCTN4,ENSMUSG00000024603,Dctn4,ortholog_one2one,1
ENSG00000131174,COX7B,,,,NA
ENSG00000169118,CSNK1G1,ENSMUSG00000032384,Csnk1g1,ortholog_one2one,1
ENSG00000148444,COMMD3,ENSMUSG00000051154,Commd3,ortholog_one2one,1
ENSG00000069345,DNAJA2,ENSMUSG00000031701,Dnaja2,ortholog_one2one,1
ENSG00000080819,CPOX,ENSMUSG00000022742,Cpox,ortholog_one2one,1
ENSG00000119326,CTNNAL1,ENSMUSG00000038816,Ctnnal1,ortholog_one2one,1
ENSG00000101452,DHX35,ENSMUSG00000027655,Dhx35,ortholog_one2one,1
ENSG00000080845,DLGAP4,ENSMUSG00000061689,Dlgap4,ortholog_one2one,1
ENSG00000064601,CTSA,ENSMUSG00000017760,Ctsa,ortholog_one2one,1
ENSG00000100592,DAAM1,ENSMUSG00000034574,Daam1,ortholog_one2one,1
ENSG00000109016,DHRS7B,ENSMUSG00000042569,Dhrs7b,ortholog_one2one,1
ENSG00000151240,DIP2C,ENSMUSG00000048264,Dip2c,ortholog_one2one,1
ENSG00000023892,DEF6,ENSMUSG00000002257,Def6,ortholog_one2one,1
ENSG00000102974,CTCF,ENSMUSG00000005698,Ctcf,ortholog_one2one,1
ENSG00000174485,DENND4A,ENSMUSG00000053641,Dennd4a,ortholog_one2one,1
ENSG00000109472,CPE,ENSMUSG00000037852,Cpe,ortholog_one2one,1
ENSG00000101152,DNAJC5,ENSMUSG00000000826,Dnajc5,ortholog_one2one,1
ENSG00000082458,DLG3,ENSMUSG00000000881,Dlg3,ortholog_one2one,1
ENSG00000060566,CREB3L3,ENSMUSG00000035041,Creb3l3,ortholog_one2one,1
ENSG00000196353,CPNE4,ENSMUSG00000032564,Cpne4,ortholog_one2one,1
ENSG00000198561,CTNND1,ENSMUSG00000034101,Ctnnd1,ortholog_one2one,1
ENSG00000104325,DECR1,ENSMUSG00000028223,Decr1,ortholog_one2one,1
ENSG00000100150,DEPDC5,ENSMUSG00000037426,Depdc5,ortholog_one2one,1
ENSG00000141551,CSNK1D,ENSMUSG00000025162,Csnk1d,ortholog_one2one,1
ENSG00000003137,CYP26B1,ENSMUSG00000063415,Cyp26b1,ortholog_one2one,1
ENSG00000133275,CSNK1G2,ENSMUSG00000003345,Csnk1g2,ortholog_one2one,1
ENSG00000262246,CORO7,ENSMUSG00000039637,Coro7,ortholog_one2one,1
ENSG00000165023,DIRAS2,ENSMUSG00000047842,Diras2,ortholog_one2one,1
ENSG00000140577,CRTC3,ENSMUSG00000030527,Crtc3,ortholog_one2one,1
ENSG00000077044,DGKD,ENSMUSG00000070738,Dgkd,ortholog_one2one,1
ENSG00000198947,DMD,ENSMUSG00000045103,Dmd,ortholog_one2one,1
ENSG00000100884,CPNE6,ENSMUSG00000022212,Cpne6,ortholog_one2one,1
ENSG00000170464,DNAJC18,ENSMUSG00000024350,Dnajc18,ortholog_one2one,1
ENSG00000100055,CYTH4,ENSMUSG00000018008,Cyth4,ortholog_one2one,1
ENSG00000114956,DGUOK,ENSMUSG00000014554,Dguok,ortholog_one2one,1
ENSG00000257093,DENND11,ENSMUSG00000037172,Dennd11,ortholog_one2one,1
ENSG00000169862,CTNND2,ENSMUSG00000022240,Ctnnd2,ortholog_one2one,1
ENSG00000077232,DNAJC10,ENSMUSG00000027006,Dnajc10,ortholog_one2one,1
ENSG00000077063,CTTNBP2,ENSMUSG00000000416,Cttnbp2,ortholog_one2one,1
ENSG00000108669,CYTH1,ENSMUSG00000017132,Cyth1,ortholog_one2one,1
ENSG00000163626,COX18,ENSMUSG00000035505,Cox18,ortholog_one2one,1
ENSG00000171903,CYP4F11,ENSMUSG00000028712,Cyp4a31,ortholog_many2many,0
ENSG00000171903,CYP4F11,ENSMUSG00000063929,Cyp4a32,ortholog_many2many,0
ENSG00000171903,CYP4F11,ENSMUSG00000066072,Cyp4a10,ortholog_many2many,0
ENSG00000171903,CYP4F11,ENSMUSG00000084346,Cyp4a30b,ortholog_many2many,0
ENSG00000182578,CSF1R,ENSMUSG00000024621,Csf1r,ortholog_one2one,1
ENSG00000155016,CYP2U1,ENSMUSG00000027983,Cyp2u1,ortholog_one2one,1
ENSG00000106789,CORO2A,ENSMUSG00000028337,Coro2a,ortholog_one2one,1
ENSG00000123136,DDX39A,ENSMUSG00000005481,Ddx39a,ortholog_one2one,1
ENSG00000058866,DGKG,ENSMUSG00000022861,Dgkg,ortholog_one2one,1
ENSG00000198231,DDX42,ENSMUSG00000020705,Ddx42,ortholog_one2one,1
ENSG00000172725,CORO1B,ENSMUSG00000024835,Coro1b,ortholog_one2one,1
ENSG00000165506,DNAAF2,ENSMUSG00000020973,Dnaaf2,ortholog_one2one,1
ENSG00000146038,DCDC2,ENSMUSG00000035910,Dcdc2a,ortholog_one2one,1
ENSG00000130826,DKC1,ENSMUSG00000031403,Dkc1,ortholog_one2one,1
ENSG00000163673,DCLK3,ENSMUSG00000032500,Dclk3,ortholog_one2one,1
ENSG00000113758,DBN1,ENSMUSG00000034675,Dbn1,ortholog_one2one,1
ENSG00000164919,COX6C,ENSMUSG00000014313,Cox6c,ortholog_one2one,1
ENSG00000185753,CXorf38,ENSMUSG00000044148,1810030O07Rik,ortholog_one2one,1
ENSG00000159692,CTBP1,ENSMUSG00000037373,Ctbp1,ortholog_one2one,1
ENSG00000166341,DCHS1,ENSMUSG00000036862,Dchs1,ortholog_one2one,1
ENSG00000044115,CTNNA1,ENSMUSG00000037815,Ctnna1,ortholog_one2one,1
ENSG00000128590,DNAJB9,ENSMUSG00000014905,Dnajb9,ortholog_one2one,1
ENSG00000035664,DAPK2,ENSMUSG00000032380,Dapk2,ortholog_one2one,1
ENSG00000055163,CYFIP2,ENSMUSG00000020340,Cyfip2,ortholog_one2one,1
ENSG00000169169,CPT1C,ENSMUSG00000007783,Cpt1c,ortholog_one2one,1
ENSG00000139726,DENR,ENSMUSG00000023106,Denr,ortholog_one2one,1
ENSG00000188215,DCUN1D3,ENSMUSG00000048787,Dcun1d3,ortholog_one2one,1
ENSG00000113742,CPEB4,ENSMUSG00000020300,Cpeb4,ortholog_one2one,1
ENSG00000117984,CTSD,ENSMUSG00000007891,Ctsd,ortholog_one2one,1
ENSG00000044090,CUL7,ENSMUSG00000038545,Cul7,ortholog_one2one,1
ENSG00000179532,DNHD1,ENSMUSG00000030882,Dnhd1,ortholog_one2one,1
ENSG00000213722,DDAH2,ENSMUSG00000007039,Ddah2,ortholog_one2one,1
ENSG00000158623,COPG2,ENSMUSG00000025607,Copg2,ortholog_one2one,1
ENSG00000112659,CUL9,ENSMUSG00000040327,Cul9,ortholog_one2one,1
ENSG00000140365,COMMD4,ENSMUSG00000032299,Commd4,ortholog_one2one,1
ENSG00000136485,DCAF7,ENSMUSG00000049354,Dcaf7,ortholog_one2one,1
ENSG00000105993,DNAJB6,ENSMUSG00000029131,Dnajb6,ortholog_one2one,1
ENSG00000166426,CRABP1,ENSMUSG00000032291,Crabp1,ortholog_one2one,1
ENSG00000174953,DHX36,ENSMUSG00000027770,Dhx36,ortholog_one2one,1
ENSG00000011465,DCN,ENSMUSG00000019929,Dcn,ortholog_one2one,1
ENSG00000110442,COMMD9,ENSMUSG00000027163,Commd9,ortholog_one2one,1
ENSG00000095321,CRAT,ENSMUSG00000026853,Crat,ortholog_one2one,1
ENSG00000085733,CTTN,ENSMUSG00000031078,Cttn,ortholog_one2one,1
ENSG00000108176,DNAJC12,ENSMUSG00000036764,Dnajc12,ortholog_one2one,1
ENSG00000175874,CREG2,ENSMUSG00000050967,Creg2,ortholog_one2one,1
ENSG00000153310,CYRIB,ENSMUSG00000022378,Cyrib,ortholog_one2one,1
ENSG00000051523,CYBA,ENSMUSG00000006519,Cyba,ortholog_one2one,1
ENSG00000136267,DGKB,ENSMUSG00000036095,Dgkb,ortholog_one2one,1
ENSG00000175029,CTBP2,ENSMUSG00000030970,Ctbp2,ortholog_one2one,0
ENSG00000089737,DDX24,ENSMUSG00000041645,Ddx24,ortholog_one2one,1
ENSG00000111605,CPSF6,ENSMUSG00000055531,Cpsf6,ortholog_one2one,1
ENSG00000172752,COL6A5,ENSMUSG00000091345,Col6a5,ortholog_one2one,1
ENSG00000164535,DAGLB,ENSMUSG00000039206,Daglb,ortholog_one2one,1
ENSG00000100897,DCAF11,ENSMUSG00000022214,Dcaf11,ortholog_one2one,1
ENSG00000086061,DNAJA1,ENSMUSG00000028410,Dnaja1,ortholog_one2one,1
ENSG00000137100,DCTN3,ENSMUSG00000028447,Dctn3,ortholog_one2one,1
ENSG00000109265,CRACD,ENSMUSG00000036377,Cracd,ortholog_one2one,1
ENSG00000163703,CRELD1,ENSMUSG00000030284,Creld1,ortholog_one2one,1
ENSG00000007545,CRAMP1,ENSMUSG00000038002,Cramp1,ortholog_one2one,1
ENSG00000184014,DENND5A,ENSMUSG00000035901,Dennd5a,ortholog_one2one,1
ENSG00000167193,CRK,ENSMUSG00000017776,Crk,ortholog_one2one,1
ENSG00000124721,DNAH8,ENSMUSG00000033826,Dnah8,ortholog_one2one,1
ENSG00000115520,COQ10B,ENSMUSG00000025981,Coq10b,ortholog_one2one,1
ENSG00000181381,DDX60L,,,,NA
ENSG00000139219,COL2A1,ENSMUSG00000022483,Col2a1,ortholog_one2one,1
ENSG00000166260,COX11,ENSMUSG00000020544,Cox11,ortholog_one2one,1
ENSG00000103316,CRYM,ENSMUSG00000030905,Crym,ortholog_one2one,1
ENSG00000103018,CYB5B,ENSMUSG00000031924,Cyb5b,ortholog_one2one,1
ENSG00000178773,CPNE7,ENSMUSG00000034796,Cpne7,ortholog_one2one,1
ENSG00000242612,DECR2,ENSMUSG00000036775,Decr2,ortholog_one2one,1
ENSG00000161634,DCD,,,,NA
ENSG00000103653,CSK,ENSMUSG00000032312,Csk,ortholog_one2one,1
ENSG00000008405,CRY1,ENSMUSG00000020038,Cry1,ortholog_one2one,1
ENSG00000161281,COX7A1,ENSMUSG00000074218,Cox7a1,ortholog_one2one,1
ENSG00000129562,DAD1,ENSMUSG00000022174,Dad1,ortholog_one2one,1
ENSG00000006634,DBF4,ENSMUSG00000002297,Dbf4,ortholog_one2one,1
ENSG00000105877,DNAH11,ENSMUSG00000018581,Dnah11,ortholog_one2one,1
ENSG00000136986,DERL1,ENSMUSG00000022365,Derl1,ortholog_one2one,1
ENSG00000178449,COX14,ENSMUSG00000023020,Cox14,ortholog_one2one,1
ENSG00000103187,COTL1,,,,NA
ENSG00000173163,COMMD1,ENSMUSG00000051355,Commd1,ortholog_one2one,1
ENSG00000111481,COPZ1,ENSMUSG00000060992,Copz1,ortholog_one2one,1
ENSG00000100448,CTSG,ENSMUSG00000040314,Ctsg,ortholog_one2one,1
ENSG00000153904,DDAH1,ENSMUSG00000028194,Ddah1,ortholog_one2one,1
ENSG00000113712,CSNK1A1,ENSMUSG00000024576,Csnk1a1,ortholog_one2one,1
ENSG00000130311,DDA1,ENSMUSG00000074247,Dda1,ortholog_one2one,1
ENSG00000126267,COX6B1,ENSMUSG00000036751,Cox6b1,ortholog_one2one,1
ENSG00000055130,CUL1,ENSMUSG00000029686,Cul1,ortholog_one2one,1
ENSG00000213551,DNAJC9,ENSMUSG00000021811,Dnajc9,ortholog_one2one,1
ENSG00000136279,DBNL,ENSMUSG00000020476,Dbnl,ortholog_one2one,1
ENSG00000105669,COPE,ENSMUSG00000055681,Cope,ortholog_one2one,1
ENSG00000172817,CYP7B1,ENSMUSG00000039519,Cyp7b1,ortholog_one2one,1
ENSG00000103647,CORO2B,ENSMUSG00000041729,Coro2b,ortholog_one2one,1
ENSG00000158486,DNAH3,ENSMUSG00000052273,Dnah3,ortholog_one2one,1
ENSG00000127184,COX7C,ENSMUSG00000017778,Cox7c,ortholog_one2one,1
ENSG00000140403,DNAJA4,ENSMUSG00000032285,Dnaja4,ortholog_one2one,1
ENSG00000062485,CS,ENSMUSG00000046934,Csl,ortholog_one2many,0
ENSG00000062485,CS,ENSMUSG00000005683,Cs,ortholog_one2many,1
ENSG00000168090,COPS6,ENSMUSG00000019494,Cops6,ortholog_one2one,1
ENSG00000105662,CRTC1,ENSMUSG00000003575,Crtc1,ortholog_one2one,1
ENSG00000119979,DENND10,ENSMUSG00000024993,Dennd10,ortholog_one2one,1
ENSG00000150768,DLAT,ENSMUSG00000000168,Dlat,ortholog_one2one,1
ENSG00000070770,CSNK2A2,ENSMUSG00000046707,Csnk2a2,ortholog_one2one,1
ENSG00000103423,DNAJA3,ENSMUSG00000004069,Dnaja3,ortholog_one2one,1
ENSG00000196730,DAPK1,ENSMUSG00000021559,Dapk1,ortholog_one2one,1
ENSG00000157680,DGKI,ENSMUSG00000038665,Dgki,ortholog_one2one,1
ENSG00000085788,DDHD2,ENSMUSG00000061313,Ddhd2,ortholog_one2one,1
ENSG00000145708,CRHBP,ENSMUSG00000021680,Crhbp,ortholog_one2one,1
ENSG00000108582,CPD,ENSMUSG00000020841,Cpd,ortholog_one2one,1
ENSG00000257923,CUX1,ENSMUSG00000029705,Cux1,ortholog_one2one,1
ENSG00000104093,DMXL2,ENSMUSG00000041268,Dmxl2,ortholog_one2one,1
ENSG00000148795,CYP17A1,ENSMUSG00000003555,Cyp17a1,ortholog_one2one,1
ENSG00000165644,COMTD1,ENSMUSG00000021773,Comtd1,ortholog_one2one,1
ENSG00000165732,DDX21,ENSMUSG00000020075,Ddx21,ortholog_one2one,1
ENSG00000119661,DNAL1,ENSMUSG00000042523,Dnal1,ortholog_one2one,1
ENSG00000183230,CTNNA3,ENSMUSG00000060843,Ctnna3,ortholog_one2one,1
ENSG00000204262,COL5A2,ENSMUSG00000026042,Col5a2,ortholog_one2one,1
ENSG00000172115,CYCS,ENSMUSG00000058927,Gm10053,ortholog_one2many,0
ENSG00000172115,CYCS,ENSMUSG00000063694,Cycs,ortholog_one2many,1
ENSG00000014919,COX15,ENSMUSG00000040018,Cox15,ortholog_one2one,1
ENSG00000112695,COX7A2,ENSMUSG00000032330,Cox7a2,ortholog_one2one,0
ENSG00000109606,DHX15,ENSMUSG00000029169,Dhx15,ortholog_one2one,1
ENSG00000135678,CPM,ENSMUSG00000020183,Cpm,ortholog_one2one,1
ENSG00000116138,DNAJC16,ENSMUSG00000040697,Dnajc16,ortholog_one2one,1
ENSG00000067248,DHX29,ENSMUSG00000042426,Dhx29,ortholog_one2one,1
ENSG00000178927,CYBC1,ENSMUSG00000039294,Cybc1,ortholog_one2one,1
ENSG00000129083,COPB1,ENSMUSG00000030754,Copb1,ortholog_one2one,1
ENSG00000090520,DNAJB11,ENSMUSG00000004460,Dnajb11,ortholog_one2one,1
ENSG00000149532,CPSF7,ENSMUSG00000034820,Cpsf7,ortholog_one2one,1
ENSG00000023697,DERA,ENSMUSG00000030225,Dera,ortholog_one2one,1
ENSG00000183914,DNAH2,ENSMUSG00000005237,Dnah2,ortholog_one2one,1
ENSG00000187630,DHRS4L2,ENSMUSG00000022210,Dhrs4,ortholog_one2many,1
ENSG00000169031,COL4A3,ENSMUSG00000079465,Col4a3,ortholog_one2one,1
ENSG00000135469,COQ10A,ENSMUSG00000039914,Coq10a,ortholog_one2one,1
ENSG00000181789,COPG1,ENSMUSG00000030058,Copg1,ortholog_one2one,1
ENSG00000137692,DCUN1D5,ENSMUSG00000032002,Dcun1d5,ortholog_one2one,1
ENSG00000204580,DDR1,ENSMUSG00000003534,Ddr1,ortholog_one2one,1
ENSG00000148204,CRB2,ENSMUSG00000035403,Crb2,ortholog_one2one,1
ENSG00000175826,CTDNEP1,ENSMUSG00000018559,Ctdnep1,ortholog_one2one,1
ENSG00000009307,CSDE1,ENSMUSG00000068823,Csde1,ortholog_one2one,1
ENSG00000153015,CWC27,ENSMUSG00000021715,Cwc27,ortholog_one2one,1
ENSG00000167657,DAPK3,ENSMUSG00000034974,Dapk3,ortholog_one2one,1
ENSG00000146122,DAAM2,ENSMUSG00000040260,Daam2,ortholog_one2one,1
ENSG00000145833,DDX46,ENSMUSG00000021500,Ddx46,ortholog_one2one,1
ENSG00000172893,DHCR7,ENSMUSG00000058454,Dhcr7,ortholog_one2one,1
ENSG00000164692,COL1A2,ENSMUSG00000029661,Col1a2,ortholog_one2one,1
ENSG00000137145,DENND4C,ENSMUSG00000038024,Dennd4c,ortholog_one2one,1
ENSG00000089876,DHX32,ENSMUSG00000030986,Dhx32,ortholog_one2one,1
ENSG00000176102,CSTF3,ENSMUSG00000027176,Cstf3,ortholog_one2one,1
ENSG00000108094,CUL2,ENSMUSG00000024231,Cul2,ortholog_one2one,1
ENSG00000138346,DNA2,ENSMUSG00000036875,Dna2,ortholog_one2one,1
ENSG00000086189,DIMT1,ENSMUSG00000021692,Dimt1,ortholog_one2one,1
ENSG00000059769,DNAJC25,ENSMUSG00000070972,Dnajc25,ortholog_one2one,1
ENSG00000172795,DCP2,ENSMUSG00000024472,Dcp2,ortholog_one2one,1
ENSG00000204435,CSNK2B,ENSMUSG00000024387,Csnk2b,ortholog_one2one,1
ENSG00000008256,CYTH3,ENSMUSG00000018001,Cyth3,ortholog_one2one,1
ENSG00000105443,CYTH2,ENSMUSG00000003269,Cyth2,ortholog_one2one,1
ENSG00000095713,CRTAC1,ENSMUSG00000042401,Crtac1,ortholog_one2one,1
ENSG00000073067,CYP2W1,ENSMUSG00000029541,Cyp2w1,ortholog_one2one,1
ENSG00000167986,DDB1,ENSMUSG00000024740,Ddb1,ortholog_one2one,1
ENSG00000005339,CREBBP,ENSMUSG00000022521,Crebbp,ortholog_one2one,1
ENSG00000115944,COX7A2L,ENSMUSG00000024248,Cox7a2l,ortholog_one2one,1
ENSG00000137094,DNAJB5,ENSMUSG00000036052,Dnajb5,ortholog_one2one,1
ENSG00000102879,CORO1A,ENSMUSG00000030707,Coro1a,ortholog_one2one,1
ENSG00000036530,CYP46A1,ENSMUSG00000021259,Cyp46a1,ortholog_one2one,1
ENSG00000111652,COPS7A,ENSMUSG00000030127,Cops7a,ortholog_one2one,1
ENSG00000174177,CTU2,ENSMUSG00000049482,Ctu2,ortholog_one2one,1
ENSG00000172869,DMXL1,ENSMUSG00000037416,Dmxl1,ortholog_one2one,1
ENSG00000114646,CSPG5,ENSMUSG00000032482,Cspg5,ortholog_one2one,1
ENSG00000213145,CRIP1,ENSMUSG00000006360,Crip1,ortholog_one2one,1
ENSG00000174080,CTSF,ENSMUSG00000083282,Ctsf,ortholog_one2one,1
ENSG00000164818,DNAAF5,ENSMUSG00000025857,Dnaaf5,ortholog_one2one,1
ENSG00000157379,DHRS1,ENSMUSG00000002332,Dhrs1,ortholog_one2one,1
ENSG00000144550,CPNE9,ENSMUSG00000030270,Cpne9,ortholog_one2one,1
ENSG00000072832,CRMP1,ENSMUSG00000029121,Crmp1,ortholog_one2one,1
ENSG00000108821,COL1A1,ENSMUSG00000001506,Col1a1,ortholog_one2one,1
ENSG00000168872,DDX19A,ENSMUSG00000015023,Ddx19a,ortholog_one2one,1
ENSG00000100612,DHRS7,ENSMUSG00000109482,Dhrs7l,ortholog_one2many,1
ENSG00000100612,DHRS7,ENSMUSG00000021094,Dhrs7,ortholog_one2many,1
ENSG00000168993,CPLX1,ENSMUSG00000033615,Cplx1,ortholog_one2one,1
ENSG00000123815,COQ8B,ENSMUSG00000003762,Coq8b,ortholog_one2one,1
ENSG00000107562,CXCL12,ENSMUSG00000061353,Cxcl12,ortholog_one2one,1
ENSG00000005469,CROT,ENSMUSG00000003623,Crot,ortholog_one2one,1
ENSG00000173402,DAG1,ENSMUSG00000039952,Dag1,ortholog_one2one,1
ENSG00000182809,CRIP2,ENSMUSG00000006356,Crip2,ortholog_one2one,1
ENSG00000091140,DLD,ENSMUSG00000020664,Dld,ortholog_one2one,1
ENSG00000124795,DEK,ENSMUSG00000021377,Dek,ortholog_one2one,1
ENSG00000145781,COMMD10,ENSMUSG00000042705,Commd10,ortholog_one2one,1
ENSG00000107864,CPEB3,ENSMUSG00000039652,Cpeb3,ortholog_one2one,1
ENSG00000100523,DDHD1,ENSMUSG00000037697,Ddhd1,ortholog_one2one,1
ENSG00000132002,DNAJB1,ENSMUSG00000005483,Dnajb1,ortholog_one2one,1
ENSG00000110063,DCPS,ENSMUSG00000032040,Dcps,ortholog_one2one,1
ENSG00000163214,DHX57,ENSMUSG00000035051,Dhx57,ortholog_one2one,1
ENSG00000215018,COL28A1,ENSMUSG00000068794,Col28a1,ortholog_one2one,1
ENSG00000066032,CTNNA2,ENSMUSG00000063063,Ctnna2,ortholog_one2one,1
ENSG00000164031,DNAJB14,ENSMUSG00000074212,Dnajb14,ortholog_one2one,1
ENSG00000124772,CPNE5,ENSMUSG00000024008,Cpne5,ortholog_one2one,1
ENSG00000105341,DMAC2,ENSMUSG00000057229,Dmac2,ortholog_one2one,1
ENSG00000135929,CYP27A1,ENSMUSG00000026170,Cyp27a1,ortholog_one2one,1
ENSG00000144524,COPS7B,ENSMUSG00000026240,Cops7b,ortholog_one2one,1
ENSG00000119689,DLST,ENSMUSG00000004789,Dlst,ortholog_one2one,1
ENSG00000205981,DNAJC19,ENSMUSG00000027679,Dnajc19,ortholog_one2one,1
ENSG00000050767,COL23A1,ENSMUSG00000063564,Col23a1,ortholog_one2one,1
ENSG00000133943,DGLUCY,ENSMUSG00000021185,Dglucy,ortholog_one2one,1
ENSG00000058453,CROCC,ENSMUSG00000040860,Crocc,ortholog_one2one,1
ENSG00000106066,CPVL,ENSMUSG00000052955,Cpvl,ortholog_one2one,1
ENSG00000166266,CUL5,ENSMUSG00000032030,Cul5,ortholog_one2one,1
ENSG00000084636,COL16A1,ENSMUSG00000040690,Col16a1,ortholog_one2one,1
ENSG00000170390,DCLK2,ENSMUSG00000028078,Dclk2,ortholog_one2one,1
ENSG00000172992,DCAKD,ENSMUSG00000020935,Dcakd,ortholog_one2one,1
ENSG00000175183,CSRP2,ENSMUSG00000020186,Csrp2,ortholog_one2one,1
ENSG00000138246,DNAJC13,ENSMUSG00000032560,Dnajc13,ortholog_one2one,1
ENSG00000168724,DNAJC21,ENSMUSG00000044224,Dnajc21,ortholog_one2one,1
ENSG00000150764,DIXDC1,ENSMUSG00000032064,Dixdc1,ortholog_one2one,1
ENSG00000109832,DDX25,ENSMUSG00000032101,Ddx25,ortholog_one2one,1
ENSG00000197410,DCHS2,ENSMUSG00000102692,Dchs2,ortholog_one2one,1
ENSG00000151292,CSNK1G3,ENSMUSG00000073563,Csnk1g3,ortholog_one2one,1
ENSG00000114744,COMMD2,ENSMUSG00000036513,Commd2,ortholog_one2one,1
ENSG00000145920,CPLX2,ENSMUSG00000025867,Cplx2,ortholog_one2one,1
ENSG00000075711,DLG1,ENSMUSG00000022770,Dlg1,ortholog_one2one,1
ENSG00000110367,DDX6,ENSMUSG00000032097,Ddx6,ortholog_one2one,1
ENSG00000169372,CRADD,ENSMUSG00000045867,Cradd,ortholog_one2one,1
ENSG00000111249,CUX2,ENSMUSG00000042589,Cux2,ortholog_one2one,1
ENSG00000115423,DNAH6,ENSMUSG00000052861,Dnah6,ortholog_one2one,1
ENSG00000139631,CSAD,ENSMUSG00000023044,Csad,ortholog_one2one,1
ENSG00000168036,CTNNB1,ENSMUSG00000006932,Ctnnb1,ortholog_one2one,1
ENSG00000176390,CRLF3,ENSMUSG00000017561,Crlf3,ortholog_one2one,1
ENSG00000115137,DNAJC27,ENSMUSG00000020657,Dnajc27,ortholog_one2one,1
ENSG00000170959,DCDC1,,,,NA
ENSG00000105821,DNAJC2,ENSMUSG00000029014,Dnajc2,ortholog_one2one,1
ENSG00000119878,CRIPT,ENSMUSG00000024146,Cript,ortholog_one2one,1
ENSG00000071967,CYBRD1,ENSMUSG00000027015,Cybrd1,ortholog_one2one,1
ENSG00000066084,DIP2B,ENSMUSG00000023026,Dip2b,ortholog_one2one,1
ENSG00000134780,DAGLA,ENSMUSG00000035735,Dagla,ortholog_one2one,1
ENSG00000145824,CXCL14,ENSMUSG00000021508,Cxcl14,ortholog_one2one,0
ENSG00000157184,CPT2,ENSMUSG00000028607,Cpt2,ortholog_one2one,1
ENSG00000174844,DNAH12,ENSMUSG00000021879,Dnah12,ortholog_one2one,1
ENSG00000197653,DNAH10,ENSMUSG00000038011,Dnah10,ortholog_one2one,1
ENSG00000166444,DENND2B,ENSMUSG00000031024,Dennd2b,ortholog_one2one,1
ENSG00000180891,CUEDC1,ENSMUSG00000018378,Cuedc1,ortholog_one2one,1
ENSG00000170456,DENND5B,ENSMUSG00000030313,Dennd5b,ortholog_one2one,1
ENSG00000165325,DEUP1,ENSMUSG00000039977,Deup1,ortholog_one2one,1
ENSG00000131504,DIAPH1,ENSMUSG00000024456,Diaph1,ortholog_one2one,1
ENSG00000167549,CORO6,ENSMUSG00000020836,Coro6,ortholog_one2one,1
ENSG00000197872,CYRIA,ENSMUSG00000020589,Cyria,ortholog_one2one,1
ENSG00000145041,DCAF1,ENSMUSG00000040325,Dcaf1,ortholog_one2one,1
ENSG00000007174,DNAH9,ENSMUSG00000056752,Dnah9,ortholog_one2one,1
ENSG00000116791,CRYZ,ENSMUSG00000028199,Cryz,ortholog_one2one,1
ENSG00000134716,CYP2J2,ENSMUSG00000015224,Cyp2j9,ortholog_one2many,1
ENSG00000134716,CYP2J2,ENSMUSG00000028571,Cyp2j13,ortholog_one2many,1
ENSG00000141030,COPS3,ENSMUSG00000019373,Cops3,ortholog_one2one,1
ENSG00000151065,DCP1B,ENSMUSG00000041477,Dcp1b,ortholog_one2one,1
ENSG00000043093,DCUN1D1,ENSMUSG00000113255,Tes3-ps,ortholog_one2many,0
ENSG00000043093,DCUN1D1,ENSMUSG00000027708,Dcun1d1,ortholog_one2many,1
ENSG00000149091,DGKZ,ENSMUSG00000040479,Dgkz,ortholog_one2one,1
ENSG00000116133,DHCR24,ENSMUSG00000034926,Dhcr24,ortholog_one2one,1
ENSG00000065357,DGKA,ENSMUSG00000025357,Dgka,ortholog_one2one,1
ENSG00000108654,DDX5,ENSMUSG00000020719,Ddx5,ortholog_one2one,1
ENSG00000088205,DDX18,ENSMUSG00000001674,Ddx18,ortholog_one2one,1
ENSG00000121552,CSTA,ENSMUSG00000095620,Csta2,ortholog_one2many,0
ENSG00000121552,CSTA,ENSMUSG00000094733,Csta3,ortholog_one2many,0
ENSG00000121552,CSTA,ENSMUSG00000059657,Stfa2l1,ortholog_one2many,0
ENSG00000121552,CSTA,ENSMUSG00000079597,Cstdc4,ortholog_one2many,0
ENSG00000121552,CSTA,ENSMUSG00000054905,Stfa3,ortholog_one2many,1
ENSG00000121552,CSTA,ENSMUSG00000071562,Stfa1,ortholog_one2many,0
ENSG00000121552,CSTA,ENSMUSG00000071561,Cstdc5,ortholog_one2many,1
ENSG00000121552,CSTA,ENSMUSG00000022902,Stfa2,ortholog_one2many,1
ENSG00000121552,CSTA,ENSMUSG00000079594,Cstdc6,ortholog_one2many,1
ENSG00000121552,CSTA,ENSMUSG00000034362,Csta1,ortholog_one2many,1
ENSG00000175084,DES,ENSMUSG00000026208,Des,ortholog_one2one,1
ENSG00000110880,CORO1C,ENSMUSG00000004530,Coro1c,ortholog_one2one,1
ENSG00000171793,CTPS1,ENSMUSG00000028633,Ctps1,ortholog_one2one,1
ENSG00000175203,DCTN2,ENSMUSG00000025410,Dctn2,ortholog_one2one,1
ENSG00000079785,DDX1,ENSMUSG00000037149,Ddx1,ortholog_one2one,1
ENSG00000186377,CYP4X1,ENSMUSG00000047155,Cyp4x1,ortholog_one2one,1
ENSG00000144677,CTDSPL,ENSMUSG00000047409,Ctdspl,ortholog_one2one,1
ENSG00000050165,DKK3,ENSMUSG00000030772,Dkk3,ortholog_one2one,1
ENSG00000184432,COPB2,ENSMUSG00000032458,Copb2,ortholog_one2one,1
ENSG00000159176,CSRP1,ENSMUSG00000026421,Csrp1,ortholog_one2one,1
ENSG00000110090,CPT1A,ENSMUSG00000024900,Cpt1a,ortholog_one2one,1
ENSG00000047457,CP,ENSMUSG00000003617,Cp,ortholog_one2one,1
ENSG00000196872,CRACDL,ENSMUSG00000026090,Cracdl,ortholog_one2one,1
ENSG00000143536,CRNN,ENSMUSG00000078657,Crnn,ortholog_one2one,1
ENSG00000181744,DIPK2A,ENSMUSG00000045414,Dipk2a,ortholog_one2one,1
ENSG00000008226,DLEC1,ENSMUSG00000038060,Dlec1,ortholog_one2one,1
ENSG00000036257,CUL3,ENSMUSG00000004364,Cul3,ortholog_one2one,1
ENSG00000272886,DCP1A,ENSMUSG00000021962,Dcp1a,ortholog_one2one,1
ENSG00000162496,DHRS3,ENSMUSG00000066026,Dhrs3,ortholog_one2one,1
ENSG00000144579,CTDSP1,ENSMUSG00000026176,Ctdsp1,ortholog_one2one,1
ENSG00000159348,CYB5R1,ENSMUSG00000026456,Cyb5r1,ortholog_one2one,1
ENSG00000135924,DNAJB2,ENSMUSG00000026203,Dnajb2,ortholog_one2one,1
ENSG00000173406,DAB1,ENSMUSG00000028519,Dab1,ortholog_one2one,1
ENSG00000198837,DENND4B,ENSMUSG00000042404,Dennd4b,ortholog_one2one,1
ENSG00000116675,DNAJC6,ENSMUSG00000028528,Dnajc6,ortholog_one2one,1
ENSG00000197312,DDI2,,,,NA
ENSG00000160741,CRTC2,ENSMUSG00000027936,Crtc2,ortholog_one2one,1
ENSG00000143753,DEGS1,ENSMUSG00000038633,Degs1,ortholog_one2many,1
ENSG00000143753,DEGS1,ENSMUSG00000038768,Degs1l,ortholog_one2many,0
ENSG00000132693,CRP,ENSMUSG00000037942,Crp,ortholog_one2one,1
ENSG00000007923,DNAJC11,ENSMUSG00000039768,Dnajc11,ortholog_one2one,1
ENSG00000176092,CRYBG2,ENSMUSG00000012123,Crybg2,ortholog_one2one,1
ENSG00000224051,CPTP,ENSMUSG00000029073,Cptp,ortholog_one2one,1
ENSG00000162384,CZIB,ENSMUSG00000028608,Czib,ortholog_one2one,1
ENSG00000204843,DCTN1,ENSMUSG00000031865,Dctn1,ortholog_one2one,1
ENSG00000119203,CPSF3,ENSMUSG00000054309,Cpsf3,ortholog_one2one,1
ENSG00000135940,COX5B,ENSMUSG00000061518,Cox5b,ortholog_one2many,1
ENSG00000135940,COX5B,ENSMUSG00000079941,Cox5b-ps,ortholog_one2many,0
ENSG00000163359,COL6A3,ENSMUSG00000048126,Col6a3,ortholog_one2one,1
ENSG00000117593,DARS2,ENSMUSG00000026709,Dars2,ortholog_one2one,1
ENSG00000132716,DCAF8,ENSMUSG00000026554,Dcaf8,ortholog_one2one,1
ENSG00000226321,CROCC2,ENSMUSG00000084989,Crocc2,ortholog_one2one,1
ENSG00000180902,D2HGDH,ENSMUSG00000073609,D2hgdh,ortholog_one2one,1
ENSG00000198612,COPS8,ENSMUSG00000034432,Cops8,ortholog_one2one,1
ENSG00000126698,DNAJC8,ENSMUSG00000054405,Dnajc8,ortholog_one2one,1
ENSG00000144535,DIS3L2,ENSMUSG00000053333,Dis3l2,ortholog_one2one,1
ENSG00000021826,CPS1,ENSMUSG00000025991,Cps1,ortholog_one2one,1
ENSG00000187957,DNER,ENSMUSG00000036766,Dner,ortholog_one2one,1
ENSG00000115866,DARS1,ENSMUSG00000026356,Dars1,ortholog_one2one,1
ENSG00000168542,COL3A1,ENSMUSG00000026043,Col3a1,ortholog_one2one,1
ENSG00000137992,DBT,ENSMUSG00000000340,Dbt,ortholog_one2one,1
ENSG00000162733,DDR2,ENSMUSG00000026674,Ddr2,ortholog_one2one,1
ENSG00000143079,CTTNBP2NL,ENSMUSG00000062127,Cttnbp2nl,ortholog_one2one,1
ENSG00000118197,DDX59,ENSMUSG00000026404,Ddx59,ortholog_one2one,1
ENSG00000064703,DDX20,ENSMUSG00000027905,Ddx20,ortholog_one2one,1
ENSG00000162616,DNAJB4,ENSMUSG00000028035,Dnajb4,ortholog_one2one,1
ENSG00000143164,DCAF6,ENSMUSG00000026571,Dcaf6,ortholog_one2one,1
ENSG00000163050,COQ8A,ENSMUSG00000026489,Coq8a,ortholog_one2one,1
ENSG00000244038,DDOST,ENSMUSG00000028757,Ddost,ortholog_one2one,1
ENSG00000163357,DCST1,ENSMUSG00000042672,Dcst1,ortholog_one2one,1
ENSG00000121904,CSMD2,ENSMUSG00000028804,Csmd2,ortholog_one2one,1
ENSG00000185842,DNAH14,ENSMUSG00000047369,Dnah14,ortholog_one2one,1
ENSG00000117682,DHDDS,ENSMUSG00000012117,Dhdds,ortholog_one2one,1
ENSG00000116544,DLGAP3,ENSMUSG00000042388,Dlgap3,ortholog_one2one,1
ENSG00000122218,COPA,ENSMUSG00000026553,Copa,ortholog_one2one,1
ENSG00000135829,DHX9,ENSMUSG00000042699,Dhx9,ortholog_one2one,1
ENSG00000160049,DFFA,ENSMUSG00000028974,Dffa,ortholog_one2one,1
ENSG00000132676,DAP3,ENSMUSG00000068921,Dap3,ortholog_one2one,1
ENSG00000203667,COX20,ENSMUSG00000026500,Cox20,ortholog_one2one,1
ENSG00000281320,DYRK1B,,,,NA
ENSG00000280548,FBL,,,,NA
ENSG00000288485,ELP5,,,,NA
ENSG00000288145,EIF5A,,,,NA
ENSG00000285377,EMC9,,,,NA
ENSG00000291508,EIF4A3,,,,NA
ENSG00000291561,DSCAM,,,,NA
ENSG00000291581,FAHD2B,,,,NA
ENSG00000165837,ERICH6B,ENSMUSG00000022002,Erich6b,ortholog_one2one,0
ENSG00000282986,EIF3K,,,,NA
ENSG00000282853,ECH1,,,,NA
ENSG00000136160,EDNRB,ENSMUSG00000022122,Ednrb,ortholog_one2one,1
ENSG00000152767,FARP1,ENSMUSG00000025555,Farp1,ortholog_one2one,1
ENSG00000272670,DOC2B,,,,NA
ENSG00000134765,DSC1,ENSMUSG00000044322,Dsc1,ortholog_one2one,1
ENSG00000177150,FAM210A,ENSMUSG00000038121,Fam210a,ortholog_one2one,1
ENSG00000206052,DOK6,ENSMUSG00000073514,Dok6,ortholog_one2one,1
ENSG00000152223,EPG5,ENSMUSG00000039840,Epg5,ortholog_one2one,1
ENSG00000288722,F8A1,ENSMUSG00000078317,F8a,ortholog_one2many,1
ENSG00000275932,DUSP14,,,,NA
ENSG00000243902,ELFN2,,,,NA
ENSG00000125266,EFNB2,ENSMUSG00000001300,Efnb2,ortholog_one2one,1
ENSG00000215251,FASTKD5,ENSMUSG00000079043,Fastkd5,ortholog_one2one,1
ENSG00000277571,ELANE,,,,NA
ENSG00000000419,DPM1,ENSMUSG00000078919,Dpm1,ortholog_one2one,1
ENSG00000100353,EIF3D,ENSMUSG00000016554,Eif3d,ortholog_one2one,1
ENSG00000175283,DOLK,ENSMUSG00000075419,Dolk,ortholog_one2one,1
ENSG00000046604,DSG2,ENSMUSG00000044393,Dsg2,ortholog_one2one,1
ENSG00000157540,DYRK1A,ENSMUSG00000022897,Dyrk1a,ortholog_one2one,1
ENSG00000223496,EXOSC6,ENSMUSG00000109941,Exosc6,ortholog_one2one,1
ENSG00000145975,FAM217A,ENSMUSG00000021414,Fam217a,ortholog_one2one,0
ENSG00000292086,FAHD2A,,,,NA
ENSG00000292102,DYNC1I2,,,,NA
ENSG00000139684,ESD,ENSMUSG00000021996,Esd,ortholog_one2one,1
ENSG00000134757,DSG3,ENSMUSG00000056632,Dsg3,ortholog_one2one,1
ENSG00000283391,EEF1B2,,,,NA
ENSG00000125868,DSTN,ENSMUSG00000015932,Dstn,ortholog_one2one,1
ENSG00000132464,ENAM,ENSMUSG00000029286,Enam,ortholog_one2one,1
ENSG00000101134,DOK5,ENSMUSG00000027560,Dok5,ortholog_one2one,1
ENSG00000142197,DOP1B,ENSMUSG00000022946,Dop1b,ortholog_one2one,1
ENSG00000275333,FAM120B,,,,NA
ENSG00000284869,EEFSEC,,,,NA
ENSG00000125821,DTD1,ENSMUSG00000027430,Dtd1,ortholog_one2one,1
ENSG00000121053,EPX,ENSMUSG00000052234,Epx,ortholog_one2one,1
ENSG00000134769,DTNA,ENSMUSG00000024302,Dtna,ortholog_one2one,1
ENSG00000288558,DUS4L-BCAP29,,,,NA
ENSG00000275482,EPHB6,,,,NA
ENSG00000150456,EEF1AKMT1,ENSMUSG00000021951,Eef1akmt1,ortholog_one2one,1
ENSG00000273594,EEF1D,,,,NA
ENSG00000273889,FAM83H,,,,NA
ENSG00000134760,DSG1,ENSMUSG00000069441,Dsg1a,ortholog_one2many,1
ENSG00000134760,DSG1,ENSMUSG00000034774,Dsg1c,ortholog_one2many,1
ENSG00000134760,DSG1,ENSMUSG00000061928,Dsg1b,ortholog_one2many,1
ENSG00000140525,FANCI,ENSMUSG00000039187,Fanci,ortholog_one2one,1
ENSG00000132205,EMILIN2,ENSMUSG00000024053,Emilin2,ortholog_one2one,1
ENSG00000165169,DYNLT3,ENSMUSG00000031176,Dynlt3,ortholog_one2one,1
ENSG00000141627,DYM,ENSMUSG00000035765,Dym,ortholog_one2one,1
ENSG00000082397,EPB41L3,ENSMUSG00000024044,Epb41l3,ortholog_one2one,1
ENSG00000185010,F8,ENSMUSG00000031196,F8,ortholog_one2one,1
ENSG00000150510,FAM124A,ENSMUSG00000035184,Fam124a,ortholog_one2one,1
ENSG00000171587,DSCAM,ENSMUSG00000050272,Dscam,ortholog_one2one,1
ENSG00000088387,DOCK9,ENSMUSG00000025558,Dock9,ortholog_one2one,1
ENSG00000232125,DYTN,ENSMUSG00000069085,Dytn,ortholog_one2one,1
ENSG00000176853,FAM91A1,ENSMUSG00000037119,Fam91a1,ortholog_one2one,1
ENSG00000147475,ERLIN2,ENSMUSG00000031483,Erlin2,ortholog_one2one,1
ENSG00000100056,ESS2,ENSMUSG00000003527,Ess2,ortholog_one2one,1
ENSG00000196227,FAM217B,ENSMUSG00000070476,Fam217b,ortholog_one2one,1
ENSG00000166947,EPB42,ENSMUSG00000023216,Epb42,ortholog_one2one,1
ENSG00000038358,EDC4,ENSMUSG00000036270,Edc4,ortholog_one2one,1
ENSG00000134759,ELP2,ENSMUSG00000024271,Elp2,ortholog_one2one,1
ENSG00000088367,EPB41L1,ENSMUSG00000027624,Epb41l1,ortholog_one2one,1
ENSG00000184708,EIF4ENIF1,ENSMUSG00000020454,Eif4enif1,ortholog_one2one,1
ENSG00000182944,EWSR1,ENSMUSG00000009079,Ewsr1,ortholog_one2one,1
ENSG00000184110,EIF3C,ENSMUSG00000030738,Eif3c,ortholog_one2many,1
ENSG00000125977,EIF2S2,ENSMUSG00000074656,Eif2s2,ortholog_one2one,1
ENSG00000138798,EGF,ENSMUSG00000028017,Egf,ortholog_one2one,1
ENSG00000062598,ELMO2,ENSMUSG00000017670,Elmo2,ortholog_one2one,1
ENSG00000141994,DUS3L,ENSMUSG00000007603,Dus3l,ortholog_one2one,1
ENSG00000175065,DSG4,ENSMUSG00000001804,Dsg4,ortholog_one2one,1
ENSG00000178567,EPM2AIP1,ENSMUSG00000046785,Epm2aip1,ortholog_one2one,1
ENSG00000149599,DUSP15,ENSMUSG00000042662,Dusp15,ortholog_one2one,1
ENSG00000155034,FBXL18,ENSMUSG00000066640,Fbxl18,ortholog_one2one,1
ENSG00000130741,EIF2S3,ENSMUSG00000035150,Eif2s3x,ortholog_one2many,1
ENSG00000106682,EIF4H,ENSMUSG00000040731,Eif4h,ortholog_one2one,1
ENSG00000167130,DOLPP1,ENSMUSG00000026856,Dolpp1,ortholog_one2one,1
ENSG00000012660,ELOVL5,ENSMUSG00000032349,Elovl5,ortholog_one2one,1
ENSG00000103264,FBXO31,ENSMUSG00000052934,Fbxo31,ortholog_one2one,1
ENSG00000182150,ERCC6L2,,,,NA
ENSG00000175376,EIF1AD,ENSMUSG00000024841,Eif1ad,ortholog_one2one,1
ENSG00000054965,FAM168A,ENSMUSG00000029461,Fam168a,ortholog_one2one,1
ENSG00000063245,EPN1,ENSMUSG00000035203,Epn1,ortholog_one2one,1
ENSG00000146648,EGFR,ENSMUSG00000020122,Egfr,ortholog_one2one,1
ENSG00000163412,EIF4E3,ENSMUSG00000093661,Eif4e3,ortholog_one2one,1
ENSG00000188573,FBLL1,ENSMUSG00000051062,Fbll1,ortholog_one2one,1
ENSG00000090776,EFNB1,ENSMUSG00000031217,Efnb1,ortholog_one2one,1
ENSG00000164970,FAM219A,ENSMUSG00000028439,Fam219a,ortholog_one2one,1
ENSG00000196990,FAM163B,ENSMUSG00000009216,Fam163b,ortholog_one2one,1
ENSG00000102119,EMD,ENSMUSG00000001964,Emd,ortholog_one2one,1
ENSG00000133878,DUSP26,ENSMUSG00000039661,Dusp26,ortholog_one2one,1
ENSG00000082805,ERC1,ENSMUSG00000030172,Erc1,ortholog_one2one,1
ENSG00000024422,EHD2,ENSMUSG00000074364,Ehd2,ortholog_one2one,1
ENSG00000102385,DRP2,ENSMUSG00000000223,Drp2,ortholog_one2one,1
ENSG00000163013,FBXO41,ENSMUSG00000047013,Fbxo41,ortholog_one2one,1
ENSG00000138439,FAM117B,ENSMUSG00000041040,Fam117b,ortholog_one2one,1
ENSG00000147677,EIF3H,ENSMUSG00000022312,Eif3h,ortholog_one2one,1
ENSG00000123992,DNPEP,ENSMUSG00000026209,Dnpep,ortholog_one2one,1
ENSG00000186976,EFCAB6,ENSMUSG00000022441,Efcab6,ortholog_one2one,1
ENSG00000106123,EPHB6,ENSMUSG00000029869,Ephb6,ortholog_one2one,1
ENSG00000092964,DPYSL2,ENSMUSG00000022048,Dpysl2,ortholog_one2one,1
ENSG00000103363,ELOB,ENSMUSG00000055839,Elob,ortholog_one2one,1
ENSG00000158636,EMSY,ENSMUSG00000035401,Emsy,ortholog_one2one,1
ENSG00000145945,FAM50B,ENSMUSG00000038246,Fam50b,ortholog_one2one,1
ENSG00000081177,EXD2,ENSMUSG00000032705,Exd2,ortholog_one2one,1
ENSG00000134014,ELP3,ENSMUSG00000022031,Elp3,ortholog_one2one,1
ENSG00000197930,ERO1A,ENSMUSG00000021831,Ero1a,ortholog_one2one,1
ENSG00000113790,EHHADH,ENSMUSG00000022853,Ehhadh,ortholog_one2one,1
ENSG00000140374,ETFA,ENSMUSG00000032314,Etfa,ortholog_one2one,1
ENSG00000124098,FAM210B,ENSMUSG00000027495,Fam210b,ortholog_one2one,1
ENSG00000107554,DNMBP,ENSMUSG00000025195,Dnmbp,ortholog_one2one,0
ENSG00000101210,EEF1A2,ENSMUSG00000016349,Eef1a2,ortholog_one2one,1
ENSG00000090989,EXOC1,ENSMUSG00000036435,Exoc1,ortholog_one2one,1
ENSG00000151640,DPYSL4,ENSMUSG00000025478,Dpysl4,ortholog_one2one,1
ENSG00000112029,FBXO5,ENSMUSG00000019773,Fbxo5,ortholog_one2one,1
ENSG00000066629,EML1,ENSMUSG00000058070,Eml1,ortholog_one2one,1
ENSG00000163520,FBLN2,ENSMUSG00000064080,Fbln2,ortholog_one2one,1
ENSG00000185721,DRG1,ENSMUSG00000020457,Drg1,ortholog_one2one,1
ENSG00000135636,DYSF,ENSMUSG00000033788,Dysf,ortholog_one2one,1
ENSG00000183807,FAM162B,ENSMUSG00000019909,Fam162b,ortholog_one2one,1
ENSG00000166897,ELFN2,ENSMUSG00000043460,Elfn2,ortholog_one2one,1
ENSG00000178982,EIF3K,ENSMUSG00000053565,Eif3k,ortholog_one2one,1
ENSG00000112234,FBXL4,ENSMUSG00000040410,Fbxl4,ortholog_one2one,1
ENSG00000104408,EIF3E,ENSMUSG00000022336,Eif3e,ortholog_one2one,1
ENSG00000129595,EPB41L4A,ENSMUSG00000024376,Epb41l4a,ortholog_one2one,1
ENSG00000183798,EMILIN3,ENSMUSG00000050700,Emilin3,ortholog_one2one,1
ENSG00000136541,ERMN,ENSMUSG00000026830,Ermn,ortholog_one2one,1
ENSG00000198780,FAM169A,ENSMUSG00000041817,Fam169a,ortholog_one2one,1
ENSG00000107581,EIF3A,ENSMUSG00000024991,Eif3a,ortholog_one2one,1
ENSG00000127527,EPS15L1,ENSMUSG00000006276,Eps15l1,ortholog_one2one,1
ENSG00000167264,DUS2,ENSMUSG00000031901,Dus2,ortholog_one2one,1
ENSG00000135472,FAIM2,ENSMUSG00000023011,Faim2,ortholog_one2one,1
ENSG00000134153,EMC7,ENSMUSG00000055943,Emc7,ortholog_one2one,1
ENSG00000088986,DYNLL1,ENSMUSG00000009013,Dynll1,ortholog_one2one,1
ENSG00000152380,FAM151B,ENSMUSG00000034334,Fam151b,ortholog_one2one,1
ENSG00000125991,ERGIC3,ENSMUSG00000005881,Ergic3,ortholog_one2one,1
ENSG00000147459,DOCK5,ENSMUSG00000044447,Dock5,ortholog_one2one,1
ENSG00000104131,EIF3J,ENSMUSG00000027236,Eif3j1,ortholog_one2many,1
ENSG00000104131,EIF3J,ENSMUSG00000043424,Eif3j2,ortholog_one2many,0
ENSG00000173040,EVC2,ENSMUSG00000050248,Evc2,ortholog_one2one,1
ENSG00000168589,DYNLRB2,ENSMUSG00000034467,Dynlrb2,ortholog_one2one,1
ENSG00000112679,DUSP22,ENSMUSG00000069255,Dusp22,ortholog_one2one,1
ENSG00000127334,DYRK2,ENSMUSG00000028630,Dyrk2,ortholog_one2one,1
ENSG00000104529,EEF1D,ENSMUSG00000055762,Eef1d,ortholog_one2one,1
ENSG00000180104,EXOC3,ENSMUSG00000034152,Exoc3,ortholog_one2one,1
ENSG00000242372,EIF6,ENSMUSG00000027613,Eif6,ortholog_one2one,1
ENSG00000077942,FBLN1,ENSMUSG00000006369,Fbln1,ortholog_one2one,1
ENSG00000184083,FAM120C,ENSMUSG00000025262,Fam120c,ortholog_one2one,1
ENSG00000122882,ECD,ENSMUSG00000021810,Ecd,ortholog_one2one,1
ENSG00000125971,DYNLRB1,ENSMUSG00000047459,Dynlrb1,ortholog_one2one,1
ENSG00000100632,ERH,ENSMUSG00000063412,Erhrt-ps,ortholog_one2many,0
ENSG00000100632,ERH,ENSMUSG00000021131,Erh,ortholog_one2many,1
ENSG00000205436,EXOC3L4,ENSMUSG00000021280,Exoc3l4,ortholog_one2one,1
ENSG00000100129,EIF3L,ENSMUSG00000033047,Eif3l,ortholog_one2one,1
ENSG00000167280,ENGASE,ENSMUSG00000033857,Engase,ortholog_one2one,1
ENSG00000134146,DPH6,ENSMUSG00000057147,Dph6,ortholog_one2one,1
ENSG00000134516,DOCK2,ENSMUSG00000020143,Dock2,ortholog_one2one,1
ENSG00000099219,ERMP1,ENSMUSG00000046324,Ermp1,ortholog_one2one,1
ENSG00000035141,FAM136A,ENSMUSG00000057497,Fam136a,ortholog_one2one,1
ENSG00000148541,FAM13C,ENSMUSG00000043259,Fam13c,ortholog_one2one,1
ENSG00000100376,FAM118A,ENSMUSG00000022434,Fam118a,ortholog_one2one,1
ENSG00000205707,ETFRF1,ENSMUSG00000040370,Etfrf1,ortholog_one2one,1
ENSG00000171262,FAM98B,ENSMUSG00000027349,Fam98b,ortholog_one2one,1
ENSG00000197586,ENTPD6,ENSMUSG00000033068,Entpd6,ortholog_one2one,1
ENSG00000173852,DPY19L1,ENSMUSG00000043067,Dpy19l1,ortholog_one2one,1
ENSG00000104412,EMC2,ENSMUSG00000022337,Emc2,ortholog_one2one,1
ENSG00000120705,ETF1,ENSMUSG00000024360,Etf1,ortholog_one2one,1
ENSG00000149927,DOC2A,ENSMUSG00000052301,Doc2a,ortholog_one2one,1
ENSG00000140598,EFL1,ENSMUSG00000038563,Efl1,ortholog_one2one,1
ENSG00000112685,EXOC2,ENSMUSG00000021357,Exoc2,ortholog_one2one,1
ENSG00000108799,EZH1,ENSMUSG00000006920,Ezh1,ortholog_one2one,1
ENSG00000156050,FAM161B,ENSMUSG00000021234,Fam161b,ortholog_one2one,1
ENSG00000055147,FAM114A2,ENSMUSG00000020523,Fam114a2,ortholog_one2one,1
ENSG00000131558,EXOC4,ENSMUSG00000029763,Exoc4,ortholog_one2one,1
ENSG00000165521,EML5,ENSMUSG00000051166,Eml5,ortholog_one2one,1
ENSG00000117868,ESYT2,ENSMUSG00000021171,Esyt2,ortholog_one2one,1
ENSG00000164089,ETNPPL,ENSMUSG00000019232,Etnppl,ortholog_one2one,1
ENSG00000173674,EIF1AX,ENSMUSG00000079031,Eif1ad2,ortholog_one2many,0
ENSG00000173674,EIF1AX,ENSMUSG00000096619,Eif1ad14,ortholog_one2many,0
ENSG00000173674,EIF1AX,ENSMUSG00000114075,Eif1ad18,ortholog_one2many,0
ENSG00000173674,EIF1AX,ENSMUSG00000067194,Eif1ax,ortholog_one2many,1
ENSG00000173674,EIF1AX,ENSMUSG00000079029,Eif1ad7,ortholog_one2many,0
ENSG00000173674,EIF1AX,ENSMUSG00000113201,Eif1ad13,ortholog_one2many,0
ENSG00000173674,EIF1AX,ENSMUSG00000096049,Eif1ad17,ortholog_one2many,0
ENSG00000173674,EIF1AX,ENSMUSG00000096803,Eif1ad16,ortholog_one2many,0
ENSG00000173674,EIF1AX,ENSMUSG00000113971,Eif1ad4,ortholog_one2many,0
ENSG00000173674,EIF1AX,ENSMUSG00000095717,Eif1ad11,ortholog_one2many,0
ENSG00000173674,EIF1AX,ENSMUSG00000057561,Eif1a,ortholog_one2many,0
ENSG00000173674,EIF1AX,ENSMUSG00000093847,Eif1ad15,ortholog_one2many,0
ENSG00000173674,EIF1AX,ENSMUSG00000072905,Eif1ad3,ortholog_one2many,0
ENSG00000173674,EIF1AX,ENSMUSG00000095724,Eif1ad19,ortholog_one2many,0
ENSG00000173674,EIF1AX,ENSMUSG00000079034,Eif1ad8,ortholog_one2many,0
ENSG00000173674,EIF1AX,ENSMUSG00000095799,Eif1ad10,ortholog_one2many,0
ENSG00000173674,EIF1AX,ENSMUSG00000092019,Eif1ad6,ortholog_one2many,0
ENSG00000173674,EIF1AX,ENSMUSG00000113805,Eif1ad12,ortholog_one2many,0
ENSG00000145982,FARS2,ENSMUSG00000021420,Fars2,ortholog_one2one,1
ENSG00000114942,EEF1B2,ENSMUSG00000025967,Eef1b2,ortholog_one2one,1
ENSG00000164659,ELAPOR2,ENSMUSG00000056004,Elapor2,ortholog_one2one,1
ENSG00000106263,EIF3B,ENSMUSG00000056076,Eif3b,ortholog_one2one,1
ENSG00000146425,DYNLT1,ENSMUSG00000095677,Dynlt1f,ortholog_one2many,0
ENSG00000146425,DYNLT1,ENSMUSG00000092074,Dynlt1a,ortholog_one2many,0
ENSG00000149806,FAU,ENSMUSG00000038274,Fau,ortholog_one2one,1
ENSG00000169122,FAM110B,ENSMUSG00000049119,Fam110b,ortholog_one2one,1
ENSG00000165323,FAT3,ENSMUSG00000074505,Fat3,ortholog_one2one,1
ENSG00000130158,DOCK6,ENSMUSG00000032198,Dock6,ortholog_one2one,1
ENSG00000095203,EPB41L4B,ENSMUSG00000028434,Epb41l4b,ortholog_one2one,1
ENSG00000178498,DTX3,ENSMUSG00000040415,Dtx3,ortholog_one2one,1
ENSG00000048828,FAM120A,ENSMUSG00000038014,Fam120a,ortholog_one2one,1
ENSG00000104413,ESRP1,ENSMUSG00000040728,Esrp1,ortholog_one2one,1
ENSG00000164687,FABP5,ENSMUSG00000027533,Fabp5,ortholog_one2one,1
ENSG00000118402,ELOVL4,ENSMUSG00000032262,Elovl4,ortholog_one2one,1
ENSG00000116903,EXOC8,ENSMUSG00000074030,Exoc8,ortholog_one2one,1
ENSG00000132591,ERAL1,ENSMUSG00000020832,Eral1,ortholog_one2one,1
ENSG00000004975,DVL2,ENSMUSG00000020888,Dvl2,ortholog_one2one,1
ENSG00000136813,ECPAS,ENSMUSG00000050812,Ecpas,ortholog_one2one,1
ENSG00000196361,ELAVL3,ENSMUSG00000003410,Elavl3,ortholog_one2one,1
ENSG00000123737,EXOSC9,ENSMUSG00000027714,Exosc9,ortholog_one2one,1
ENSG00000163833,FBXO40,ENSMUSG00000047746,Fbxo40,ortholog_one2one,1
ENSG00000181544,FANCB,ENSMUSG00000047757,Fancb,ortholog_one2one,0
ENSG00000158169,FANCC,ENSMUSG00000021461,Fancc,ortholog_one2one,1
ENSG00000104884,ERCC2,ENSMUSG00000030400,Ercc2,ortholog_one2one,1
ENSG00000134824,FADS2,ENSMUSG00000024665,Fads2,ortholog_one2one,1
ENSG00000147251,DOCK11,ENSMUSG00000031093,Dock11,ortholog_one2one,1
ENSG00000141543,EIF4A3,ENSMUSG00000025580,Eif4a3,ortholog_one2many,1
ENSG00000141543,EIF4A3,ENSMUSG00000094973,Eif4a3l1,ortholog_one2many,0
ENSG00000141543,EIF4A3,ENSMUSG00000107906,Eif4a3l2,ortholog_one2many,0
ENSG00000164303,ENPP6,ENSMUSG00000038173,Enpp6,ortholog_one2one,1
ENSG00000166171,DPCD,ENSMUSG00000041035,Dpcd,ortholog_one2one,1
ENSG00000107566,ERLIN1,ENSMUSG00000025198,Erlin1,ortholog_one2one,1
ENSG00000110429,FBXO3,ENSMUSG00000027180,Fbxo3,ortholog_one2one,1
ENSG00000179151,EDC3,ENSMUSG00000038957,Edc3,ortholog_one2one,1
ENSG00000177106,EPS8L2,ENSMUSG00000025504,Eps8l2,ortholog_one2one,1
ENSG00000135720,DYNC1LI2,ENSMUSG00000035770,Dync1li2,ortholog_one2one,1
ENSG00000144369,FAM171B,ENSMUSG00000048388,Fam171b,ortholog_one2one,1
ENSG00000128951,DUT,ENSMUSG00000027203,Dut,ortholog_one2one,1
ENSG00000142396,ERVK3-1,,,,NA
ENSG00000188107,EYS,,,,NA
ENSG00000063046,EIF4B,ENSMUSG00000058655,Eif4b,ortholog_one2one,1
ENSG00000171320,ESCO2,ENSMUSG00000022034,Esco2,ortholog_one2one,1
ENSG00000163840,DTX3L,ENSMUSG00000049502,Dtx3l,ortholog_one2one,1
ENSG00000197102,DYNC1H1,ENSMUSG00000018707,Dync1h1,ortholog_one2one,1
ENSG00000261150,EPPK1,ENSMUSG00000118671,Eppk1,ortholog_one2one,1
ENSG00000100908,EMC9,ENSMUSG00000022217,Emc9,ortholog_one2one,1
ENSG00000158234,FAIM,ENSMUSG00000096316,Faiml,ortholog_one2many,1
ENSG00000158234,FAIM,ENSMUSG00000032463,Faim,ortholog_one2many,0
ENSG00000120709,FAM53C,ENSMUSG00000034300,Fam53c,ortholog_one2one,1
ENSG00000151327,FAM177A1,ENSMUSG00000095595,Fam177a,ortholog_one2many,0
ENSG00000151327,FAM177A1,ENSMUSG00000094103,Fam177a2,ortholog_one2many,1
ENSG00000074603,DPP8,ENSMUSG00000032393,Dpp8,ortholog_one2one,1
ENSG00000100664,EIF5,ENSMUSG00000021282,Eif5,ortholog_one2one,1
ENSG00000145743,FBXL17,ENSMUSG00000023965,Fbxl17,ortholog_one2one,1
ENSG00000145868,FBXO38,ENSMUSG00000042211,Fbxo38,ortholog_one2one,1
ENSG00000180185,FAHD1,ENSMUSG00000045316,Fahd1,ortholog_one2one,1
ENSG00000198721,ECI2,ENSMUSG00000021417,Eci2,ortholog_one2many,1
ENSG00000198721,ECI2,ENSMUSG00000021416,Eci3,ortholog_one2many,1
ENSG00000125746,EML2,ENSMUSG00000040811,Eml2,ortholog_one2one,1
ENSG00000128463,EMC4,ENSMUSG00000027131,Emc4,ortholog_one2one,1
ENSG00000150760,DOCK1,ENSMUSG00000058325,Dock1,ortholog_one2one,1
ENSG00000079819,EPB41L2,ENSMUSG00000019978,Epb41l2,ortholog_one2one,1
ENSG00000183495,EP400,ENSMUSG00000029505,Ep400,ortholog_one2one,1
ENSG00000119718,EIF2B2,ENSMUSG00000004788,Eif2b2,ortholog_one2one,1
ENSG00000110321,EIF4G2,ENSMUSG00000005610,Eif4g2,ortholog_one2one,1
ENSG00000047662,FAM184B,ENSMUSG00000015879,Fam184b,ortholog_one2one,1
ENSG00000136960,ENPP2,ENSMUSG00000022425,Enpp2,ortholog_one2one,1
ENSG00000023318,ERP44,ENSMUSG00000028343,Erp44,ortholog_one2one,1
ENSG00000104823,ECH1,ENSMUSG00000053898,Ech1,ortholog_one2one,1
ENSG00000026103,FAS,ENSMUSG00000024778,Fas,ortholog_one2one,0
ENSG00000138640,FAM13A,ENSMUSG00000037709,Fam13a,ortholog_one2one,1
ENSG00000188732,FAM221A,ENSMUSG00000047115,Fam221a,ortholog_one2one,1
ENSG00000096696,DSP,ENSMUSG00000054889,Dsp,ortholog_one2one,1
ENSG00000154928,EPHB1,ENSMUSG00000032537,Ephb1,ortholog_one2one,1
ENSG00000001561,ENPP4,ENSMUSG00000023961,Enpp4,ortholog_one2one,1
ENSG00000070061,ELP1,ENSMUSG00000028431,Elp1,ortholog_one2one,1
ENSG00000135333,EPHA7,ENSMUSG00000028289,Epha7,ortholog_one2one,1
ENSG00000161040,FBXL13,ENSMUSG00000048520,Fbxl13,ortholog_one2one,1
ENSG00000167196,FBXO22,ENSMUSG00000032309,Fbxo22,ortholog_one2one,1
ENSG00000146267,FAXC,ENSMUSG00000028246,Faxc,ortholog_one2one,1
ENSG00000120915,EPHX2,ENSMUSG00000022040,Ephx2,ortholog_one2one,1
ENSG00000132294,EFR3A,ENSMUSG00000015002,Efr3a,ortholog_one2one,1
ENSG00000107099,DOCK8,ENSMUSG00000052085,Dock8,ortholog_one2one,1
ENSG00000138080,EMILIN1,ENSMUSG00000029163,Emilin1,ortholog_one2one,1
ENSG00000171224,FAM241B,ENSMUSG00000020083,Fam241b,ortholog_one2one,1
ENSG00000137414,FAM8A1,ENSMUSG00000069237,Fam8a1,ortholog_one2one,1
ENSG00000180921,FAM83H,ENSMUSG00000046761,Fam83h,ortholog_one2one,1
ENSG00000106976,DNM1,ENSMUSG00000026825,Dnm1,ortholog_one2one,1
ENSG00000103356,EARS2,ENSMUSG00000030871,Ears2,ortholog_one2one,1
ENSG00000112851,ERBIN,ENSMUSG00000021709,Erbin,ortholog_one2one,1
ENSG00000128829,EIF2AK4,ENSMUSG00000005102,Eif2ak4,ortholog_one2one,1
ENSG00000103966,EHD4,ENSMUSG00000027293,Ehd4,ortholog_one2one,1
ENSG00000125386,FAM193A,ENSMUSG00000037210,Fam193a,ortholog_one2one,1
ENSG00000127585,FBXL16,ENSMUSG00000025738,Fbxl16,ortholog_one2one,1
ENSG00000077380,DYNC1I2,ENSMUSG00000027012,Dync1i2,ortholog_one2one,1
ENSG00000161960,EIF4A1,ENSMUSG00000059796,Eif4a1,ortholog_one2one,1
ENSG00000167136,ENDOG,ENSMUSG00000015337,Endog,ortholog_one2one,1
ENSG00000120533,ENY2,ENSMUSG00000022338,Eny2,ortholog_one2one,1
ENSG00000225968,ELFN1,ENSMUSG00000048988,Elfn1,ortholog_one2one,1
ENSG00000153558,FBXL2,ENSMUSG00000032507,Fbxl2,ortholog_one2one,1
ENSG00000088538,DOCK3,ENSMUSG00000039716,Dock3,ortholog_one2one,1
ENSG00000163832,ELP6,ENSMUSG00000054836,Elp6,ortholog_one2one,1
ENSG00000157470,FAM81A,ENSMUSG00000032224,Fam81a,ortholog_one2one,1
ENSG00000082269,FAM135A,ENSMUSG00000026153,Fam135a,ortholog_one2one,1
ENSG00000145242,EPHA5,ENSMUSG00000029245,Epha5,ortholog_one2one,1
ENSG00000183580,FBXL7,ENSMUSG00000043556,Fbxl7,ortholog_one2one,1
ENSG00000124279,FASTKD3,ENSMUSG00000021532,Fastkd3,ortholog_one2one,1
ENSG00000047579,DTNBP1,ENSMUSG00000057531,Dtnbp1,ortholog_one2one,1
ENSG00000044524,EPHA3,ENSMUSG00000052504,Epha3,ortholog_one2one,1
ENSG00000092820,EZR,ENSMUSG00000052397,Ezr,ortholog_one2one,1
ENSG00000196937,FAM3C,ENSMUSG00000029672,Fam3c,ortholog_one2one,1
ENSG00000105202,FBL,ENSMUSG00000046865,Fbl,ortholog_one2one,1
ENSG00000161243,FBXO27,ENSMUSG00000037463,Fbxo27,ortholog_one2one,1
ENSG00000154582,ELOC,ENSMUSG00000079658,Eloc,ortholog_one2one,1
ENSG00000155849,ELMO1,ENSMUSG00000041112,Elmo1,ortholog_one2one,1
ENSG00000157851,DPYSL5,ENSMUSG00000029168,Dpysl5,ortholog_one2one,1
ENSG00000072134,EPN2,ENSMUSG00000001036,Epn2,ortholog_one2one,1
ENSG00000110042,DTX4,ENSMUSG00000039982,Dtx4,ortholog_one2one,1
ENSG00000179387,ELMOD2,ENSMUSG00000035151,Elmod2,ortholog_one2one,1
ENSG00000093144,ECHDC1,ENSMUSG00000019883,Echdc1,ortholog_one2one,1
ENSG00000147724,FAM135B,ENSMUSG00000036800,Fam135b,ortholog_one2one,1
ENSG00000108963,DPH1,ENSMUSG00000078789,Dph1,ortholog_one2one,1
ENSG00000189157,FAM47E,ENSMUSG00000057068,Fam47e,ortholog_one2one,1
ENSG00000213853,EMP2,ENSMUSG00000022505,Emp2,ortholog_one2one,1
ENSG00000113194,FAF2,ENSMUSG00000025873,Faf2,ortholog_one2one,1
ENSG00000196405,EVL,ENSMUSG00000021262,Evl,ortholog_one2one,1
ENSG00000130816,DNMT1,ENSMUSG00000004099,Dnmt1,ortholog_one2one,1
ENSG00000154269,ENPP3,ENSMUSG00000019989,Enpp3,ortholog_one2one,1
ENSG00000131148,EMC8,ENSMUSG00000031819,Emc8,ortholog_one2one,0
ENSG00000070367,EXOC5,ENSMUSG00000061244,Exoc5,ortholog_one2one,1
ENSG00000124802,EEF1E1,ENSMUSG00000001707,Eef1e1,ortholog_one2one,1
ENSG00000167930,FAM234A,ENSMUSG00000024187,Fam234a,ortholog_one2one,1
ENSG00000203965,EFCAB7,ENSMUSG00000073791,Efcab7,ortholog_one2one,1
ENSG00000128512,DOCK4,ENSMUSG00000035954,Dock4,ortholog_one2one,1
ENSG00000151247,EIF4E,ENSMUSG00000028156,Eif4e,ortholog_one2one,1
ENSG00000135108,FBXO21,ENSMUSG00000032898,Fbxo21,ortholog_one2one,1
ENSG00000173442,EHBP1L1,ENSMUSG00000024937,Ehbp1l1,ortholog_one2one,1
ENSG00000111879,FAM184A,ENSMUSG00000019856,Fam184a,ortholog_one2one,1
ENSG00000197561,ELANE,ENSMUSG00000020125,Elane,ortholog_one2one,1
ENSG00000130244,FAM98C,ENSMUSG00000030590,Fam98c,ortholog_one2one,1
ENSG00000172031,EPHX4,ENSMUSG00000033805,Ephx4,ortholog_one2one,1
ENSG00000159784,FAM131B,ENSMUSG00000029861,Fam131b,ortholog_one2one,1
ENSG00000254772,EEF1G,ENSMUSG00000071644,Eef1g,ortholog_one2one,1
ENSG00000055332,EIF2AK2,ENSMUSG00000024079,Eif2ak2,ortholog_one2one,1
ENSG00000164176,EDIL3,ENSMUSG00000034488,Edil3,ortholog_one2one,1
ENSG00000124491,F13A1,ENSMUSG00000039109,F13a1,ortholog_one2one,1
ENSG00000110675,ELMOD1,ENSMUSG00000041986,Elmod1,ortholog_one2one,1
ENSG00000276023,DUSP14,ENSMUSG00000018648,Dusp14,ortholog_one2one,1
ENSG00000175390,EIF3F,ENSMUSG00000031029,Eif3f,ortholog_one2one,1
ENSG00000130713,EXOSC2,ENSMUSG00000039356,Exosc2,ortholog_one2one,1
ENSG00000113719,ERGIC1,ENSMUSG00000001576,Ergic1,ortholog_one2one,1
ENSG00000138399,FASTKD1,ENSMUSG00000027086,Fastkd1,ortholog_one2one,1
ENSG00000103089,FA2H,ENSMUSG00000033579,Fa2h,ortholog_one2one,1
ENSG00000156508,EEF1A1,ENSMUSG00000037742,Eef1a1,ortholog_one2one,1
ENSG00000148468,FAM171A1,ENSMUSG00000050530,Fam171a1,ortholog_one2one,1
ENSG00000132394,EEFSEC,ENSMUSG00000033216,Eefsec,ortholog_one2one,1
ENSG00000086289,EPDR1,ENSMUSG00000002808,Epdr1,ortholog_one2one,1
ENSG00000164434,FABP7,ENSMUSG00000019874,Fabp7,ortholog_one2one,1
ENSG00000221829,FANCG,ENSMUSG00000028453,Fancg,ortholog_one2one,1
ENSG00000167658,EEF2,ENSMUSG00000034994,Eef2,ortholog_one2one,1
ENSG00000162999,DUSP19,ENSMUSG00000027001,Dusp19,ortholog_one2one,1
ENSG00000135722,FBXL8,ENSMUSG00000033313,Fbxl8,ortholog_one2one,1
ENSG00000156976,EIF4A2,ENSMUSG00000022884,Eif4a2,ortholog_one2one,1
ENSG00000065361,ERBB3,ENSMUSG00000018166,Erbb3,ortholog_one2one,1
ENSG00000116661,FBXO2,ENSMUSG00000041556,Fbxo2,ortholog_one2one,1
ENSG00000179085,DPM3,ENSMUSG00000042737,Dpm3,ortholog_one2one,1
ENSG00000133059,DSTYK,ENSMUSG00000042046,Dstyk,ortholog_one2one,1
ENSG00000079805,DNM2,ENSMUSG00000033335,Dnm2,ortholog_one2one,1
ENSG00000125170,DOK4,ENSMUSG00000040631,Dok4,ortholog_one2one,1
ENSG00000107223,EDF1,ENSMUSG00000015092,Edf1,ortholog_one2one,1
ENSG00000149499,EML3,ENSMUSG00000071647,Eml3,ortholog_one2one,1
ENSG00000142002,DPP9,ENSMUSG00000001229,Dpp9,ortholog_one2one,1
ENSG00000066044,ELAVL1,ENSMUSG00000040028,Elavl1,ortholog_one2one,1
ENSG00000178904,DPY19L3,ENSMUSG00000043671,Dpy19l3,ortholog_one2one,1
ENSG00000197712,FAM114A1,ENSMUSG00000029185,Fam114a1,ortholog_one2one,1
ENSG00000107105,ELAVL2,ENSMUSG00000008489,Elavl2,ortholog_one2one,1
ENSG00000187790,FANCM,ENSMUSG00000055884,Fancm,ortholog_one2one,1
ENSG00000113657,DPYSL3,ENSMUSG00000024501,Dpysl3,ortholog_one2one,1
ENSG00000107404,DVL1,ENSMUSG00000029071,Dvl1,ortholog_one2one,1
ENSG00000149100,EIF3M,ENSMUSG00000027170,Eif3m,ortholog_one2one,1
ENSG00000170291,ELP5,ENSMUSG00000018565,Elp5,ortholog_one2one,1
ENSG00000126860,EVI2A,ENSMUSG00000078771,Evi2a,ortholog_one2one,1
ENSG00000054179,ENTPD2,ENSMUSG00000015085,Entpd2,ortholog_one2one,1
ENSG00000189057,FAM111B,,,,NA
ENSG00000138190,EXOC6,ENSMUSG00000053799,Exoc6,ortholog_one2one,1
ENSG00000176973,FAM89B,ENSMUSG00000024939,Fam89b,ortholog_one2one,1
ENSG00000225830,ERCC6,ENSMUSG00000054051,Ercc6,ortholog_one2one,1
ENSG00000083097,DOP1A,ENSMUSG00000034973,Dop1a,ortholog_one2one,1
ENSG00000134001,EIF2S1,ENSMUSG00000021116,Eif2s1,ortholog_one2one,1
ENSG00000127884,ECHS1,ENSMUSG00000025465,Echs1,ortholog_one2one,1
ENSG00000182580,EPHB3,ENSMUSG00000005958,Ephb3,ortholog_one2one,1
ENSG00000105379,ETFB,ENSMUSG00000004610,Etfb,ortholog_one2one,1
ENSG00000112787,FBRSL1,ENSMUSG00000043323,Fbrsl1,ortholog_one2one,1
ENSG00000151491,EPS8,ENSMUSG00000015766,Eps8,ortholog_one2one,1
ENSG00000131037,EPS8L1,ENSMUSG00000006154,Eps8l1,ortholog_one2one,1
ENSG00000133935,ERG28,ENSMUSG00000021252,Erg28,ortholog_one2one,1
ENSG00000130811,EIF3G,ENSMUSG00000070319,Eif3g,ortholog_one2one,1
ENSG00000157036,EXOG,ENSMUSG00000042787,Exog,ortholog_one2one,1
ENSG00000161671,EMC10,ENSMUSG00000008140,Emc10,ortholog_one2one,1
ENSG00000122547,EEPD1,ENSMUSG00000036611,Eepd1,ortholog_one2one,1
ENSG00000151914,DST,ENSMUSG00000026131,Dst,ortholog_one2one,1
ENSG00000130159,ECSIT,ENSMUSG00000066839,Ecsit,ortholog_one2one,1
ENSG00000107872,FBXL15,ENSMUSG00000025226,Fbxl15,ortholog_one2one,1
ENSG00000112584,FAM120B,ENSMUSG00000014763,Fam120b,ortholog_one2one,1
ENSG00000083857,FAT1,ENSMUSG00000070047,Fat1,ortholog_one2one,1
ENSG00000175182,FAM131A,ENSMUSG00000050821,Fam131a,ortholog_one2one,1
ENSG00000112425,EPM2A,ENSMUSG00000055493,Epm2a,ortholog_one2one,1
ENSG00000171503,ETFDH,ENSMUSG00000027809,Etfdh,ortholog_one2one,1
ENSG00000145191,EIF2B5,ENSMUSG00000003235,Eif2b5,ortholog_one2one,1
ENSG00000179115,FARSA,ENSMUSG00000003808,Farsa,ortholog_one2one,1
ENSG00000168040,FADD,ENSMUSG00000031077,Fadd,ortholog_one2one,1
ENSG00000171617,ENC1,ENSMUSG00000041773,Enc1,ortholog_one2one,1
ENSG00000135436,FAM186B,ENSMUSG00000078907,Fam186b,ortholog_one2one,1
ENSG00000118496,FBXO30,ENSMUSG00000047648,Fbxo30,ortholog_one2one,1
ENSG00000116106,EPHA4,ENSMUSG00000026235,Epha4,ortholog_one2one,1
ENSG00000164307,ERAP1,ENSMUSG00000021583,Erap1,ortholog_one2one,1
ENSG00000105204,DYRK1B,ENSMUSG00000002409,Dyrk1b,ortholog_one2one,1
ENSG00000182473,EXOC7,ENSMUSG00000020792,Exoc7,ortholog_one2one,1
ENSG00000149218,ENDOD1,ENSMUSG00000037419,Endod1,ortholog_one2one,1
ENSG00000031003,FAM13B,ENSMUSG00000036501,Fam13b,ortholog_one2one,1
ENSG00000108947,EFNB3,ENSMUSG00000003934,Efnb3,ortholog_one2one,1
ENSG00000145293,ENOPH1,ENSMUSG00000029326,Enoph1,ortholog_one2one,1
ENSG00000169710,FASN,ENSMUSG00000025153,Fasn,ortholog_one2one,1
ENSG00000089248,ERP29,ENSMUSG00000029616,Erp29,ortholog_one2one,1
ENSG00000132507,EIF5A,ENSMUSG00000078812,Eif5a,ortholog_one2many,1
ENSG00000142459,EVI5L,ENSMUSG00000011832,Evi5l,ortholog_one2one,1
ENSG00000197798,FAM118B,ENSMUSG00000050471,Fam118b,ortholog_one2one,1
ENSG00000135905,DOCK10,ENSMUSG00000038608,Dock10,ortholog_one2one,1
ENSG00000188878,FBF1,ENSMUSG00000020776,Fbf1,ortholog_one2one,1
ENSG00000158560,DYNC1I1,ENSMUSG00000029757,Dync1i1,ortholog_one2one,1
ENSG00000185958,FAM186A,ENSMUSG00000045350,Fam186a,ortholog_one2one,0
ENSG00000108861,DUSP3,,,,NA
ENSG00000161682,FAM171A2,ENSMUSG00000034685,Fam171a2,ortholog_one2one,1
ENSG00000130226,DPP6,ENSMUSG00000061576,Dpp6,ortholog_one2one,1
ENSG00000105755,ETHE1,ENSMUSG00000064254,Ethe1,ortholog_one2one,1
ENSG00000049283,EPN3,ENSMUSG00000010080,Epn3,ortholog_one2one,1
ENSG00000149485,FADS1,ENSMUSG00000010663,Fads1,ortholog_one2one,1
ENSG00000168393,DTYMK,ENSMUSG00000026281,Dtymk,ortholog_one2one,1
ENSG00000272636,DOC2B,ENSMUSG00000020848,Doc2b,ortholog_one2one,1
ENSG00000108883,EFTUD2,ENSMUSG00000020929,Eftud2,ortholog_one2one,1
ENSG00000108306,FBXL20,ENSMUSG00000020883,Fbxl20,ortholog_one2one,1
ENSG00000116120,FARSB,ENSMUSG00000026245,Farsb,ortholog_one2one,1
ENSG00000114867,EIF4G1,ENSMUSG00000045983,Eif4g1,ortholog_one2one,1
ENSG00000197601,FAR1,ENSMUSG00000030759,Far1,ortholog_one2one,1
ENSG00000264364,DYNLL2,ENSMUSG00000020483,Dynll2,ortholog_one2one,1
ENSG00000167880,EVPL,ENSMUSG00000034282,Evpl,ortholog_one2one,1
ENSG00000187240,DYNC2H1,ENSMUSG00000047193,Dync2h1,ortholog_one2one,1
ENSG00000109911,ELP4,ENSMUSG00000027167,Elp4,ortholog_one2one,1
ENSG00000006607,FARP2,ENSMUSG00000034066,Farp2,ortholog_one2one,1
ENSG00000139641,ESYT1,ENSMUSG00000025366,Esyt1,ortholog_one2one,1
ENSG00000110047,EHD1,ENSMUSG00000024772,Ehd1,ortholog_one2one,1
ENSG00000221968,FADS3,ENSMUSG00000024664,Fads3,ortholog_one2one,1
ENSG00000111674,ENO2,ENSMUSG00000004267,Eno2,ortholog_one2one,1
ENSG00000102189,EEA1,ENSMUSG00000036499,Eea1,ortholog_one2one,1
ENSG00000177103,DSCAML1,ENSMUSG00000032087,Dscaml1,ortholog_one2one,1
ENSG00000108515,ENO3,ENSMUSG00000060600,Eno3,ortholog_one2one,1
ENSG00000149547,EI24,ENSMUSG00000062762,Ei24,ortholog_one2one,1
ENSG00000173812,EIF1,ENSMUSG00000035530,Eif1,ortholog_one2one,1
ENSG00000111361,EIF2B1,ENSMUSG00000029388,Eif2b1,ortholog_one2one,1
ENSG00000144895,EIF2A,ENSMUSG00000027810,Eif2a,ortholog_one2one,1
ENSG00000108591,DRG2,ENSMUSG00000020537,Drg2,ortholog_one2one,1
ENSG00000117419,ERI3,ENSMUSG00000033423,Eri3,ortholog_one2one,1
ENSG00000144152,FBLN7,ENSMUSG00000027386,Fbln7,ortholog_one2one,1
ENSG00000087470,DNM1L,ENSMUSG00000022789,Dnm1l,ortholog_one2one,1
ENSG00000127463,EMC1,ENSMUSG00000078517,Emc1,ortholog_one2one,1
ENSG00000144199,FAHD2B,,,,NA
ENSG00000158417,EIF5B,ENSMUSG00000026083,Eif5b,ortholog_one2one,1
ENSG00000121769,FABP3,ENSMUSG00000028773,Fabp3,ortholog_one2one,1
ENSG00000172269,DPAGT1,ENSMUSG00000032123,Dpagt1,ortholog_one2one,1
ENSG00000168309,FAM107A,ENSMUSG00000021750,Fam107a,ortholog_one2one,1
ENSG00000114023,FAM162A,ENSMUSG00000003955,Fam162a,ortholog_one2one,1
ENSG00000161202,DVL3,ENSMUSG00000003233,Dvl3,ortholog_one2one,1
ENSG00000118246,FASTKD2,ENSMUSG00000025962,Fastkd2,ortholog_one2one,1
ENSG00000013016,EHD3,ENSMUSG00000024065,Ehd3,ortholog_one2one,1
ENSG00000198919,DZIP3,ENSMUSG00000064061,Dzip3,ortholog_one2one,1
ENSG00000144036,EXOC6B,ENSMUSG00000033769,Exoc6b,ortholog_one2one,1
ENSG00000188542,DUSP28,ENSMUSG00000047067,Dusp28,ortholog_one2one,1
ENSG00000144635,DYNC1LI1,ENSMUSG00000032435,Dync1li1,ortholog_one2one,1
ENSG00000114784,EIF1B,ENSMUSG00000006941,Eif1b,ortholog_one2one,1
ENSG00000032389,EIPR1,ENSMUSG00000036613,Eipr1,ortholog_one2one,1
ENSG00000187672,ERC2,ENSMUSG00000040640,Erc2,ortholog_one2one,1
ENSG00000080224,EPHA6,ENSMUSG00000055540,Epha6,ortholog_one2one,1
ENSG00000138036,DYNC2LI1,ENSMUSG00000024253,Dync2li1,ortholog_one2one,1
ENSG00000115109,EPB41L5,ENSMUSG00000026383,Epb41l5,ortholog_one2one,1
ENSG00000174013,FBXO45,ENSMUSG00000035764,Fbxo45,ortholog_one2one,1
ENSG00000143756,FBXO28,ENSMUSG00000047539,Fbxo28,ortholog_one2one,1
ENSG00000132768,DPH2,ENSMUSG00000028540,Dph2,ortholog_one2one,1
ENSG00000125037,EMC3,ENSMUSG00000030286,Emc3,ortholog_one2one,1
ENSG00000070785,EIF2B3,ENSMUSG00000028683,Eif2b3,ortholog_one2one,1
ENSG00000115211,EIF2B4,ENSMUSG00000029145,Eif2b4,ortholog_one2one,1
ENSG00000143924,EML4,ENSMUSG00000032624,Eml4,ortholog_one2one,1
ENSG00000154380,ENAH,ENSMUSG00000022995,Enah,ortholog_one2one,1
ENSG00000115380,EFEMP1,ENSMUSG00000020467,Efemp1,ortholog_one2one,1
ENSG00000158716,DUSP23,ENSMUSG00000026544,Dusp23,ortholog_one2one,1
ENSG00000132879,FBXO44,ENSMUSG00000029001,Fbxo44,ortholog_one2one,1
ENSG00000178568,ERBB4,ENSMUSG00000062209,Erbb4,ortholog_one2one,1
ENSG00000142634,EFHD2,ENSMUSG00000040659,Efhd2,ortholog_one2one,1
ENSG00000085832,EPS15,ENSMUSG00000028552,Eps15,ortholog_one2one,1
ENSG00000175497,DPP10,ENSMUSG00000036815,Dpp10,ortholog_one2one,1
ENSG00000115504,EHBP1,ENSMUSG00000042302,Ehbp1,ortholog_one2one,1
ENSG00000068912,ERLEC1,ENSMUSG00000020311,Erlec1,ortholog_one2one,1
ENSG00000084710,EFR3B,ENSMUSG00000020658,Efr3b,ortholog_one2one,1
ENSG00000138101,DTNB,,,,NA
ENSG00000115468,EFHD1,ENSMUSG00000026255,Efhd1,ortholog_one2one,1
ENSG00000119812,FAM98A,ENSMUSG00000002017,Fam98a,ortholog_one2one,1
ENSG00000143486,EIF2D,ENSMUSG00000026427,Eif2d,ortholog_one2one,1
ENSG00000116641,DOCK7,ENSMUSG00000028556,Dock7,ortholog_one2one,1
ENSG00000115459,ELMOD3,ENSMUSG00000056698,Elmod3,ortholog_one2one,1
ENSG00000135930,EIF4E2,ENSMUSG00000026254,Eif4e2,ortholog_one2one,1
ENSG00000133216,EPHB2,ENSMUSG00000028664,Ephb2,ortholog_one2one,1
ENSG00000214595,EML6,ENSMUSG00000044072,Eml6,ortholog_one2one,1
ENSG00000115042,FAHD2A,ENSMUSG00000027371,Fahd2a,ortholog_one2one,1
ENSG00000143819,EPHX1,ENSMUSG00000038776,Ephx1,ortholog_one2one,1
ENSG00000075151,EIF4G3,ENSMUSG00000028760,Eif4g3,ortholog_one2one,1
ENSG00000197959,DNM3,ENSMUSG00000040265,Dnm3,ortholog_one2one,1
ENSG00000136628,EPRS1,ENSMUSG00000026615,Eprs1,ortholog_one2one,1
ENSG00000117480,FAAH,ENSMUSG00000034171,Faah,ortholog_one2one,1
ENSG00000081721,DUSP12,ENSMUSG00000026659,Dusp12,ortholog_one2one,1
ENSG00000117525,F3,ENSMUSG00000028128,F3,ortholog_one2one,0
ENSG00000162374,ELAVL4,ENSMUSG00000028546,Elavl4,ortholog_one2one,1
ENSG00000084623,EIF3I,ENSMUSG00000028798,Eif3i,ortholog_one2one,1
ENSG00000067208,EVI5,ENSMUSG00000011831,Evi5,ortholog_one2one,1
ENSG00000121310,ECHDC2,ENSMUSG00000028601,Echdc2,ortholog_one2one,1
ENSG00000116663,FBXO6,ENSMUSG00000055401,Fbxo6,ortholog_one2one,1
ENSG00000143420,ENSA,ENSMUSG00000038619,Ensa,ortholog_one2one,1
ENSG00000183317,EPHA10,ENSMUSG00000028876,Epha10,ortholog_one2one,1
ENSG00000135766,EGLN1,ENSMUSG00000031987,Egln1,ortholog_one2one,1
ENSG00000074800,ENO1,ENSMUSG00000063524,Eno1,ortholog_one2many,1
ENSG00000074800,ENO1,ENSMUSG00000059040,Eno1b,ortholog_one2many,0
ENSG00000159023,EPB41,ENSMUSG00000028906,Epb41,ortholog_one2one,1
ENSG00000185104,FAF1,ENSMUSG00000010517,Faf1,ortholog_one2one,1
ENSG00000066322,ELOVL1,ENSMUSG00000006390,Elovl1,ortholog_one2one,1
ENSG00000292358,GTPBP6,,,,NA
ENSG00000284752,GMPR2,,,,NA
ENSG00000288114,GTF2H1,,,,NA
ENSG00000183098,GPC6,ENSMUSG00000058571,Gpc6,ortholog_one2one,1
ENSG00000291944,GFER,,,,NA
ENSG00000291958,GCSH,,,,NA
ENSG00000284967,FDFT1,,,,NA
ENSG00000288118,GLUD2,,,,NA
ENSG00000274404,GOLGA6L22,,,,NA
ENSG00000188342,GTF2F2,ENSMUSG00000067995,Gtf2f2,ortholog_one2one,1
ENSG00000160282,FTCD,ENSMUSG00000001155,Ftcd,ortholog_one2one,1
ENSG00000291995,GOLGA8A,,,,NA
ENSG00000088340,FER1L4,,,,NA
ENSG00000189060,H1-0,ENSMUSG00000096210,H1f0,ortholog_one2one,1
ENSG00000182890,GLUD2,ENSMUSG00000021794,Glud1,ortholog_one2many,1
ENSG00000099984,GSTT2,ENSMUSG00000033318,Gstt2,ortholog_one2many,1
ENSG00000159131,GART,ENSMUSG00000022962,Gart,ortholog_one2one,1
ENSG00000189369,GSPT2,ENSMUSG00000071723,Gspt2,ortholog_one2one,1
ENSG00000101958,GLRA2,ENSMUSG00000018589,Glra2,ortholog_one2one,1
ENSG00000139835,GRTP1,ENSMUSG00000038515,Grtp1,ortholog_one2one,1
ENSG00000102531,FNDC3A,ENSMUSG00000033487,Fndc3a,ortholog_one2one,1
ENSG00000284571,FLII,,,,NA
ENSG00000282019,GPI,,,,NA
ENSG00000282735,GARRE1,,,,NA
ENSG00000179399,GPC5,ENSMUSG00000022112,Gpc5,ortholog_one2one,1
ENSG00000184206,GOLGA6L4,,,,NA
ENSG00000277865,GOLGA6L22,,,,NA
ENSG00000260230,FRRS1L,ENSMUSG00000045589,Frrs1l,ortholog_one2one,1
ENSG00000102755,FLT1,ENSMUSG00000029648,Flt1,ortholog_one2one,1
ENSG00000073910,FRY,ENSMUSG00000056602,Fry,ortholog_one2one,1
ENSG00000100226,GTPBP1,ENSMUSG00000042535,Gtpbp1,ortholog_one2one,1
ENSG00000281775,FTCD,,,,NA
ENSG00000262473,GART,,,,NA
ENSG00000124827,GCM2,ENSMUSG00000021362,Gcm2,ortholog_one2one,1
ENSG00000122025,FLT3,ENSMUSG00000042817,Flt3,ortholog_one2one,1
ENSG00000277897,GSTT2,,,,NA
ENSG00000277656,GSTT1,,,,NA
ENSG00000152749,GPR180,ENSMUSG00000022131,Gpr180,ortholog_one2one,1
ENSG00000102466,FGF14,ENSMUSG00000025551,Fgf14,ortholog_one2one,1
ENSG00000121742,GJB6,ENSMUSG00000040055,Gjb6,ortholog_one2one,1
ENSG00000105723,GSK3A,ENSMUSG00000057177,Gsk3a,ortholog_one2one,1
ENSG00000187837,H1-2,ENSMUSG00000036181,H1f2,ortholog_one2one,1
ENSG00000279389,GARRE1,,,,NA
ENSG00000141965,FEM1A,ENSMUSG00000043683,Fem1a,ortholog_one2many,1
ENSG00000141965,FEM1A,ENSMUSG00000078157,Fem1al,ortholog_one2many,0
ENSG00000281887,GIMAP1-GIMAP5,,,,NA
ENSG00000183090,FREM3,ENSMUSG00000042353,Frem3,ortholog_one2one,1
ENSG00000168522,FNTA,ENSMUSG00000015994,Fnta,ortholog_one2one,1
ENSG00000186895,FGF3,ENSMUSG00000031074,Fgf3,ortholog_one2one,1
ENSG00000100350,FOXRED2,ENSMUSG00000016552,Foxred2,ortholog_one2one,1
ENSG00000125675,GRIA3,ENSMUSG00000001986,Gria3,ortholog_one2one,1
ENSG00000232569,GABBR1,,,,NA
ENSG00000223654,FLOT1,,,,NA
ENSG00000181984,GOLGA8CP,,,,NA
ENSG00000206412,GNL1,,,,NA
ENSG00000131067,GGT7,ENSMUSG00000027603,Ggt7,ortholog_one2one,1
ENSG00000171189,GRIK1,ENSMUSG00000022935,Grik1,ortholog_one2one,1
ENSG00000235986,GNL1,,,,NA
ENSG00000232632,GABBR1,,,,NA
ENSG00000138604,GLCE,ENSMUSG00000032252,Glce,ortholog_one2one,1
ENSG00000176678,FOXL1,ENSMUSG00000097084,Foxl1,ortholog_one2one,1
ENSG00000229470,GNL1,,,,NA
ENSG00000232280,FLOT1,,,,NA
ENSG00000198785,GRIN3A,ENSMUSG00000039579,Grin3a,ortholog_one2one,1
ENSG00000184897,H1-10,ENSMUSG00000044927,H1f10,ortholog_one2one,1
ENSG00000292219,GRIPAP1,,,,NA
ENSG00000119402,FBXW2,ENSMUSG00000035949,Fbxw2,ortholog_one2one,1
ENSG00000182511,FES,ENSMUSG00000053158,Fes,ortholog_one2one,1
ENSG00000100077,GRK3,ENSMUSG00000042249,Grk3,ortholog_one2one,1
ENSG00000188352,FOCAD,ENSMUSG00000038368,Focad,ortholog_one2one,1
ENSG00000237112,GABBR1,,,,NA
ENSG00000128266,GNAZ,ENSMUSG00000040009,Gnaz,ortholog_one2one,1
ENSG00000150907,FOXO1,ENSMUSG00000044167,Foxo1,ortholog_one2one,1
ENSG00000105701,FKBP8,ENSMUSG00000019428,Fkbp8,ortholog_one2one,1
ENSG00000206379,FLOT1,,,,NA
ENSG00000169181,GSG1L,ENSMUSG00000046182,Gsg1l,ortholog_one2one,1
ENSG00000249715,FER1L5,ENSMUSG00000037432,Fer1l5,ortholog_one2one,1
ENSG00000136935,GOLGA1,ENSMUSG00000026754,Golga1,ortholog_one2one,1
ENSG00000089639,GMIP,ENSMUSG00000036246,Gmip,ortholog_one2one,1
ENSG00000165474,GJB2,ENSMUSG00000046352,Gjb2,ortholog_one2one,1
ENSG00000150667,FSIP1,ENSMUSG00000027344,Fsip1,ortholog_one2one,1
ENSG00000125812,GZF1,ENSMUSG00000027439,Gzf1,ortholog_one2one,1
ENSG00000167110,GOLGA2,ENSMUSG00000002546,Golga2,ortholog_one2many,1
ENSG00000119321,FKBP15,ENSMUSG00000066151,Fkbp15,ortholog_one2one,1
ENSG00000206466,GABBR1,,,,NA
ENSG00000178950,GAK,ENSMUSG00000062234,Gak,ortholog_one2one,1
ENSG00000087086,FTL,ENSMUSG00000062382,Ftl1-ps1,ortholog_one2many,0
ENSG00000087086,FTL,ENSMUSG00000050708,Ftl1,ortholog_one2many,1
ENSG00000237051,GABBR1,,,,NA
ENSG00000228581,GNL1,,,,NA
ENSG00000224740,FLOT1,,,,NA
ENSG00000077782,FGFR1,ENSMUSG00000031565,Fgfr1,ortholog_one2one,1
ENSG00000254838,GVINP1,,,,NA
ENSG00000226882,GNL1,,,,NA
ENSG00000236271,FLOT1,,,,NA
ENSG00000147536,GINS4,ENSMUSG00000031546,Gins4,ortholog_one2one,1
ENSG00000206511,GABBR1,,,,NA
ENSG00000206480,FLOT1,,,,NA
ENSG00000138757,G3BP2,ENSMUSG00000029405,G3bp2,ortholog_one2one,1
ENSG00000066926,FECH,ENSMUSG00000024588,Fech,ortholog_one2one,1
ENSG00000108010,GLRX3,ENSMUSG00000031068,Glrx3,ortholog_one2one,1
ENSG00000185274,GALNT17,ENSMUSG00000034040,Galnt17,ortholog_one2one,1
ENSG00000230143,FLOT1,,,,NA
ENSG00000134775,FHOD3,ENSMUSG00000034295,Fhod3,ortholog_one2one,1
ENSG00000232143,GNL1,,,,NA
ENSG00000178795,GDPD4,ENSMUSG00000035582,Gdpd4,ortholog_one2one,1
ENSG00000221946,FXYD7,ENSMUSG00000036578,Fxyd7,ortholog_one2one,1
ENSG00000088832,FKBP1A,ENSMUSG00000032966,Fkbp1a,ortholog_one2many,1
ENSG00000138759,FRAS1,ENSMUSG00000034687,Fras1,ortholog_one2one,1
ENSG00000206492,GNL1,,,,NA
ENSG00000141404,GNAL,ENSMUSG00000024524,Gnal,ortholog_one2one,1
ENSG00000167191,GPRC5B,ENSMUSG00000008734,Gprc5b,ortholog_one2one,1
ENSG00000141441,GAREM1,ENSMUSG00000042680,Garem1,ortholog_one2one,1
ENSG00000139433,GLTP,ENSMUSG00000011884,Gltp,ortholog_one2one,1
ENSG00000100116,GCAT,ENSMUSG00000006378,Gcat,ortholog_one2one,1
ENSG00000068400,GRIPAP1,ENSMUSG00000031153,Gripap1,ortholog_one2one,1
ENSG00000186297,GABRA5,ENSMUSG00000055078,Gabra5,ortholog_one2one,1
ENSG00000047932,GOPC,ENSMUSG00000019861,Gopc,ortholog_one2one,1
ENSG00000156049,GNA14,ENSMUSG00000024697,Gna14,ortholog_one2one,1
ENSG00000168959,GRM5,ENSMUSG00000049583,Grm5,ortholog_one2one,1
ENSG00000158301,GPRASP2,ENSMUSG00000072966,Gprasp2,ortholog_one2one,1
ENSG00000119125,GDA,ENSMUSG00000058624,Gda,ortholog_one2one,1
ENSG00000127084,FGD3,ENSMUSG00000037946,Fgd3,ortholog_one2one,1
ENSG00000156958,GALK2,ENSMUSG00000027207,Galk2,ortholog_one2one,1
ENSG00000178015,GPR150,,,,NA
ENSG00000172020,GAP43,ENSMUSG00000047261,Gap43,ortholog_one2one,1
ENSG00000176884,GRIN1,ENSMUSG00000026959,Grin1,ortholog_one2one,1
ENSG00000185340,GAS2L1,ENSMUSG00000034201,Gas2l1,ortholog_one2one,1
ENSG00000157353,FCSK,ENSMUSG00000033703,Fcsk,ortholog_one2one,1
ENSG00000182771,GRID1,ENSMUSG00000041078,Grid1,ortholog_one2one,1
ENSG00000127554,GFER,ENSMUSG00000040888,Gfer,ortholog_one2one,1
ENSG00000152642,GPD1L,ENSMUSG00000050627,Gpd1l,ortholog_one2one,1
ENSG00000122694,GLIPR2,ENSMUSG00000028480,Glipr2,ortholog_one2one,1
ENSG00000239857,GET4,ENSMUSG00000025858,Get4,ortholog_one2one,1
ENSG00000057608,GDI2,ENSMUSG00000021218,Gdi2,ortholog_one2one,1
ENSG00000164898,FMC1,ENSMUSG00000019689,Fmc1,ortholog_one2one,1
ENSG00000100626,GALNT16,ENSMUSG00000021130,Galnt16,ortholog_one2one,1
ENSG00000158669,GPAT4,ENSMUSG00000031545,Gpat4,ortholog_one2one,1
ENSG00000046653,GPM6B,ENSMUSG00000031342,Gpm6b,ortholog_one2one,1
ENSG00000100083,GGA1,ENSMUSG00000033128,Gga1,ortholog_one2one,1
ENSG00000129682,FGF13,ENSMUSG00000031137,Fgf13,ortholog_one2one,1
ENSG00000022267,FHL1,ENSMUSG00000050035,Fhl4,ortholog_one2many,0
ENSG00000022267,FHL1,ENSMUSG00000023092,Fhl1,ortholog_one2many,1
ENSG00000164694,FNDC1,ENSMUSG00000071984,Fndc1,ortholog_one2one,1
ENSG00000158555,GDPD5,ENSMUSG00000035314,Gdpd5,ortholog_one2one,1
ENSG00000147533,GOLGA7,ENSMUSG00000015341,Golga7,ortholog_one2one,1
ENSG00000069509,FUNDC1,ENSMUSG00000025040,Fundc1,ortholog_one2one,1
ENSG00000167699,GLOD4,,,,NA
ENSG00000125166,GOT2,ENSMUSG00000031672,Got2,ortholog_one2one,1
ENSG00000011677,GABRA3,ENSMUSG00000031343,Gabra3,ortholog_one2one,1
ENSG00000151025,GPR158,ENSMUSG00000045967,Gpr158,ortholog_one2one,1
ENSG00000203879,GDI1,ENSMUSG00000015291,Gdi1,ortholog_one2one,1
ENSG00000106070,GRB10,ENSMUSG00000020176,Grb10,ortholog_one2one,1
ENSG00000151474,FRMD4A,ENSMUSG00000026657,Frmd4a,ortholog_one2one,1
ENSG00000088256,GNA11,ENSMUSG00000034781,Gna11,ortholog_one2one,1
ENSG00000068078,FGFR3,ENSMUSG00000054252,Fgfr3,ortholog_one2one,1
ENSG00000010810,FYN,ENSMUSG00000019843,Fyn,ortholog_one2one,1
ENSG00000164082,GRM2,ENSMUSG00000023192,Grm2,ortholog_one2one,1
ENSG00000147234,FRMPD3,ENSMUSG00000042425,Frmpd3,ortholog_one2one,1
ENSG00000130299,GTPBP3,ENSMUSG00000007610,Gtpbp3,ortholog_one2one,1
ENSG00000140718,FTO,ENSMUSG00000055932,Fto,ortholog_one2one,1
ENSG00000126500,FLRT1,ENSMUSG00000047787,Flrt1,ortholog_one2one,1
ENSG00000152822,GRM1,ENSMUSG00000019828,Grm1,ortholog_one2one,1
ENSG00000100983,GSS,ENSMUSG00000027610,Gss,ortholog_one2one,1
ENSG00000120053,GOT1,ENSMUSG00000025190,Got1,ortholog_one2one,1
ENSG00000111711,GOLT1B,ENSMUSG00000030245,Golt1b,ortholog_one2one,1
ENSG00000166206,GABRB3,ENSMUSG00000033676,Gabrb3,ortholog_one2one,1
ENSG00000141098,GFOD2,ENSMUSG00000013150,Gfod2,ortholog_one2one,1
ENSG00000124194,GDAP1L1,ENSMUSG00000017943,Gdap1l1,ortholog_one2one,1
ENSG00000125848,FLRT3,ENSMUSG00000051379,Flrt3,ortholog_one2one,1
ENSG00000183454,GRIN2A,ENSMUSG00000059003,Grin2a,ortholog_one2one,1
ENSG00000087258,GNAO1,ENSMUSG00000031748,Gnao1,ortholog_one2one,1
ENSG00000178445,GLDC,ENSMUSG00000024827,Gldc,ortholog_one2one,1
ENSG00000148834,GSTO1,ENSMUSG00000025068,Gsto1,ortholog_one2one,1
ENSG00000104290,FZD3,ENSMUSG00000007989,Fzd3,ortholog_one2one,1
ENSG00000163607,GTPBP8,ENSMUSG00000022668,Gtpbp8,ortholog_one2one,1
ENSG00000160211,G6PD,ENSMUSG00000031400,G6pdx,ortholog_one2many,1
ENSG00000160211,G6PD,ENSMUSG00000089992,G6pd2,ortholog_one2many,0
ENSG00000100225,FBXO7,ENSMUSG00000001786,Fbxo7,ortholog_one2one,1
ENSG00000169258,GPRIN1,ENSMUSG00000069227,Gprin1,ortholog_one2one,1
ENSG00000171560,FGA,,,,NA
ENSG00000069966,GNB5,ENSMUSG00000032192,Gnb5,ortholog_one2one,1
ENSG00000145321,GC,ENSMUSG00000035540,Gc,ortholog_one2one,1
ENSG00000087460,GNAS,ENSMUSG00000027523,Gnas,ortholog_one2one,0
ENSG00000185838,GNB1L,ENSMUSG00000000884,Gnb1l,ortholog_one2one,1
ENSG00000109158,GABRA4,ENSMUSG00000029211,Gabra4,ortholog_one2one,1
ENSG00000171557,FGG,ENSMUSG00000033860,Fgg,ortholog_one2one,1
ENSG00000075240,GRAMD4,ENSMUSG00000035900,Gramd4,ortholog_one2one,1
ENSG00000109519,GRPEL1,ENSMUSG00000029198,Grpel1,ortholog_one2one,1
ENSG00000145863,GABRA6,ENSMUSG00000020428,Gabra6,ortholog_one2one,1
ENSG00000115414,FN1,ENSMUSG00000026193,Fn1,ortholog_one2one,1
ENSG00000101193,GID8,ENSMUSG00000027573,Gid8,ortholog_one2one,1
ENSG00000198356,GET3,ENSMUSG00000052456,Get3,ortholog_one2one,1
ENSG00000165678,GHITM,ENSMUSG00000041028,Ghitm,ortholog_one2one,1
ENSG00000113552,GNPDA1,ENSMUSG00000052102,Gnpda1,ortholog_one2one,1
ENSG00000137106,GRHPR,ENSMUSG00000035637,Grhpr,ortholog_one2one,1
ENSG00000145990,GFOD1,ENSMUSG00000051335,Gfod1,ortholog_one2one,1
ENSG00000112699,GMDS,ENSMUSG00000038372,Gmds,ortholog_one2one,1
ENSG00000198932,GPRASP1,ENSMUSG00000043384,Gprasp1,ortholog_one2one,1
ENSG00000171766,GATM,ENSMUSG00000027199,Gatm,ortholog_one2one,1
ENSG00000214253,FIS1,ENSMUSG00000019054,Fis1,ortholog_one2one,1
ENSG00000100938,GMPR2,ENSMUSG00000002326,Gmpr2,ortholog_one2one,1
ENSG00000060558,GNA15,ENSMUSG00000034792,Gna15,ortholog_one2one,1
ENSG00000178234,GALNT11,ENSMUSG00000038072,Galnt11,ortholog_one2one,1
ENSG00000109458,GAB1,ENSMUSG00000031714,Gab1,ortholog_one2one,1
ENSG00000106415,GLCCI1,ENSMUSG00000029638,Glcci1,ortholog_one2one,1
ENSG00000163285,GABRG1,ENSMUSG00000001260,Gabrg1,ortholog_one2one,1
ENSG00000122642,FKBP9,ENSMUSG00000029781,Fkbp9,ortholog_one2one,1
ENSG00000164418,GRIK2,ENSMUSG00000056073,Grik2,ortholog_one2one,1
ENSG00000115486,GGCX,ENSMUSG00000053460,Ggcx,ortholog_one2one,1
ENSG00000187239,FNBP1,ENSMUSG00000075415,Fnbp1,ortholog_one2one,1
ENSG00000102302,FGD1,ENSMUSG00000025265,Fgd1,ortholog_one2one,1
ENSG00000102081,FMR1,ENSMUSG00000000838,Fmr1,ortholog_one2one,1
ENSG00000197296,FITM2,ENSMUSG00000048486,Fitm2,ortholog_one2one,1
ENSG00000100577,GSTZ1,ENSMUSG00000021033,Gstz1,ortholog_one2one,1
ENSG00000061918,GUCY1B1,ENSMUSG00000028005,Gucy1b1,ortholog_one2one,1
ENSG00000168546,GFRA2,ENSMUSG00000022103,Gfra2,ortholog_one2one,1
ENSG00000163288,GABRB1,ENSMUSG00000029212,Gabrb1,ortholog_one2one,1
ENSG00000233276,GPX1,ENSMUSG00000063856,Gpx1,ortholog_one2one,1
ENSG00000033170,FUT8,ENSMUSG00000021065,Fut8,ortholog_one2one,1
ENSG00000124493,GRM4,ENSMUSG00000063239,Grm4,ortholog_one2one,1
ENSG00000196924,FLNA,ENSMUSG00000031328,Flna,ortholog_one2one,1
ENSG00000120063,GNA13,ENSMUSG00000020611,Gna13,ortholog_one2one,1
ENSG00000107164,FUBP3,ENSMUSG00000026843,Fubp3,ortholog_one2one,1
ENSG00000172159,FRMD3,ENSMUSG00000049122,Frmd3,ortholog_one2one,1
ENSG00000106701,FSD1L,ENSMUSG00000054752,Fsd1l,ortholog_one2one,1
ENSG00000007237,GAS7,ENSMUSG00000033066,Gas7,ortholog_one2one,1
ENSG00000198814,GK,ENSMUSG00000025059,Gk,ortholog_one2many,1
ENSG00000105464,GRIN2D,ENSMUSG00000002771,Grin2d,ortholog_one2one,1
ENSG00000170775,GPR37,ENSMUSG00000039904,Gpr37,ortholog_one2one,1
ENSG00000137563,GGH,ENSMUSG00000073987,Ggh,ortholog_one2one,1
ENSG00000165775,FUNDC2,ENSMUSG00000031198,Fundc2,ortholog_one2one,1
ENSG00000169933,FRMPD4,ENSMUSG00000049176,Frmpd4,ortholog_one2one,1
ENSG00000129245,FXR2,ENSMUSG00000018765,Fxr2,ortholog_one2one,1
ENSG00000185070,FLRT2,ENSMUSG00000047414,Flrt2,ortholog_one2one,1
ENSG00000076716,GPC4,ENSMUSG00000031119,Gpc4,ortholog_one2one,1
ENSG00000070610,GBA2,ENSMUSG00000028467,Gba2,ortholog_one2one,1
ENSG00000126391,FRMD8,ENSMUSG00000024816,Frmd8,ortholog_one2one,1
ENSG00000109534,GAR1,ENSMUSG00000028010,Gar1,ortholog_one2one,1
ENSG00000213930,GALT,ENSMUSG00000036073,Galt,ortholog_one2one,1
ENSG00000178605,GTPBP6,ENSMUSG00000033434,Gtpbp6,ortholog_one2one,1
ENSG00000171877,FRMD5,ENSMUSG00000027238,Frmd5,ortholog_one2one,1
ENSG00000165113,GKAP1,ENSMUSG00000021552,Gkap1,ortholog_one2one,1
ENSG00000188738,FSIP2,ENSMUSG00000075249,Fsip2,ortholog_one2one,1
ENSG00000127955,GNAI1,ENSMUSG00000057614,Gnai1,ortholog_one2one,1
ENSG00000159921,GNE,ENSMUSG00000028479,Gne,ortholog_one2one,1
ENSG00000148180,GSN,ENSMUSG00000026879,Gsn,ortholog_one2one,1
ENSG00000169018,FEM1B,ENSMUSG00000032244,Fem1b,ortholog_one2one,1
ENSG00000166398,GARRE1,ENSMUSG00000066571,Garre1,ortholog_one2one,1
ENSG00000198822,GRM3,ENSMUSG00000003974,Grm3,ortholog_one2one,1
ENSG00000152208,GRID2,ENSMUSG00000071424,Grid2,ortholog_one2one,1
ENSG00000153982,GDPD1,ENSMUSG00000061666,Gdpd1,ortholog_one2one,1
ENSG00000186417,GLDN,ENSMUSG00000046167,Gldn,ortholog_one2one,1
ENSG00000141560,FN3KRP,ENSMUSG00000039253,Fn3krp,ortholog_one2one,1
ENSG00000172500,FIBP,ENSMUSG00000024911,Fibp,ortholog_one2one,1
ENSG00000169562,GJB1,ENSMUSG00000047797,Gjb1,ortholog_one2one,1
ENSG00000198055,GRK6,ENSMUSG00000074886,Grk6,ortholog_one2one,1
ENSG00000089351,GRAMD1A,ENSMUSG00000001248,Gramd1a,ortholog_one2one,1
ENSG00000112367,FIG4,ENSMUSG00000038417,Fig4,ortholog_one2one,1
ENSG00000077235,GTF3C1,ENSMUSG00000032777,Gtf3c1,ortholog_one2one,1
ENSG00000180263,FGD6,ENSMUSG00000020021,Fgd6,ortholog_one2one,1
ENSG00000141349,G6PC3,ENSMUSG00000034793,G6pc3,ortholog_one2one,1
ENSG00000104687,GSR,ENSMUSG00000031584,Gsr,ortholog_one2one,1
ENSG00000204681,GABBR1,ENSMUSG00000024462,Gabbr1,ortholog_one2one,1
ENSG00000167468,GPX4,ENSMUSG00000075706,Gpx4,ortholog_one2one,1
ENSG00000179603,GRM8,ENSMUSG00000024211,Grm8,ortholog_one2one,1
ENSG00000132004,FBXW9,ENSMUSG00000008167,Fbxw9,ortholog_one2one,1
ENSG00000215045,GRID2IP,ENSMUSG00000010825,Grid2ip,ortholog_one2one,1
ENSG00000151892,GFRA1,ENSMUSG00000025089,Gfra1,ortholog_one2one,1
ENSG00000114480,GBE1,ENSMUSG00000022707,Gbe1,ortholog_one2one,1
ENSG00000179271,GADD45GIP1,ENSMUSG00000033751,Gadd45gip1,ortholog_one2one,1
ENSG00000115159,GPD2,ENSMUSG00000026827,Gpd2,ortholog_one2one,1
ENSG00000139926,FRMD6,ENSMUSG00000048285,Frmd6,ortholog_one2one,1
ENSG00000183208,GDPGP1,ENSMUSG00000050973,Gdpgp1,ortholog_one2one,1
ENSG00000160360,GPSM1,ENSMUSG00000026930,Gpsm1,ortholog_one2one,1
ENSG00000114353,GNAI2,ENSMUSG00000032562,Gnai2,ortholog_one2one,1
ENSG00000273079,GRIN2B,ENSMUSG00000030209,Grin2b,ortholog_one2one,1
ENSG00000092208,GEMIN2,ENSMUSG00000060121,Gemin2,ortholog_one2one,1
ENSG00000082516,GEMIN5,ENSMUSG00000037275,Gemin5,ortholog_one2one,1
ENSG00000111640,GAPDH,ENSMUSG00000057666,Gapdh,ortholog_one2many,1
ENSG00000111640,GAPDH,ENSMUSG00000097148,Gapdhrt,ortholog_one2many,0
ENSG00000111640,GAPDH,ENSMUSG00000110469,Gapdhrt2,ortholog_one2many,0
ENSG00000171723,GPHN,ENSMUSG00000047454,Gphn,ortholog_one2one,1
ENSG00000217128,FNIP1,ENSMUSG00000035992,Fnip1,ortholog_one2one,1
ENSG00000054983,GALC,ENSMUSG00000021003,Galc,ortholog_one2one,1
ENSG00000135423,GLS2,ENSMUSG00000044005,Gls2,ortholog_one2one,1
ENSG00000164946,FREM1,ENSMUSG00000059049,Frem1,ortholog_one2one,1
ENSG00000261609,GAN,ENSMUSG00000052557,Gan,ortholog_one2one,1
ENSG00000090863,GLG1,ENSMUSG00000003316,Glg1,ortholog_one2one,1
ENSG00000070601,FRMPD1,ENSMUSG00000035615,Frmpd1,ortholog_one2one,1
ENSG00000167588,GPD1,ENSMUSG00000023019,Gpd1,ortholog_one2one,1
ENSG00000184922,FMNL1,ENSMUSG00000055805,Fmnl1,ortholog_one2one,1
ENSG00000148672,GLUD1,ENSMUSG00000021794,Glud1,ortholog_one2many,1
ENSG00000122068,FYTTD1,ENSMUSG00000022800,Fyttd1,ortholog_one2one,1
ENSG00000197858,GPAA1,ENSMUSG00000022561,Gpaa1,ortholog_one2one,1
ENSG00000182512,GLRX5,ENSMUSG00000021102,Glrx5,ortholog_one2one,1
ENSG00000112146,FBXO9,ENSMUSG00000001366,Fbxo9,ortholog_one2one,1
ENSG00000082701,GSK3B,ENSMUSG00000022812,Gsk3b,ortholog_one2one,1
ENSG00000161509,GRIN2C,ENSMUSG00000020734,Grin2c,ortholog_one2one,1
ENSG00000118407,FILIP1,ENSMUSG00000034898,Filip1,ortholog_one2one,1
ENSG00000164116,GUCY1A1,ENSMUSG00000033910,Gucy1a1,ortholog_one2one,1
ENSG00000143631,FLG,ENSMUSG00000102439,Flg,ortholog_one2one,0
ENSG00000143520,FLG2,ENSMUSG00000049133,Flg2,ortholog_one2one,0
ENSG00000248905,FMN1,ENSMUSG00000044042,Fmn1,ortholog_one2one,1
ENSG00000166734,GOLM2,ENSMUSG00000060227,Golm2,ortholog_one2one,1
ENSG00000139112,GABARAPL1,ENSMUSG00000030161,Gabarapl1,ortholog_one2one,1
ENSG00000135052,GOLM1,ENSMUSG00000021556,Golm1,ortholog_one2one,1
ENSG00000146192,FGD2,ENSMUSG00000024013,Fgd2,ortholog_one2one,1
ENSG00000182256,GABRG3,ENSMUSG00000055026,Gabrg3,ortholog_one2one,1
ENSG00000118689,FOXO3,ENSMUSG00000048756,Foxo3,ortholog_one2one,1
ENSG00000197045,GMFB,ENSMUSG00000062014,Gmfb,ortholog_one2one,1
ENSG00000079459,FDFT1,ENSMUSG00000021273,Fdft1,ortholog_one2one,1
ENSG00000172432,GTPBP2,ENSMUSG00000023952,Gtpbp2,ortholog_one2one,1
ENSG00000119927,GPAM,ENSMUSG00000024978,Gpam,ortholog_one2one,1
ENSG00000059691,GATB,ENSMUSG00000028085,Gatb,ortholog_one2one,1
ENSG00000175265,GOLGA8A,ENSMUSG00000002546,Golga2,ortholog_one2many,0
ENSG00000257365,FNTB,ENSMUSG00000033373,Fntb,ortholog_one2one,1
ENSG00000105737,GRIK5,ENSMUSG00000003378,Grik5,ortholog_one2one,1
ENSG00000157107,FCHO2,ENSMUSG00000041685,Fcho2,ortholog_one2one,1
ENSG00000073712,FERMT2,ENSMUSG00000037712,Fermt2,ortholog_one2one,1
ENSG00000198815,FOXJ3,ENSMUSG00000032998,Foxj3,ortholog_one2one,1
ENSG00000104381,GDAP1,ENSMUSG00000025777,Gdap1,ortholog_one2one,1
ENSG00000171115,GIMAP8,ENSMUSG00000064262,Gimap8,ortholog_one2one,1
ENSG00000103342,GSPT1,ENSMUSG00000062203,Gspt1,ortholog_one2one,1
ENSG00000161791,FMNL3,ENSMUSG00000023008,Fmnl3,ortholog_one2one,1
ENSG00000115419,GLS,ENSMUSG00000026103,Gls,ortholog_one2one,1
ENSG00000173221,GLRX,ENSMUSG00000021591,Glrx,ortholog_one2one,1
ENSG00000146535,GNA12,ENSMUSG00000000149,Gna12,ortholog_one2one,1
ENSG00000164347,GFM2,ENSMUSG00000021666,Gfm2,ortholog_one2one,1
ENSG00000134201,GSTM5,,,,NA
ENSG00000103365,GGA2,ENSMUSG00000030872,Gga2,ortholog_one2one,1
ENSG00000001084,GCLC,ENSMUSG00000032350,Gclc,ortholog_one2one,1
ENSG00000146830,GIGYF1,ENSMUSG00000029714,Gigyf1,ortholog_one2one,1
ENSG00000114279,FGF12,ENSMUSG00000022523,Fgf12,ortholog_one2one,1
ENSG00000213203,GIMAP1,ENSMUSG00000090019,Gimap1,ortholog_one2one,1
ENSG00000075539,FRYL,ENSMUSG00000070733,Fryl,ortholog_one2one,1
ENSG00000022355,GABRA1,ENSMUSG00000010803,Gabra1,ortholog_one2one,1
ENSG00000113578,FGF1,ENSMUSG00000036585,Fgf1,ortholog_one2one,1
ENSG00000136750,GAD2,ENSMUSG00000026787,Gad2,ortholog_one2one,1
ENSG00000167914,GSDMA,ENSMUSG00000064224,Gsdma3,ortholog_one2many,1
ENSG00000167914,GSDMA,ENSMUSG00000017211,Gsdma2,ortholog_one2many,1
ENSG00000266964,FXYD1,ENSMUSG00000036570,Fxyd1,ortholog_one2one,1
ENSG00000177225,GATD1,ENSMUSG00000051007,Gatd1,ortholog_one2one,1
ENSG00000084207,GSTP1,ENSMUSG00000060803,Gstp1,ortholog_one2many,1
ENSG00000084207,GSTP1,ENSMUSG00000038155,Gstp2,ortholog_one2many,1
ENSG00000104812,GYS1,ENSMUSG00000003865,Gys1,ortholog_one2one,1
ENSG00000124767,GLO1,ENSMUSG00000024026,Glo1,ortholog_one2one,1
ENSG00000250510,GPR162,ENSMUSG00000038390,Gpr162,ortholog_one2one,1
ENSG00000128683,GAD1,ENSMUSG00000070880,Gad1,ortholog_one2one,1
ENSG00000141034,GID4,ENSMUSG00000018415,Gid4,ortholog_one2one,1
ENSG00000125447,GGA3,ENSMUSG00000020740,Gga3,ortholog_one2one,1
ENSG00000105325,FZR1,ENSMUSG00000020235,Fzr1,ortholog_one2one,1
ENSG00000100522,GNPNAT1,ENSMUSG00000037722,Gnpnat1,ortholog_one2one,1
ENSG00000163754,GYG1,ENSMUSG00000019528,Gyg1,ortholog_one2one,1
ENSG00000082074,FYB1,ENSMUSG00000022148,Fyb1,ortholog_one2one,1
ENSG00000108479,GALK1,ENSMUSG00000020766,Galk1,ortholog_one2one,1
ENSG00000136895,GARNL3,ENSMUSG00000038860,Garnl3,ortholog_one2one,1
ENSG00000138685,FGF2,ENSMUSG00000037225,Fgf2,ortholog_one2one,1
ENSG00000150625,GPM6A,ENSMUSG00000031517,Gpm6a,ortholog_one2one,1
ENSG00000141568,FOXK2,ENSMUSG00000039275,Foxk2,ortholog_one2one,1
ENSG00000140905,GCSH,ENSMUSG00000034424,Gcsh,ortholog_one2one,1
ENSG00000159069,FBXW5,ENSMUSG00000015095,Fbxw5,ortholog_one2one,1
ENSG00000109738,GLRB,ENSMUSG00000028020,Glrb,ortholog_one2one,1
ENSG00000114416,FXR1,ENSMUSG00000027680,Fxr1,ortholog_one2one,1
ENSG00000179562,GCC1,ENSMUSG00000029708,Gcc1,ortholog_one2one,1
ENSG00000145864,GABRB2,ENSMUSG00000007653,Gabrb2,ortholog_one2one,1
ENSG00000137218,FRS3,ENSMUSG00000023266,Frs3,ortholog_one2one,1
ENSG00000130005,GAMT,ENSMUSG00000020150,Gamt,ortholog_one2one,1
ENSG00000033327,GAB2,ENSMUSG00000004508,Gab2,ortholog_one2one,1
ENSG00000198380,GFPT1,ENSMUSG00000029992,Gfpt1,ortholog_one2one,1
ENSG00000198522,GPN1,ENSMUSG00000064037,Gpn1,ortholog_one2one,1
ENSG00000089597,GANAB,ENSMUSG00000071650,Ganab,ortholog_one2one,1
ENSG00000128591,FLNC,ENSMUSG00000068699,Flnc,ortholog_one2one,1
ENSG00000198873,GRK5,ENSMUSG00000003228,Grk5,ortholog_one2one,1
ENSG00000136928,GABBR2,ENSMUSG00000039809,Gabbr2,ortholog_one2one,1
ENSG00000116906,GNPAT,ENSMUSG00000031985,Gnpat,ortholog_one2one,1
ENSG00000164125,GASK1B,ENSMUSG00000027955,Gask1b,ortholog_one2one,1
ENSG00000105220,GPI,ENSMUSG00000036427,Gpi1,ortholog_one2one,1
ENSG00000155324,GRAMD2B,ENSMUSG00000001700,Gramd2b,ortholog_one2one,1
ENSG00000152661,GJA1,ENSMUSG00000050953,Gja1,ortholog_one2one,1
ENSG00000105793,GTPBP10,ENSMUSG00000040464,Gtpbp10,ortholog_one2one,1
ENSG00000171564,FGB,ENSMUSG00000033831,Fgb,ortholog_one2one,1
ENSG00000149403,GRIK4,ENSMUSG00000032017,Grik4,ortholog_one2one,1
ENSG00000113384,GOLPH3,ENSMUSG00000022200,Golph3,ortholog_one2one,1
ENSG00000131149,GSE1,ENSMUSG00000031822,Gse1,ortholog_one2one,1
ENSG00000155816,FMN2,ENSMUSG00000028354,Fmn2,ortholog_one2one,1
ENSG00000125651,GTF2F1,ENSMUSG00000002658,Gtf2f1,ortholog_one2one,1
ENSG00000267673,FDX2,ENSMUSG00000079677,Fdx2,ortholog_one2one,1
ENSG00000108433,GOSR2,ENSMUSG00000020946,Gosr2,ortholog_one2one,1
ENSG00000066468,FGFR2,ENSMUSG00000030849,Fgfr2,ortholog_one2one,1
ENSG00000204590,GNL1,ENSMUSG00000024429,Gnl1,ortholog_one2one,1
ENSG00000130475,FCHO1,ENSMUSG00000070000,Fcho1,ortholog_one2one,1
ENSG00000165219,GAPVD1,ENSMUSG00000026867,Gapvd1,ortholog_one2one,1
ENSG00000156052,GNAQ,,,,NA
ENSG00000131095,GFAP,ENSMUSG00000020932,Gfap,ortholog_one2one,1
ENSG00000108262,GIT1,ENSMUSG00000011877,Git1,ortholog_one2one,1
ENSG00000162188,GNG3,ENSMUSG00000071658,Gng3,ortholog_one2one,1
ENSG00000100442,FKBP3,ENSMUSG00000020949,Fkbp3,ortholog_one2one,1
ENSG00000113327,GABRG2,ENSMUSG00000020436,Gabrg2,ortholog_one2one,1
ENSG00000034713,GABARAPL2,ENSMUSG00000031950,Gabarapl2,ortholog_one2one,1
ENSG00000138678,GPAT3,ENSMUSG00000029314,Gpat3,ortholog_one2one,1
ENSG00000133574,GIMAP4,ENSMUSG00000054435,Gimap4,ortholog_one2one,1
ENSG00000169727,GPS1,ENSMUSG00000025156,Gps1,ortholog_one2one,1
ENSG00000006007,GDE1,ENSMUSG00000033917,Gde1,ortholog_one2one,1
ENSG00000105255,FSD1,ENSMUSG00000011589,Fsd1,ortholog_one2one,1
ENSG00000144596,GRIP2,ENSMUSG00000030098,Grip2,ortholog_one2one,1
ENSG00000006625,GGCT,ENSMUSG00000002797,Ggct,ortholog_one2one,1
ENSG00000111816,FRK,ENSMUSG00000019779,Frk,ortholog_one2one,1
ENSG00000089280,FUS,ENSMUSG00000030795,Fus,ortholog_one2one,1
ENSG00000132463,GRSF1,ENSMUSG00000044221,Grsf1,ortholog_one2one,1
ENSG00000168496,FEN1,ENSMUSG00000024742,Fen1,ortholog_one2one,1
ENSG00000140632,GLYR1,ENSMUSG00000022536,Glyr1,ortholog_one2one,1
ENSG00000197448,GSTK1,ENSMUSG00000029864,Gstk1,ortholog_one2one,1
ENSG00000151834,GABRA2,ENSMUSG00000000560,Gabra2,ortholog_one2one,1
ENSG00000114450,GNB4,ENSMUSG00000027669,Gnb4,ortholog_one2one,1
ENSG00000179855,GIPC3,ENSMUSG00000034872,Gipc3,ortholog_one2one,1
ENSG00000176533,GNG7,,,,NA
ENSG00000164916,FOXK1,ENSMUSG00000056493,Foxk1,ortholog_one2one,1
ENSG00000106105,GARS1,ENSMUSG00000029777,Gars1,ortholog_one2one,1
ENSG00000114745,GORASP1,ENSMUSG00000032513,Gorasp1,ortholog_one2one,1
ENSG00000107862,GBF1,ENSMUSG00000025224,Gbf1,ortholog_one2one,1
ENSG00000120251,GRIA2,ENSMUSG00000033981,Gria2,ortholog_one2one,1
ENSG00000185477,GPRIN3,ENSMUSG00000045441,Gprin3,ortholog_one2one,1
ENSG00000137312,FLOT1,ENSMUSG00000059714,Flot1,ortholog_one2one,1
ENSG00000177731,FLII,ENSMUSG00000002812,Flii,ortholog_one2one,1
ENSG00000151806,GUF1,ENSMUSG00000029208,Guf1,ortholog_one2one,1
ENSG00000111790,FGFR1OP2,ENSMUSG00000040242,Fgfr1op2,ortholog_one2one,1
ENSG00000096060,FKBP5,ENSMUSG00000024222,Fkbp5,ortholog_one2one,1
ENSG00000155974,GRIP1,ENSMUSG00000034813,Grip1,ortholog_one2one,1
ENSG00000155265,GOLGA7B,ENSMUSG00000042532,Golga7b,ortholog_one2one,1
ENSG00000168827,GFM1,ENSMUSG00000027774,Gfm1,ortholog_one2one,1
ENSG00000186469,GNG2,ENSMUSG00000043004,Gng2,ortholog_one2one,1
ENSG00000144674,GOLGA4,ENSMUSG00000038708,Golga4,ortholog_one2one,1
ENSG00000136235,GPNMB,ENSMUSG00000029816,Gpnmb,ortholog_one2one,1
ENSG00000163281,GNPDA2,ENSMUSG00000029209,Gnpda2,ortholog_one2one,1
ENSG00000123159,GIPC1,ENSMUSG00000019433,Gipc1,ortholog_one2one,1
ENSG00000105607,GCDH,ENSMUSG00000003809,Gcdh,ortholog_one2one,1
ENSG00000263001,GTF2I,ENSMUSG00000060261,Gtf2i,ortholog_one2one,1
ENSG00000144366,GULP1,ENSMUSG00000056870,Gulp1,ortholog_one2one,1
ENSG00000149781,FERMT3,ENSMUSG00000024965,Fermt3,ortholog_one2one,1
ENSG00000213366,GSTM2,ENSMUSG00000004035,Gstm7,ortholog_one2one,1
ENSG00000145451,GLRA3,ENSMUSG00000038257,Glra3,ortholog_one2one,1
ENSG00000173020,GRK2,ENSMUSG00000024858,Grk2,ortholog_one2one,1
ENSG00000167996,FTH1,,,,NA
ENSG00000075618,FSCN1,ENSMUSG00000029581,Fscn1,ortholog_one2one,1
ENSG00000163328,GPR155,ENSMUSG00000041762,Gpr155,ortholog_one2one,1
ENSG00000141756,FKBP10,ENSMUSG00000001555,Fkbp10,ortholog_one2one,1
ENSG00000143457,GOLPH3L,ENSMUSG00000046519,Golph3l,ortholog_one2one,1
ENSG00000142751,GPN2,ENSMUSG00000028848,Gpn2,ortholog_one2one,1
ENSG00000174021,GNG5,ENSMUSG00000068523,Gng5,ortholog_one2one,1
ENSG00000155511,GRIA1,ENSMUSG00000020524,Gria1,ortholog_one2one,1
ENSG00000105447,GRWD1,ENSMUSG00000053801,Grwd1,ortholog_one2one,1
ENSG00000179409,GEMIN4,ENSMUSG00000017286,Glod4,ortholog_one2many,1
ENSG00000179409,GEMIN4,ENSMUSG00000049396,Gemin4,ortholog_one2many,1
ENSG00000110768,GTF2H1,ENSMUSG00000006599,Gtf2h1,ortholog_one2one,1
ENSG00000105928,GSDME,ENSMUSG00000029821,Gsdme,ortholog_one2one,1
ENSG00000089154,GCN1,ENSMUSG00000041638,Gcn1,ortholog_one2one,1
ENSG00000172354,GNB2,ENSMUSG00000029713,Gnb2,ortholog_one2one,1
ENSG00000151422,FER,ENSMUSG00000000127,Fer,ortholog_one2one,1
ENSG00000072803,FBXW11,ENSMUSG00000020271,Fbxw11,ortholog_one2one,1
ENSG00000115806,GORASP2,ENSMUSG00000014959,Gorasp2,ortholog_one2one,1
ENSG00000167925,GHDC,ENSMUSG00000017747,Ghdc,ortholog_one2one,1
ENSG00000145907,G3BP1,ENSMUSG00000018583,G3bp1,ortholog_one2one,1
ENSG00000177885,GRB2,ENSMUSG00000059923,Grb2,ortholog_one2one,1
ENSG00000110074,FOXRED1,ENSMUSG00000039048,Foxred1,ortholog_one2one,1
ENSG00000196743,GM2A,ENSMUSG00000000594,Gm2a,ortholog_one2one,1
ENSG00000257218,GATC,ENSMUSG00000029536,Gatc,ortholog_one2one,1
ENSG00000132436,FIGNL1,ENSMUSG00000035455,Fignl1,ortholog_one2one,1
ENSG00000170075,GPR37L1,ENSMUSG00000026424,Gpr37l1,ortholog_one2one,1
ENSG00000163820,FYCO1,ENSMUSG00000025241,Fyco1,ortholog_one2one,1
ENSG00000167363,FN3K,ENSMUSG00000025175,Fn3k,ortholog_one2one,1
ENSG00000154803,FLCN,ENSMUSG00000032633,Flcn,ortholog_one2one,1
ENSG00000136068,FLNB,ENSMUSG00000025278,Flnb,ortholog_one2one,1
ENSG00000152402,GUCY1A2,ENSMUSG00000041624,Gucy1a2,ortholog_one2one,1
ENSG00000108587,GOSR1,ENSMUSG00000010392,Gosr1,ortholog_one2one,1
ENSG00000132704,FCRL2,,,,NA
ENSG00000137714,FDX1,ENSMUSG00000032051,Fdx1,ortholog_one2one,1
ENSG00000173486,FKBP2,ENSMUSG00000056629,Fkbp2,ortholog_one2one,1
ENSG00000160688,FLAD1,ENSMUSG00000042642,Flad1,ortholog_one2one,1
ENSG00000132589,FLOT2,ENSMUSG00000061981,Flot2,ortholog_one2one,1
ENSG00000111670,GNPTAB,ENSMUSG00000035311,Gnptab,ortholog_one2one,1
ENSG00000137726,FXYD6,,,,NA
ENSG00000178075,GRAMD1C,ENSMUSG00000036292,Gramd1c,ortholog_one2one,1
ENSG00000149557,FEZ1,ENSMUSG00000032118,Fez1,ortholog_one2one,1
ENSG00000161513,FDXR,,,,NA
ENSG00000173230,GOLGB1,ENSMUSG00000034243,Golgb1,ortholog_one2one,1
ENSG00000166225,FRS2,ENSMUSG00000020170,Frs2,ortholog_one2one,1
ENSG00000173905,GOLIM4,ENSMUSG00000034109,Golim4,ortholog_one2one,1
ENSG00000139436,GIT2,ENSMUSG00000041890,Git2,ortholog_one2one,1
ENSG00000086205,FOLH1,ENSMUSG00000001773,Folh1,ortholog_one2one,1
ENSG00000162613,FUBP1,ENSMUSG00000028034,Fubp1,ortholog_one2one,1
ENSG00000204120,GIGYF2,ENSMUSG00000048000,Gigyf2,ortholog_one2one,1
ENSG00000023171,GRAMD1B,ENSMUSG00000040111,Gramd1b,ortholog_one2one,1
ENSG00000152578,GRIA4,ENSMUSG00000025892,Gria4,ortholog_one2one,1
ENSG00000196277,GRM7,ENSMUSG00000056755,Grm7,ortholog_one2one,1
ENSG00000168386,FILIP1L,ENSMUSG00000043336,Filip1l,ortholog_one2one,1
ENSG00000023572,GLRX2,ENSMUSG00000018196,Glrx2,ortholog_one2one,1
ENSG00000004478,FKBP4,ENSMUSG00000030357,Fkbp4,ortholog_one2one,1
ENSG00000139132,FGD4,ENSMUSG00000022788,Fgd4,ortholog_one2one,1
ENSG00000090615,GOLGA3,ENSMUSG00000029502,Golga3,ortholog_one2one,1
ENSG00000171055,FEZ2,ENSMUSG00000056121,Fez2,ortholog_one2one,1
ENSG00000157833,GAREM2,ENSMUSG00000044576,Garem2,ortholog_one2one,1
ENSG00000144591,GMPPA,ENSMUSG00000033021,Gmppa,ortholog_one2one,1
ENSG00000063660,GPC1,ENSMUSG00000034220,Gpc1,ortholog_one2one,1
ENSG00000137478,FCHSD2,ENSMUSG00000030691,Fchsd2,ortholog_one2one,1
ENSG00000154783,FGD5,ENSMUSG00000034037,Fgd5,ortholog_one2one,1
ENSG00000115290,GRB14,ENSMUSG00000026888,Grb14,ortholog_one2one,1
ENSG00000143774,GUK1,ENSMUSG00000020444,Guk1,ortholog_one2one,1
ENSG00000163655,GMPS,ENSMUSG00000027823,Gmps,ortholog_one2one,1
ENSG00000078369,GNB1,ENSMUSG00000029064,Gnb1,ortholog_one2one,1
ENSG00000172380,GNG12,ENSMUSG00000036402,Gng12,ortholog_one2one,1
ENSG00000157827,FMNL2,ENSMUSG00000036053,Fmnl2,ortholog_one2one,1
ENSG00000198835,GJC2,ENSMUSG00000043448,Gjc2,ortholog_one2one,1
ENSG00000143641,GALNT2,ENSMUSG00000089704,Galnt2,ortholog_one2one,1
ENSG00000115641,FHL2,ENSMUSG00000008136,Fhl2,ortholog_one2one,1
ENSG00000168243,GNG4,ENSMUSG00000021303,Gng4,ortholog_one2one,1
ENSG00000162998,FRZB,ENSMUSG00000027004,Frzb,ortholog_one2one,1
ENSG00000121957,GPSM2,ENSMUSG00000027883,Gpsm2,ortholog_one2one,1
ENSG00000119782,FKBP1B,ENSMUSG00000020635,Fkbp1b,ortholog_one2one,1
ENSG00000120370,GORAB,ENSMUSG00000040124,Gorab,ortholog_one2one,1
ENSG00000178295,GEN1,ENSMUSG00000051235,Gen1,ortholog_one2one,1
ENSG00000092978,GPATCH2,ENSMUSG00000039210,Gpatch2,ortholog_one2one,1
ENSG00000168765,GSTM4,ENSMUSG00000027890,Gstm4,ortholog_one2one,1
ENSG00000174842,GLMN,ENSMUSG00000029276,Glmn,ortholog_one2one,1
ENSG00000183347,GBP6,ENSMUSG00000104713,Gbp6,ortholog_one2many,0
ENSG00000183347,GBP6,ENSMUSG00000029298,Gbp9,ortholog_one2many,0
ENSG00000183347,GBP6,ENSMUSG00000079363,Gbp4,ortholog_one2many,1
ENSG00000183347,GBP6,ENSMUSG00000105096,Gbp10,ortholog_one2many,0
ENSG00000183347,GBP6,ENSMUSG00000034438,Gbp8,ortholog_one2many,0
ENSG00000183347,GBP6,ENSMUSG00000092021,Gbp11,ortholog_one2many,0
ENSG00000023909,GCLM,ENSMUSG00000028124,Gclm,ortholog_one2one,1
ENSG00000115271,GCA,ENSMUSG00000026893,Gca,ortholog_one2one,1
ENSG00000135968,GCC2,ENSMUSG00000038039,Gcc2,ortholog_one2one,1
ENSG00000158869,FCER1G,ENSMUSG00000058715,Fcer1g,ortholog_one2one,1
ENSG00000160752,FDPS,ENSMUSG00000059743,Fdps,ortholog_one2one,1
ENSG00000117308,GALE,ENSMUSG00000028671,Gale,ortholog_one2one,1
ENSG00000117262,GPR89A,ENSMUSG00000028096,Gpr89,ortholog_one2many,1
ENSG00000135821,GLUL,ENSMUSG00000026473,Glul,ortholog_one2one,1
ENSG00000065135,GNAI3,ENSMUSG00000000001,Gnai3,ortholog_one2one,1
ENSG00000196505,GDAP2,ENSMUSG00000027865,Gdap2,ortholog_one2one,1
ENSG00000187730,GABRD,ENSMUSG00000029054,Gabrd,ortholog_one2one,1
ENSG00000137942,FNBP1L,ENSMUSG00000039735,Fnbp1l,ortholog_one2one,1
ENSG00000134202,GSTM3,ENSMUSG00000004032,Gstm5,ortholog_one2one,1
ENSG00000137947,GTF2B,ENSMUSG00000028271,Gtf2b,ortholog_one2one,1
ENSG00000142621,FHAD1,ENSMUSG00000051435,Fhad1,ortholog_one2one,1
ENSG00000091483,FH,ENSMUSG00000026526,Fh1,ortholog_one2one,1
ENSG00000163873,GRIK3,ENSMUSG00000001985,Grik3,ortholog_one2one,1
ENSG00000291356,IARS1,,,,NA
ENSG00000285048,IRF9,,,,NA
ENSG00000285248,IPO4,,,,NA
ENSG00000284900,KBTBD4,,,,NA
ENSG00000291488,ITGA9,,,,NA
ENSG00000280682,HYOU1,,,,NA
ENSG00000288445,HPS5,,,,NA
ENSG00000282801,IGKV1-5,,,,NA
ENSG00000282447,IGKV3-15,,,,NA
ENSG00000282402,IGKV3-20,,,,NA
ENSG00000282025,IGKV2-28,,,,NA
ENSG00000281813,KAT6B,,,,NA
ENSG00000291754,IQGAP3,,,,NA
ENSG00000291756,HAPLN2,,,,NA
ENSG00000165572,KBTBD6,ENSMUSG00000075502,Kbtbd6,ortholog_many2many,1
ENSG00000165572,KBTBD6,ENSMUSG00000043881,Kbtbd7,ortholog_many2many,1
ENSG00000139675,HNRNPA1L2,,,,NA
ENSG00000281614,INPP5D,,,,NA
ENSG00000282947,HNRNPL,,,,NA
ENSG00000284254,HNRNPH1,,,,NA
ENSG00000276536,HRAS,,,,NA
ENSG00000282184,IGHG3,,,,NA
ENSG00000282633,IGHA1,,,,NA
ENSG00000277633,IGHG1,,,,NA
ENSG00000282726,IGHV4-28,,,,NA
ENSG00000282211,IGHV3-7,,,,NA
ENSG00000278042,IGHV3-72,,,,NA
ENSG00000282451,IGHV4-61,,,,NA
ENSG00000282777,IGHV3-30,,,,NA
ENSG00000274497,IGHG2,,,,NA
ENSG00000282657,IGHM,,,,NA
ENSG00000282550,IGHV1-2,,,,NA
ENSG00000262607,IQSEC3,,,,NA
ENSG00000277278,HERC2,,,,NA
ENSG00000276802,HERC2,,,,NA
ENSG00000274958,ITPK1,,,,NA
ENSG00000124097,HMGB1P1,,,,NA
ENSG00000211648,IGLV1-47,,,,NA
ENSG00000211677,IGLC2,ENSMUSG00000105547,Iglc3,ortholog_many2many,0
ENSG00000211677,IGLC2,ENSMUSG00000105906,Iglc1,ortholog_many2many,0
ENSG00000211677,IGLC2,ENSMUSG00000076937,Iglc2,ortholog_many2many,0
ENSG00000211677,IGLC2,ENSMUSG00000106039,Iglc4,ortholog_many2many,1
ENSG00000065150,IPO5,ENSMUSG00000030662,Ipo5,ortholog_one2one,1
ENSG00000277424,HMOX2,,,,NA
ENSG00000167220,HDHD2,ENSMUSG00000025421,Hdhd2,ortholog_one2one,1
ENSG00000159267,HLCS,ENSMUSG00000040820,Hlcs,ortholog_one2one,1
ENSG00000102468,HTR2A,ENSMUSG00000034997,Htr2a,ortholog_one2one,1
ENSG00000211668,IGLV2-11,,,,NA
ENSG00000270505,IGHV1OR15-1,,,,NA
ENSG00000138622,HCN4,ENSMUSG00000032338,Hcn4,ortholog_one2one,1
ENSG00000282100,HSP90AB4P,,,,NA
ENSG00000140443,IGF1R,ENSMUSG00000005533,Igf1r,ortholog_one2one,1
ENSG00000069998,HDHD5,ENSMUSG00000058979,Hdhd5,ortholog_one2one,1
ENSG00000120694,HSPH1,ENSMUSG00000029657,Hsph1,ortholog_one2one,1
ENSG00000185950,IRS2,ENSMUSG00000038894,Irs2,ortholog_one2one,1
ENSG00000263324,HCN3,,,,NA
ENSG00000154059,IMPACT,ENSMUSG00000024423,Impact,ortholog_one2one,1
ENSG00000142149,HUNK,ENSMUSG00000053414,Hunk,ortholog_one2one,1
ENSG00000102781,KATNAL1,ENSMUSG00000041298,Katnal1,ortholog_one2one,1
ENSG00000032742,IFT88,ENSMUSG00000040040,Ift88,ortholog_one2one,1
ENSG00000168298,H1-4,ENSMUSG00000051627,H1f4,ortholog_one2one,1
ENSG00000184357,H1-5,ENSMUSG00000058773,H1f5,ortholog_one2one,1
ENSG00000124575,H1-3,ENSMUSG00000052565,H1f3,ortholog_one2one,1
ENSG00000166189,HPS6,ENSMUSG00000074811,Hps6,ortholog_one2one,1
ENSG00000124313,IQSEC2,ENSMUSG00000041115,Iqsec2,ortholog_one2one,1
ENSG00000136156,ITM2B,ENSMUSG00000022108,Itm2b,ortholog_one2one,1
ENSG00000157551,KCNJ15,ENSMUSG00000062609,Kcnj15,ortholog_one2one,1
ENSG00000160255,ITGB2,ENSMUSG00000000157,Itgb2l,ortholog_one2many,0
ENSG00000160255,ITGB2,ENSMUSG00000000290,Itgb2,ortholog_one2many,1
ENSG00000184216,IRAK1,ENSMUSG00000031392,Irak1,ortholog_one2one,1
ENSG00000196787,H2AC11,,,,NA
ENSG00000204388,HSPA1B,ENSMUSG00000090877,Hspa1b,ortholog_many2many,1
ENSG00000204388,HSPA1B,ENSMUSG00000091971,Hspa1a,ortholog_many2many,1
ENSG00000099822,HCN2,ENSMUSG00000020331,Hcn2,ortholog_one2one,1
ENSG00000205726,ITSN1,ENSMUSG00000022957,Itsn1,ortholog_one2one,1
ENSG00000282958,HNRNPR,,,,NA
ENSG00000157542,KCNJ6,ENSMUSG00000043301,Kcnj6,ortholog_one2one,1
ENSG00000189403,HMGB1,ENSMUSG00000066551,Hmgb1,ortholog_one2one,1
ENSG00000281610,HSP90AA4P,,,,NA
ENSG00000292175,HMGN4,,,,NA
ENSG00000281758,KCNIP4,,,,NA
ENSG00000186834,HEXIM1,ENSMUSG00000048878,Hexim1,ortholog_one2one,1
ENSG00000287542,HERC3,,,,NA
ENSG00000004961,HCCS,ENSMUSG00000031352,Hccs,ortholog_one2one,1
ENSG00000102057,KCND1,ENSMUSG00000009731,Kcnd1,ortholog_one2one,1
ENSG00000235173,HGH1,ENSMUSG00000022554,Hgh1,ortholog_one2one,1
ENSG00000260458,KCNJ18,,,,NA
ENSG00000232804,HSPA1B,,,,NA
ENSG00000147255,IGSF1,ENSMUSG00000031111,Igsf1,ortholog_one2one,1
ENSG00000151079,KCNA6,ENSMUSG00000038077,Kcna6,ortholog_one2one,1
ENSG00000111262,KCNA1,ENSMUSG00000047976,Kcna1,ortholog_one2one,1
ENSG00000226704,HSPA1L,,,,NA
ENSG00000236693,HLA-DPB1,,,,NA
ENSG00000229215,HLA-A,,,,NA
ENSG00000154721,JAM2,ENSMUSG00000053062,Jam2,ortholog_one2one,1
ENSG00000236251,HSPA1L,,,,NA
ENSG00000230463,HLA-DRB3,,,,NA
ENSG00000132622,HSPA12B,ENSMUSG00000074793,Hspa12b,ortholog_one2one,1
ENSG00000155304,HSPA13,ENSMUSG00000032932,Hspa13,ortholog_one2one,1
ENSG00000273645,KBTBD11,,,,NA
ENSG00000230708,HLA-DPB1,,,,NA
ENSG00000224320,HLA-A,,,,NA
ENSG00000101365,IDH3B,ENSMUSG00000027406,Idh3b,ortholog_one2one,1
ENSG00000224411,HSP90AA2P,,,,NA
ENSG00000292214,KCND1,,,,NA
ENSG00000283154,IQCJ-SCHIP1,,,,NA
ENSG00000224501,HSPA1B,,,,NA
ENSG00000231555,HSPA1B,,,,NA
ENSG00000101052,IFT52,ENSMUSG00000017858,Ift52,ortholog_one2one,1
ENSG00000205581,HMGN1,ENSMUSG00000040681,Hmgn1,ortholog_one2one,1
ENSG00000278637,H4C1,,,,NA
ENSG00000103942,HOMER2,ENSMUSG00000025813,Homer2,ortholog_one2one,1
ENSG00000225312,HSD17B8,,,,NA
ENSG00000156515,HK1,ENSMUSG00000037012,Hk1,ortholog_one2one,1
ENSG00000157423,HYDIN,ENSMUSG00000059854,Hydin,ortholog_one2one,1
ENSG00000228712,HSD17B8,,,,NA
ENSG00000235657,HLA-A,,,,NA
ENSG00000254709,IGLL5,ENSMUSG00000105547,Iglc3,ortholog_many2many,0
ENSG00000254709,IGLL5,ENSMUSG00000105906,Iglc1,ortholog_many2many,0
ENSG00000254709,IGLL5,ENSMUSG00000076937,Iglc2,ortholog_many2many,0
ENSG00000254709,IGLL5,ENSMUSG00000106039,Iglc4,ortholog_many2many,0
ENSG00000152778,IFIT5,,,,NA
ENSG00000165704,HPRT1,ENSMUSG00000025630,Hprt1,ortholog_one2one,1
ENSG00000270757,HSPE1-MOB4,,,,NA
ENSG00000233841,HLA-C,,,,NA
ENSG00000234258,HSPA1L,,,,NA
ENSG00000223532,HLA-B,,,,NA
ENSG00000231292,IGKV1OR2-108,ENSMUSG00000106403,Igkv20-101-2,ortholog_one2one,0
ENSG00000211592,IGKC,ENSMUSG00000076609,Igkc,ortholog_one2one,1
ENSG00000231679,HLA-DRB3,,,,NA
ENSG00000211598,IGKV4-1,ENSMUSG00000095794,Igkv6-17,ortholog_one2many,0
ENSG00000211598,IGKV4-1,ENSMUSG00000076575,Igkv7-33,ortholog_one2many,0
ENSG00000211598,IGKV4-1,ENSMUSG00000076594,Igkv6-13,ortholog_one2many,0
ENSG00000211598,IGKV4-1,ENSMUSG00000076581,Igkv8-26,ortholog_one2many,0
ENSG00000211598,IGKV4-1,ENSMUSG00000076576,Igkv6-32,ortholog_one2many,0
ENSG00000211598,IGKV4-1,ENSMUSG00000076583,Igkv8-24,ortholog_one2many,0
ENSG00000211598,IGKV4-1,ENSMUSG00000076589,Igkv8-18,ortholog_one2many,0
ENSG00000211598,IGKV4-1,ENSMUSG00000076578,Igkv6-29,ortholog_one2many,0
ENSG00000211598,IGKV4-1,ENSMUSG00000076586,Igkv8-21,ortholog_one2many,1
ENSG00000211598,IGKV4-1,ENSMUSG00000094797,Igkv6-15,ortholog_one2many,0
ENSG00000211598,IGKV4-1,ENSMUSG00000105432,Gm43218,ortholog_one2many,0
ENSG00000211598,IGKV4-1,ENSMUSG00000076587,Igkv6-20,ortholog_one2many,0
ENSG00000211598,IGKV4-1,ENSMUSG00000096594,Igkv8-19,ortholog_one2many,0
ENSG00000211598,IGKV4-1,ENSMUSG00000094356,Igkv8-28,ortholog_one2many,0
ENSG00000211598,IGKV4-1,ENSMUSG00000076591,Igkv8-16,ortholog_one2many,0
ENSG00000211598,IGKV4-1,ENSMUSG00000096844,Igkv6-14,ortholog_one2many,0
ENSG00000211598,IGKV4-1,ENSMUSG00000076580,Igkv8-27,ortholog_one2many,0
ENSG00000211598,IGKV4-1,ENSMUSG00000076577,Igkv8-30,ortholog_one2many,0
ENSG00000211598,IGKV4-1,ENSMUSG00000104769,Igkv8-34,ortholog_one2many,0
ENSG00000211598,IGKV4-1,ENSMUSG00000095630,Igkv6-23,ortholog_one2many,0
ENSG00000211598,IGKV4-1,ENSMUSG00000094930,Igkv6-25,ortholog_one2many,0
ENSG00000244437,IGKV3-15,ENSMUSG00000076572,Igkv18-36,ortholog_one2many,1
ENSG00000239951,IGKV3-20,ENSMUSG00000076572,Igkv18-36,ortholog_one2many,1
ENSG00000244116,IGKV2-28,ENSMUSG00000105606,Igkv2-109,ortholog_one2many,0
ENSG00000239975,IGKV1D-33,,,,NA
ENSG00000211632,IGKV3D-11,ENSMUSG00000076572,Igkv18-36,ortholog_one2many,1
ENSG00000237710,HLA-DPB1,,,,NA
ENSG00000196305,IARS1,ENSMUSG00000037851,Iars1,ortholog_one2one,1
ENSG00000228299,HLA-C,,,,NA
ENSG00000125877,ITPA,ENSMUSG00000074797,Itpa,ortholog_one2one,1
ENSG00000243466,IGKV1-5,ENSMUSG00000095737,Igkv11-125,ortholog_one2many,0
ENSG00000124635,H2BC11,ENSMUSG00000068854,H2bc21,ortholog_one2one,0
ENSG00000205100,HSP90AA4P,,,,NA
ENSG00000204525,HLA-C,ENSMUSG00000055413,H2-Q5,ortholog_one2many,0
ENSG00000078747,ITCH,ENSMUSG00000027598,Itch,ortholog_one2one,1
ENSG00000227715,HLA-A,,,,NA
ENSG00000133731,IMPA1,ENSMUSG00000027531,Impa1,ortholog_one2one,1
ENSG00000108773,KAT2A,ENSMUSG00000020918,Kat2a,ortholog_one2one,1
ENSG00000206450,HLA-B,,,,NA
ENSG00000225691,HLA-C,,,,NA
ENSG00000232126,HLA-B,,,,NA
ENSG00000188486,H2AX,ENSMUSG00000049932,H2ax,ortholog_one2one,1
ENSG00000206383,HSPA1L,,,,NA
ENSG00000223980,HLA-A,,,,NA
ENSG00000004776,HSPB6,ENSMUSG00000036854,Hspb6,ortholog_one2one,1
ENSG00000206505,HLA-A,,,,NA
ENSG00000228357,HSD17B8,,,,NA
ENSG00000056050,HPF1,ENSMUSG00000038005,Hpf1,ortholog_one2one,1
ENSG00000231834,HLA-A,,,,NA
ENSG00000206435,HLA-C,,,,NA
ENSG00000228964,HLA-B,,,,NA
ENSG00000096968,JAK2,ENSMUSG00000024789,Jak2,ortholog_one2one,1
ENSG00000150093,ITGB1,ENSMUSG00000025809,Itgb1,ortholog_one2one,1
ENSG00000182255,KCNA4,ENSMUSG00000042604,Kcna4,ortholog_one2one,1
ENSG00000229295,HLA-DPB1,,,,NA
ENSG00000103160,HSDL1,ENSMUSG00000034189,Hsdl1,ortholog_one2one,1
ENSG00000224608,HLA-B,,,,NA
ENSG00000226826,HLA-DPB1,,,,NA
ENSG00000099769,IGFALS,ENSMUSG00000046070,Igfals,ortholog_one2one,1
ENSG00000237022,HLA-C,,,,NA
ENSG00000149596,JPH2,ENSMUSG00000017817,Jph2,ortholog_one2one,1
ENSG00000048052,HDAC9,ENSMUSG00000004698,Hdac9,ortholog_one2one,1
ENSG00000182450,KCNK4,ENSMUSG00000024957,Kcnk4,ortholog_one2one,1
ENSG00000230763,HLA-DPB1,,,,NA
ENSG00000257017,HP,ENSMUSG00000031722,Hp,ortholog_one2many,1
ENSG00000140575,IQGAP1,ENSMUSG00000030536,Iqgap1,ortholog_one2one,1
ENSG00000232357,HSD17B8,,,,NA
ENSG00000211952,IGHV4-28,,,,NA
ENSG00000270550,IGHV3-30,ENSMUSG00000076661,Ighv16-1,ortholog_one2many,1
ENSG00000223609,HBD,,,,NA
ENSG00000185133,INPP5J,ENSMUSG00000034570,Inpp5j,ortholog_one2one,1
ENSG00000269335,IKBKG,ENSMUSG00000004221,Ikbkg,ortholog_one2one,1
ENSG00000176595,KBTBD11,ENSMUSG00000055675,Kbtbd11,ortholog_one2one,1
ENSG00000211896,IGHG1,,,,NA
ENSG00000211897,IGHG3,,,,NA
ENSG00000211899,IGHM,ENSMUSG00000076617,Ighm,ortholog_one2one,1
ENSG00000211934,IGHV1-2,,,,NA
ENSG00000211938,IGHV3-7,,,,NA
ENSG00000211970,IGHV4-61,,,,NA
ENSG00000112474,HSD17B8,,,,NA
ENSG00000225698,IGHV3-72,ENSMUSG00000095700,Ighv10-3,ortholog_many2many,0
ENSG00000225698,IGHV3-72,ENSMUSG00000076668,Ighv7-4,ortholog_many2many,0
ENSG00000225698,IGHV3-72,ENSMUSG00000096407,Ighv6-5,ortholog_many2many,0
ENSG00000225698,IGHV3-72,ENSMUSG00000076680,Ighv6-6,ortholog_many2many,0
ENSG00000225698,IGHV3-72,ENSMUSG00000076653,Ighv7-2,ortholog_many2many,0
ENSG00000225698,IGHV3-72,ENSMUSG00000076652,Ighv7-3,ortholog_many2many,0
ENSG00000225698,IGHV3-72,ENSMUSG00000094174,Ighv6-4,ortholog_many2many,0
ENSG00000225698,IGHV3-72,ENSMUSG00000087582,Ighv6-7,ortholog_many2many,0
ENSG00000225698,IGHV3-72,ENSMUSG00000076677,Ighv6-3,ortholog_many2many,0
ENSG00000225698,IGHV3-72,ENSMUSG00000076671,Ighv13-2,ortholog_many2many,0
ENSG00000225698,IGHV3-72,ENSMUSG00000076665,Ighv7-1,ortholog_many2many,0
ENSG00000225698,IGHV3-72,ENSMUSG00000095981,Ighv10-1,ortholog_many2many,0
ENSG00000215048,HLA-DPB1,,,,NA
ENSG00000126803,HSPA2,ENSMUSG00000059970,Hspa2,ortholog_one2one,1
ENSG00000211893,IGHG2,,,,NA
ENSG00000206452,HLA-C,,,,NA
ENSG00000089289,IGBP1,ENSMUSG00000031221,Igbp1,ortholog_one2many,1
ENSG00000123411,IKZF4,ENSMUSG00000002578,Ikzf4,ortholog_one2one,1
ENSG00000212866,HSPA1B,,,,NA
ENSG00000244734,HBB,,,,NA
ENSG00000211895,IGHA1,ENSMUSG00000095079,Igha,ortholog_one2many,1
ENSG00000129636,ITFG1,ENSMUSG00000031703,Itfg1,ortholog_one2one,1
ENSG00000148057,IDNK,ENSMUSG00000050002,Idnk,ortholog_one2one,1
ENSG00000196101,HLA-DRB3,,,,NA
ENSG00000197386,HTT,ENSMUSG00000029104,Htt,ortholog_one2one,1
ENSG00000168135,KCNJ4,ENSMUSG00000044216,Kcnj4,ortholog_one2one,1
ENSG00000178394,HTR1A,ENSMUSG00000021721,Htr1a,ortholog_one2one,1
ENSG00000184408,KCND2,ENSMUSG00000060882,Kcnd2,ortholog_one2one,1
ENSG00000130787,HIP1R,ENSMUSG00000000915,Hip1r,ortholog_one2one,1
ENSG00000134049,IER3IP1,ENSMUSG00000090000,Ier3ip1,ortholog_one2one,1
ENSG00000096384,HSP90AB1,ENSMUSG00000023944,Hsp90ab1,ortholog_one2one,1
ENSG00000109452,INPP4B,ENSMUSG00000037940,Inpp4b,ortholog_one2one,1
ENSG00000177733,HNRNPA0,ENSMUSG00000007836,Hnrnpa0,ortholog_one2one,1
ENSG00000158445,KCNB1,ENSMUSG00000050556,Kcnb1,ortholog_one2one,1
ENSG00000025423,HSD17B6,ENSMUSG00000025396,Hsd17b6,ortholog_one2one,1
ENSG00000233822,H2BC15,,,,NA
ENSG00000169660,HEXD,ENSMUSG00000039307,Hexd,ortholog_one2one,1
ENSG00000167674,HDGFL2,ENSMUSG00000002833,Hdgfl2,ortholog_one2one,1
ENSG00000123444,KBTBD4,ENSMUSG00000005505,Kbtbd4,ortholog_one2one,1
ENSG00000181061,HIGD1A,ENSMUSG00000038412,Higd1a,ortholog_one2one,1
ENSG00000149084,HSD17B12,ENSMUSG00000027195,Hsd17b12,ortholog_one2one,1
ENSG00000104369,JPH1,ENSMUSG00000042686,Jph1,ortholog_one2one,1
ENSG00000206172,HBA1,ENSMUSG00000069917,Hba-a2,ortholog_many2many,0
ENSG00000206172,HBA1,ENSMUSG00000069919,Hba-a1,ortholog_many2many,1
ENSG00000182149,IST1,ENSMUSG00000031729,Ist1,ortholog_one2one,1
ENSG00000223865,HLA-DPB1,,,,NA
ENSG00000167178,ISLR2,ENSMUSG00000051243,Islr2,ortholog_one2one,1
ENSG00000055118,KCNH2,ENSMUSG00000038319,Kcnh2,ortholog_one2one,1
ENSG00000109971,HSPA8,,,,NA
ENSG00000162975,KCNF1,ENSMUSG00000051726,Kcnf1,ortholog_one2one,1
ENSG00000107521,HPS1,ENSMUSG00000025188,Hps1,ortholog_one2one,1
ENSG00000070495,JMJD6,ENSMUSG00000056962,Jmjd6,ortholog_one2one,1
ENSG00000101294,HM13,ENSMUSG00000019188,H13,ortholog_one2one,1
ENSG00000214753,HNRNPUL2,ENSMUSG00000071659,Hnrnpul2,ortholog_one2one,1
ENSG00000137825,ITPKA,ENSMUSG00000027296,Itpka,ortholog_one2one,1
ENSG00000092199,HNRNPC,,,,NA
ENSG00000160145,KALRN,ENSMUSG00000061751,Kalrn,ortholog_one2one,1
ENSG00000010295,IFFO1,ENSMUSG00000038271,Iffo1,ortholog_one2one,1
ENSG00000100360,IFT27,ENSMUSG00000016637,Ift27,ortholog_one2one,1
ENSG00000185745,IFIT1,,,,NA
ENSG00000140854,KATNB1,ENSMUSG00000031787,Katnb1,ortholog_one2one,1
ENSG00000101336,HCK,ENSMUSG00000003283,Hck,ortholog_one2one,1
ENSG00000105855,ITGB8,ENSMUSG00000025321,Itgb8,ortholog_one2one,1
ENSG00000100209,HSCB,ENSMUSG00000043510,Hscb,ortholog_one2one,1
ENSG00000135486,HNRNPA1,ENSMUSG00000046434,Hnrnpa1,ortholog_one2one,1
ENSG00000096872,IFT74,ENSMUSG00000028576,Ift74,ortholog_one2one,1
ENSG00000100221,JOSD1,ENSMUSG00000022426,Josd1,ortholog_one2one,1
ENSG00000144847,IGSF11,ENSMUSG00000022790,Igsf11,ortholog_one2one,1
ENSG00000188385,JAKMIP3,ENSMUSG00000056856,Jakmip3,ortholog_one2one,1
ENSG00000132740,IGHMBP2,ENSMUSG00000024831,Ighmbp2,ortholog_one2one,1
ENSG00000094631,HDAC6,ENSMUSG00000031161,Hdac6,ortholog_one2one,1
ENSG00000111911,HINT3,ENSMUSG00000019791,Hint3,ortholog_one2one,1
ENSG00000130956,HABP4,ENSMUSG00000021476,Habp4,ortholog_one2one,1
ENSG00000165898,ISCA2,ENSMUSG00000021241,Isca2,ortholog_one2one,1
ENSG00000187105,HEATR4,ENSMUSG00000090843,Heatr4,ortholog_one2one,1
ENSG00000164070,HSPA4L,ENSMUSG00000025757,Hspa4l,ortholog_one2one,1
ENSG00000083168,KAT6A,ENSMUSG00000031540,Kat6a,ortholog_one2one,1
ENSG00000127415,IDUA,ENSMUSG00000033540,Idua,ortholog_one2one,1
ENSG00000080854,IGSF9B,ENSMUSG00000034275,Igsf9b,ortholog_one2one,1
ENSG00000165338,HECTD2,ENSMUSG00000041180,Hectd2,ortholog_one2one,1
ENSG00000103510,KAT8,ENSMUSG00000030801,Kat8,ortholog_one2one,1
ENSG00000214367,HAUS3,ENSMUSG00000079555,Haus3,ortholog_one2one,1
ENSG00000119912,IDE,ENSMUSG00000056999,Ide,ortholog_one2one,1
ENSG00000197081,IGF2R,ENSMUSG00000023830,Igf2r,ortholog_one2one,1
ENSG00000182674,KCNB2,,,,NA
ENSG00000049860,HEXB,ENSMUSG00000021665,Hexb,ortholog_one2one,1
ENSG00000187535,IFT140,ENSMUSG00000024169,Ift140,ortholog_one2one,1
ENSG00000107104,KANK1,ENSMUSG00000032702,Kank1,ortholog_one2one,1
ENSG00000205339,IPO7,ENSMUSG00000066232,Ipo7,ortholog_one2one,1
ENSG00000176049,JAKMIP2,ENSMUSG00000024502,Jakmip2,ortholog_one2one,1
ENSG00000196591,HDAC2,ENSMUSG00000019777,Hdac2,ortholog_one2one,1
ENSG00000096433,ITPR3,ENSMUSG00000042644,Itpr3,ortholog_one2one,1
ENSG00000118308,IRAG2,ENSMUSG00000030263,Irag2,ortholog_one2one,1
ENSG00000145703,IQGAP2,ENSMUSG00000021676,Iqgap2,ortholog_one2one,1
ENSG00000029993,HMGB3,,,,NA
ENSG00000166006,KCNC2,ENSMUSG00000035681,Kcnc2,ortholog_one2one,1
ENSG00000071794,HLTF,ENSMUSG00000002428,Hltf,ortholog_one2one,1
ENSG00000044574,HSPA5,ENSMUSG00000026864,Hspa5,ortholog_one2one,1
ENSG00000241935,HOGA1,ENSMUSG00000025176,Hoga1,ortholog_one2one,1
ENSG00000119431,HDHD3,ENSMUSG00000038422,Hdhd3,ortholog_one2one,1
ENSG00000123243,ITIH5,ENSMUSG00000025780,Itih5,ortholog_one2one,1
ENSG00000189108,IL1RAPL2,ENSMUSG00000059203,Il1rapl2,ortholog_one2one,1
ENSG00000119185,ITGB1BP1,ENSMUSG00000062352,Itgb1bp1,ortholog_one2one,1
ENSG00000169306,IL1RAPL1,ENSMUSG00000052372,Il1rapl1,ortholog_one2one,1
ENSG00000119471,HSDL2,ENSMUSG00000028383,Hsdl2,ortholog_one2one,1
ENSG00000185774,KCNIP4,ENSMUSG00000029088,Kcnip4,ortholog_one2one,1
ENSG00000169896,ITGAM,ENSMUSG00000030786,Itgam,ortholog_one2one,1
ENSG00000085382,HACE1,ENSMUSG00000038822,Hace1,ortholog_one2one,1
ENSG00000148384,INPP5E,ENSMUSG00000026925,Inpp5e,ortholog_one2one,1
ENSG00000138641,HERC3,ENSMUSG00000029804,Herc3,ortholog_one2one,1
ENSG00000086758,HUWE1,ENSMUSG00000025261,Huwe1,ortholog_one2one,1
ENSG00000106049,HIBADH,ENSMUSG00000029776,Hibadh,ortholog_one2one,1
ENSG00000104365,IKBKB,ENSMUSG00000031537,Ikbkb,ortholog_one2one,1
ENSG00000103657,HERC1,ENSMUSG00000038664,Herc1,ortholog_one2one,1
ENSG00000100099,HPS4,ENSMUSG00000042328,Hps4,ortholog_one2one,1
ENSG00000102241,HTATSF1,ENSMUSG00000067873,Htatsf1,ortholog_one2one,1
ENSG00000078596,ITM2A,ENSMUSG00000031239,Itm2a,ortholog_one2one,1
ENSG00000067829,IDH3G,ENSMUSG00000084234,4933405O20Rik,ortholog_one2one,0
ENSG00000152969,JAKMIP1,ENSMUSG00000063646,Jakmip1,ortholog_one2one,1
ENSG00000163517,HDAC11,ENSMUSG00000034245,Hdac11,ortholog_one2one,1
ENSG00000092051,JPH4,ENSMUSG00000022208,Jph4,ortholog_one2one,1
ENSG00000113013,HSPA9,ENSMUSG00000024359,Hspa9,ortholog_one2one,1
ENSG00000115541,HSPE1,ENSMUSG00000117621,Hspe1-rs1,ortholog_one2many,0
ENSG00000115541,HSPE1,ENSMUSG00000073676,Hspe1,ortholog_one2many,1
ENSG00000144668,ITGA9,ENSMUSG00000039115,Itga9,ortholog_one2one,1
ENSG00000072506,HSD17B10,ENSMUSG00000025260,Hsd17b10,ortholog_one2one,1
ENSG00000147874,HAUS6,ENSMUSG00000038047,Haus6,ortholog_one2one,1
ENSG00000111203,ITFG2,ENSMUSG00000001518,Itfg2,ortholog_one2one,1
ENSG00000137133,HINT2,ENSMUSG00000028470,Hint2,ortholog_one2one,1
ENSG00000126945,HNRNPH2,ENSMUSG00000045427,Hnrnph2,ortholog_one2one,1
ENSG00000164151,ICE1,ENSMUSG00000034525,Ice1,ortholog_one2one,1
ENSG00000095951,HIVEP1,ENSMUSG00000021366,Hivep1,ortholog_one2one,1
ENSG00000092148,HECTD1,ENSMUSG00000035247,Hectd1,ortholog_one2one,1
ENSG00000189337,KAZN,ENSMUSG00000040606,Kazn,ortholog_one2one,1
ENSG00000261701,HPR,ENSMUSG00000031722,Hp,ortholog_one2many,1
ENSG00000156650,KAT6B,ENSMUSG00000021767,Kat6b,ortholog_one2one,1
ENSG00000163755,HPS3,ENSMUSG00000027615,Hps3,ortholog_one2one,1
ENSG00000166086,JAM3,ENSMUSG00000031990,Jam3,ortholog_one2one,1
ENSG00000213928,IRF9,ENSMUSG00000002325,Irf9,ortholog_one2one,1
ENSG00000166503,HDGFL3,ENSMUSG00000025104,Hdgfl3,ortholog_one2one,1
ENSG00000112406,HECA,ENSMUSG00000039879,Heca,ortholog_one2one,1
ENSG00000197915,HRNR,ENSMUSG00000041991,Hrnr,ortholog_one2one,0
ENSG00000187664,HAPLN4,ENSMUSG00000007594,Hapln4,ortholog_one2one,1
ENSG00000133704,IPO8,ENSMUSG00000040029,Ipo8,ortholog_one2one,1
ENSG00000169282,KCNAB1,ENSMUSG00000027827,Kcnab1,ortholog_one2one,1
ENSG00000177272,KCNA3,ENSMUSG00000047959,Kcna3,ortholog_one2one,1
ENSG00000110756,HPS5,ENSMUSG00000014418,Hps5,ortholog_one2one,1
ENSG00000145681,HAPLN1,ENSMUSG00000021613,Hapln1,ortholog_one2one,1
ENSG00000129159,KCNC1,ENSMUSG00000058975,Kcnc1,ortholog_one2one,1
ENSG00000182359,KBTBD3,ENSMUSG00000025893,Kbtbd3,ortholog_one2one,1
ENSG00000198825,INPP5F,ENSMUSG00000042105,Inpp5f,ortholog_one2one,1
ENSG00000128731,HERC2,ENSMUSG00000030451,Herc2,ortholog_one2one,1
ENSG00000172534,HCFC1,ENSMUSG00000031386,Hcfc1,ortholog_one2one,1
ENSG00000027697,IFNGR1,ENSMUSG00000020009,Ifngr1,ortholog_one2one,1
ENSG00000184611,KCNH7,ENSMUSG00000059742,Kcnh7,ortholog_one2one,1
ENSG00000120645,IQSEC3,ENSMUSG00000040797,Iqsec3,ortholog_one2one,1
ENSG00000165868,HSPA12A,ENSMUSG00000025092,Hspa12a,ortholog_one2one,1
ENSG00000131373,HACL1,ENSMUSG00000021884,Hacl1,ortholog_one2one,1
ENSG00000170606,HSPA4,ENSMUSG00000020361,Hspa4,ortholog_one2one,1
ENSG00000164588,HCN1,ENSMUSG00000021730,Hcn1,ortholog_one2one,1
ENSG00000144711,IQSEC1,ENSMUSG00000034312,Iqsec1,ortholog_one2one,1
ENSG00000074696,HACD3,ENSMUSG00000033629,Hacd3,ortholog_one2one,1
ENSG00000105376,ICAM5,ENSMUSG00000032174,Icam5,ortholog_one2one,1
ENSG00000113161,HMGCR,ENSMUSG00000021670,Hmgcr,ortholog_one2one,1
ENSG00000096746,HNRNPH3,ENSMUSG00000020069,Hnrnph3,ortholog_one2one,1
ENSG00000133265,HSPBP1,ENSMUSG00000063802,Hspbp1,ortholog_one2one,1
ENSG00000129493,HEATR5A,ENSMUSG00000035181,Heatr5a,ortholog_one2one,1
ENSG00000203485,INF2,ENSMUSG00000037679,Inf2,ortholog_one2one,1
ENSG00000169813,HNRNPF,ENSMUSG00000042079,Hnrnpf,ortholog_one2one,1
ENSG00000137309,HMGA1,ENSMUSG00000046711,Hmga1,ortholog_one2one,1
ENSG00000163312,HELQ,ENSMUSG00000035266,Helq,ortholog_one2one,1
ENSG00000148798,INA,ENSMUSG00000034336,Ina,ortholog_one2one,1
ENSG00000166411,IDH3A,ENSMUSG00000032279,Idh3a,ortholog_one2one,1
ENSG00000148357,HMCN2,ENSMUSG00000055632,Hmcn2,ortholog_one2one,1
ENSG00000143889,HNRNPLL,ENSMUSG00000024095,Hnrnpll,ortholog_one2one,1
ENSG00000204228,HSD17B8,ENSMUSG00000073422,Hsd17b8,ortholog_one2one,1
ENSG00000152413,HOMER1,ENSMUSG00000007617,Homer1,ortholog_one2one,1
ENSG00000197451,HNRNPAB,ENSMUSG00000020358,Hnrnpab,ortholog_one2one,1
ENSG00000182952,HMGN4,,,,NA
ENSG00000114166,KAT2B,ENSMUSG00000000708,Kat2b,ortholog_one2one,1
ENSG00000108506,INTS2,ENSMUSG00000018068,Ints2,ortholog_one2one,1
ENSG00000122254,HS3ST2,ENSMUSG00000046321,Hs3st2,ortholog_one2one,1
ENSG00000055955,ITIH4,ENSMUSG00000021922,Itih4,ortholog_one2one,1
ENSG00000165757,JCAD,ENSMUSG00000033960,Jcad,ortholog_one2one,1
ENSG00000080824,HSP90AA1,ENSMUSG00000021270,Hsp90aa1,ortholog_one2one,1
ENSG00000148634,HERC4,ENSMUSG00000020064,Herc4,ortholog_one2one,1
ENSG00000130656,HBZ,ENSMUSG00000055609,Hba-x,ortholog_one2one,1
ENSG00000106211,HSPB1,ENSMUSG00000004951,Hspb1,ortholog_one2one,1
ENSG00000119650,IFT43,ENSMUSG00000007867,Ift43,ortholog_one2one,1
ENSG00000142549,IGLON5,ENSMUSG00000013367,Iglon5,ortholog_one2one,1
ENSG00000196497,IPO4,ENSMUSG00000002319,Ipo4,ortholog_one2one,1
ENSG00000156510,HKDC1,ENSMUSG00000020080,Hkdc1,ortholog_one2one,1
ENSG00000140511,HAPLN3,ENSMUSG00000030606,Hapln3,ortholog_one2one,1
ENSG00000128928,IVD,ENSMUSG00000027332,Ivd,ortholog_one2one,1
ENSG00000205363,INSYN1,ENSMUSG00000066607,Insyn1,ortholog_one2one,1
ENSG00000003147,ICA1,ENSMUSG00000062995,Ica1,ortholog_one2one,1
ENSG00000173064,HECTD4,ENSMUSG00000042744,Hectd4,ortholog_one2one,1
ENSG00000168172,HOOK3,ENSMUSG00000037234,Hook3,ortholog_one2one,1
ENSG00000132470,ITGB4,ENSMUSG00000020758,Itgb4,ortholog_one2one,1
ENSG00000103415,HMOX2,ENSMUSG00000004070,Hmox2,ortholog_one2one,1
ENSG00000187608,ISG15,ENSMUSG00000035692,Isg15,ortholog_one2one,1
ENSG00000010282,HHATL,ENSMUSG00000032523,Hhatl,ortholog_one2one,1
ENSG00000204390,HSPA1L,ENSMUSG00000007033,Hspa1l,ortholog_one2one,1
ENSG00000154118,JPH3,ENSMUSG00000025318,Jph3,ortholog_one2one,1
ENSG00000063854,HAGH,ENSMUSG00000024158,Hagh,ortholog_one2one,1
ENSG00000172349,IL16,ENSMUSG00000001741,Il16,ortholog_one2one,1
ENSG00000138668,HNRNPD,ENSMUSG00000000568,Hnrnpd,ortholog_one2one,1
ENSG00000138002,IFT172,ENSMUSG00000038564,Ift172,ortholog_one2one,1
ENSG00000137252,HCRTR2,ENSMUSG00000032360,Hcrtr2,ortholog_one2one,1
ENSG00000103253,HAGHL,ENSMUSG00000061046,Haghl,ortholog_one2one,1
ENSG00000129351,ILF3,ENSMUSG00000032178,Ilf3,ortholog_one2one,1
ENSG00000163913,IFT122,ENSMUSG00000030323,Ift122,ortholog_one2one,1
ENSG00000100605,ITPK1,ENSMUSG00000057963,Itpk1,ortholog_one2one,1
ENSG00000182054,IDH2,ENSMUSG00000030541,Idh2,ortholog_one2one,1
ENSG00000186625,KATNA1,ENSMUSG00000019794,Katna1,ortholog_one2one,1
ENSG00000132305,IMMT,ENSMUSG00000052337,Immt,ortholog_one2one,1
ENSG00000067064,IDI1,ENSMUSG00000058258,Idi1,ortholog_one2one,1
ENSG00000132465,JCHAIN,ENSMUSG00000067149,Jchain,ortholog_one2one,1
ENSG00000171135,JAGN1,ENSMUSG00000051256,Jagn1,ortholog_one2one,1
ENSG00000152580,IGSF10,ENSMUSG00000036334,Igsf10,ortholog_one2one,1
ENSG00000184903,IMMP2L,ENSMUSG00000056899,Immp2l,ortholog_one2one,1
ENSG00000086544,ITPKC,ENSMUSG00000003752,Itpkc,ortholog_one2one,1
ENSG00000140015,KCNH5,ENSMUSG00000034402,Kcnh5,ortholog_one2one,1
ENSG00000165119,HNRNPK,ENSMUSG00000021546,Hnrnpk,ortholog_one2one,1
ENSG00000068383,INPP5A,ENSMUSG00000025477,Inpp5a,ortholog_one2one,1
ENSG00000164066,INTU,ENSMUSG00000060798,Intu,ortholog_one2one,1
ENSG00000165478,HEPACAM,ENSMUSG00000046240,Hepacam,ortholog_one2one,1
ENSG00000077943,ITGA8,ENSMUSG00000026768,Itga8,ortholog_one2one,1
ENSG00000136003,ISCU,ENSMUSG00000025825,Iscu,ortholog_one2one,1
ENSG00000102878,HSF4,ENSMUSG00000033249,Hsf4,ortholog_one2one,1
ENSG00000086200,IPO11,ENSMUSG00000042590,Ipo11,ortholog_one2one,1
ENSG00000234745,HLA-B,ENSMUSG00000055413,H2-Q5,ortholog_one2many,0
ENSG00000095066,HOOK2,ENSMUSG00000052566,Hook2,ortholog_one2one,1
ENSG00000146066,HIGD2A,ENSMUSG00000025868,Higd2a,ortholog_one2many,1
ENSG00000198353,HOXC4,ENSMUSG00000075394,Hoxc4,ortholog_one2one,1
ENSG00000164161,HHIP,ENSMUSG00000064325,Hhip,ortholog_one2one,1
ENSG00000135070,ISCA1,ENSMUSG00000078139,AK157302,ortholog_one2many,0
ENSG00000135070,ISCA1,ENSMUSG00000044792,Isca1,ortholog_one2many,1
ENSG00000072571,HMMR,ENSMUSG00000020330,Hmmr,ortholog_one2one,1
ENSG00000119917,IFIT3,ENSMUSG00000062488,Ifit3b,ortholog_one2many,0
ENSG00000119917,IFIT3,ENSMUSG00000074896,Ifit3,ortholog_one2many,0
ENSG00000013583,HEBP1,ENSMUSG00000042770,Hebp1,ortholog_one2one,1
ENSG00000198189,HSD17B11,ENSMUSG00000029311,Hsd17b11,ortholog_one2one,1
ENSG00000127946,HIP1,ENSMUSG00000039959,Hip1,ortholog_one2one,1
ENSG00000155393,HEATR3,ENSMUSG00000031657,Heatr3,ortholog_one2one,1
ENSG00000106012,IQCE,,,,NA
ENSG00000168918,INPP5D,ENSMUSG00000026288,Inpp5d,ortholog_one2one,1
ENSG00000128581,IFT22,ENSMUSG00000007987,Ift22,ortholog_one2one,1
ENSG00000163453,IGFBP7,ENSMUSG00000036256,Igfbp7,ortholog_one2one,1
ENSG00000149428,HYOU1,ENSMUSG00000032115,Hyou1,ortholog_one2one,1
ENSG00000135519,KCNH3,ENSMUSG00000037579,Kcnh3,ortholog_one2one,1
ENSG00000167861,HID1,ENSMUSG00000034586,Hid1,ortholog_one2one,1
ENSG00000099783,HNRNPM,ENSMUSG00000059208,Hnrnpm,ortholog_one2one,1
ENSG00000040933,INPP4A,ENSMUSG00000026113,Inpp4a,ortholog_one2one,1
ENSG00000186994,KANK3,ENSMUSG00000042099,Kank3,ortholog_one2one,1
ENSG00000106348,IMPDH1,ENSMUSG00000003500,Impdh1,ortholog_one2one,1
ENSG00000132376,INPP5K,ENSMUSG00000006127,Inpp5k,ortholog_one2one,1
ENSG00000008083,JARID2,ENSMUSG00000038518,Jarid2,ortholog_one2one,1
ENSG00000167378,IRGQ,ENSMUSG00000041037,Irgq,ortholog_one2one,1
ENSG00000010818,HIVEP2,ENSMUSG00000015501,Hivep2,ortholog_one2one,1
ENSG00000084754,HADHA,ENSMUSG00000025745,Hadha,ortholog_one2one,1
ENSG00000112855,HARS2,ENSMUSG00000019143,Hars2,ortholog_one2one,1
ENSG00000120049,KCNIP2,ENSMUSG00000025221,Kcnip2,ortholog_one2one,1
ENSG00000165458,INPPL1,ENSMUSG00000032737,Inppl1,ortholog_one2one,1
ENSG00000149262,INTS4,ENSMUSG00000025133,Ints4,ortholog_one2one,1
ENSG00000164104,HMGB2,ENSMUSG00000054717,Hmgb2,ortholog_one2one,1
ENSG00000100433,KCNK10,ENSMUSG00000033854,Kcnk10,ortholog_one2one,1
ENSG00000002746,HECW1,ENSMUSG00000021301,Hecw1,ortholog_one2one,1
ENSG00000065427,KARS1,ENSMUSG00000031948,Kars1,ortholog_one2one,1
ENSG00000170445,HARS1,ENSMUSG00000001380,Hars1,ortholog_one2one,1
ENSG00000169567,HINT1,ENSMUSG00000020267,Hint1,ortholog_one2one,1
ENSG00000104824,HNRNPL,ENSMUSG00000015165,Hnrnpl,ortholog_one2one,1
ENSG00000206503,HLA-A,ENSMUSG00000055413,H2-Q5,ortholog_one2many,0
ENSG00000164032,H2AZ1,ENSMUSG00000037894,H2az1,ortholog_one2one,1
ENSG00000173226,IQCB1,ENSMUSG00000022837,Iqcb1,ortholog_one2one,1
ENSG00000174775,HRAS,ENSMUSG00000025499,Hras,ortholog_one2one,1
ENSG00000105323,HNRNPUL1,ENSMUSG00000040725,Hnrnpul1,ortholog_one2one,1
ENSG00000124440,HIF3A,ENSMUSG00000004328,Hif3a,ortholog_one2one,1
ENSG00000164509,IL31RA,ENSMUSG00000050377,Il31ra,ortholog_one2one,1
ENSG00000112339,HBS1L,ENSMUSG00000019977,Hbs1l,ortholog_one2one,1
ENSG00000166033,HTRA1,ENSMUSG00000006205,Htra1,ortholog_one2one,1
ENSG00000138796,HADH,ENSMUSG00000027984,Hadh,ortholog_one2one,1
ENSG00000118096,IFT46,ENSMUSG00000002031,Ift46,ortholog_one2one,1
ENSG00000072952,IRAG1,ENSMUSG00000005611,Irag1,ortholog_one2one,1
ENSG00000146151,HMGCLL1,ENSMUSG00000007908,Hmgcll1,ortholog_one2one,1
ENSG00000171105,INSR,ENSMUSG00000005534,Insr,ortholog_one2one,1
ENSG00000027644,INSRR,ENSMUSG00000005640,Insrr,ortholog_one2one,1
ENSG00000187522,HSPA14,ENSMUSG00000109865,Hspa14,ortholog_one2one,1
ENSG00000119969,HELLS,ENSMUSG00000025001,Hells,ortholog_one2one,1
ENSG00000173801,JUP,ENSMUSG00000001552,Jup,ortholog_one2one,1
ENSG00000117408,IPO13,ENSMUSG00000033365,Ipo13,ortholog_one2one,1
ENSG00000166135,HIF1AN,ENSMUSG00000036450,Hif1an,ortholog_one2one,1
ENSG00000119922,IFIT2,ENSMUSG00000045932,Ifit2,ortholog_one2one,1
ENSG00000169045,HNRNPH1,ENSMUSG00000007850,Hnrnph1,ortholog_one2one,1
ENSG00000152795,HNRNPDL,ENSMUSG00000029328,Hnrnpdl,ortholog_one2one,1
ENSG00000133835,HSD17B4,ENSMUSG00000024507,Hsd17b4,ortholog_one2one,1
ENSG00000138413,IDH1,ENSMUSG00000025950,Idh1,ortholog_one2one,1
ENSG00000206527,HACD2,ENSMUSG00000035376,Hacd2,ortholog_one2one,1
ENSG00000164880,INTS1,ENSMUSG00000029547,Ints1,ortholog_one2one,1
ENSG00000176407,KCMF1,ENSMUSG00000055239,Kcmf1,ortholog_one2one,1
ENSG00000100593,ISM2,ENSMUSG00000050671,Ism2,ortholog_one2one,1
ENSG00000176095,IP6K1,ENSMUSG00000032594,Ip6k1,ortholog_one2one,1
ENSG00000112972,HMGCS1,ENSMUSG00000093930,Hmgcs1,ortholog_one2one,1
ENSG00000068885,IFT80,ENSMUSG00000027778,Ift80,ortholog_one2one,1
ENSG00000123104,ITPR2,ENSMUSG00000030287,Itpr2,ortholog_one2one,1
ENSG00000178035,IMPDH2,ENSMUSG00000062867,Impdh2,ortholog_one2one,1
ENSG00000108840,HDAC5,ENSMUSG00000008855,Hdac5,ortholog_one2one,1
ENSG00000163565,IFI16,ENSMUSG00000070501,Ifi214,ortholog_one2many,0
ENSG00000163565,IFI16,ENSMUSG00000026535,Ifi202b,ortholog_one2many,0
ENSG00000163565,IFI16,ENSMUSG00000073489,Ifi204,ortholog_one2many,0
ENSG00000163565,IFI16,ENSMUSG00000043263,Ifi209,ortholog_one2many,0
ENSG00000163565,IFI16,ENSMUSG00000073490,Ifi207,ortholog_one2many,0
ENSG00000163565,IFI16,ENSMUSG00000039997,Ifi203,ortholog_one2many,0
ENSG00000163565,IFI16,ENSMUSG00000037849,Ifi206,ortholog_one2many,0
ENSG00000163565,IFI16,ENSMUSG00000066677,Ifi208,ortholog_one2many,0
ENSG00000163565,IFI16,ENSMUSG00000073491,Ifi213,ortholog_one2many,0
ENSG00000213934,HBG1,,,,NA
ENSG00000152409,JMY,ENSMUSG00000021690,Jmy,ortholog_one2one,1
ENSG00000177807,KCNJ10,ENSMUSG00000044708,Kcnj10,ortholog_one2one,1
ENSG00000138434,ITPRID2,ENSMUSG00000027007,Itprid2,ortholog_one2one,1
ENSG00000263528,IKBKE,ENSMUSG00000042349,Ikbke,ortholog_one2one,1
ENSG00000198399,ITSN2,ENSMUSG00000020640,Itsn2,ortholog_one2one,1
ENSG00000138411,HECW2,ENSMUSG00000042807,Hecw2,ortholog_one2one,1
ENSG00000185359,HGS,ENSMUSG00000025793,Hgs,ortholog_one2one,1
ENSG00000122566,HNRNPA2B1,ENSMUSG00000004980,Hnrnpa2b1,ortholog_one2one,1
ENSG00000084110,HAL,ENSMUSG00000020017,Hal,ortholog_one2one,1
ENSG00000134352,IL6ST,ENSMUSG00000021756,Il6st,ortholog_one2one,1
ENSG00000063241,ISOC2,ENSMUSG00000086784,Isoc2a,ortholog_one2many,0
ENSG00000063241,ISOC2,ENSMUSG00000052605,Isoc2b,ortholog_one2many,1
ENSG00000256269,HMBS,ENSMUSG00000032126,Hmbs,ortholog_one2one,1
ENSG00000162729,IGSF8,ENSMUSG00000038034,Igsf8,ortholog_one2one,1
ENSG00000166598,HSP90B1,ENSMUSG00000020048,Hsp90b1,ortholog_one2one,1
ENSG00000051128,HOMER3,ENSMUSG00000003573,Homer3,ortholog_one2one,1
ENSG00000131398,KCNC3,ENSMUSG00000062785,Kcnc3,ortholog_one2one,1
ENSG00000197256,KANK2,ENSMUSG00000032194,Kank2,ortholog_one2one,1
ENSG00000115317,HTRA2,ENSMUSG00000068329,Htra2,ortholog_one2one,1
ENSG00000255154,HTD2,ENSMUSG00000144287,Htd2,ortholog_one2one,1
ENSG00000170852,KBTBD2,ENSMUSG00000059486,Kbtbd2,ortholog_one2one,1
ENSG00000182132,KCNIP1,ENSMUSG00000053519,Kcnip1,ortholog_one2one,1
ENSG00000061273,HDAC7,ENSMUSG00000022475,Hdac7,ortholog_one2one,1
ENSG00000109854,HTATIP2,ENSMUSG00000039745,Htatip2,ortholog_one2one,1
ENSG00000115041,KCNIP3,ENSMUSG00000079056,Kcnip3,ortholog_one2one,1
ENSG00000152137,HSPB8,ENSMUSG00000041548,Hspb8,ortholog_one2one,1
ENSG00000166333,ILK,ENSMUSG00000030890,Ilk,ortholog_one2one,1
ENSG00000116396,KCNC4,ENSMUSG00000027895,Kcnc4,ortholog_one2one,1
ENSG00000198265,HELZ,ENSMUSG00000020721,Helz,ortholog_one2one,1
ENSG00000150995,ITPR1,ENSMUSG00000030102,Itpr1,ortholog_one2one,1
ENSG00000187486,KCNJ11,ENSMUSG00000096146,Kcnj11,ortholog_one2one,1
ENSG00000180353,HCLS1,ENSMUSG00000022831,Hcls1,ortholog_one2one,1
ENSG00000182742,HOXB4,ENSMUSG00000038692,Hoxb4,ortholog_one2one,1
ENSG00000068097,HEATR6,ENSMUSG00000000976,Heatr6,ortholog_one2one,1
ENSG00000123700,KCNJ2,ENSMUSG00000041695,Kcnj2,ortholog_one2one,1
ENSG00000068024,HDAC4,ENSMUSG00000026313,Hdac4,ortholog_one2one,1
ENSG00000177301,KCNA2,ENSMUSG00000040724,Kcna2,ortholog_one2one,1
ENSG00000122970,IFT81,ENSMUSG00000029469,Ift81,ortholog_one2one,1
ENSG00000116478,HDAC1,ENSMUSG00000028800,Hdac1,ortholog_one2one,1
ENSG00000115232,ITGA4,ENSMUSG00000027009,Itga4,ortholog_one2one,1
ENSG00000068745,IP6K2,ENSMUSG00000032599,Ip6k2,ortholog_one2one,1
ENSG00000196639,HRH1,ENSMUSG00000053004,Hrh1,ortholog_one2one,1
ENSG00000067704,IARS2,ENSMUSG00000026618,Iars2,ortholog_one2one,1
ENSG00000153936,HS2ST1,ENSMUSG00000040151,Hs2st1,ortholog_one2one,1
ENSG00000134240,HMGCS2,ENSMUSG00000027875,Hmgcs2,ortholog_one2one,1
ENSG00000115677,HDLBP,ENSMUSG00000034088,Hdlbp,ortholog_one2one,1
ENSG00000196083,IL1RAP,ENSMUSG00000022514,Il1rap,ortholog_one2one,1
ENSG00000138029,HADHB,ENSMUSG00000059447,Hadhb,ortholog_one2one,1
ENSG00000163596,ICA1L,ENSMUSG00000026018,Ica1l,ortholog_one2one,1
ENSG00000008869,HEATR5B,ENSMUSG00000039414,Heatr5b,ortholog_one2one,1
ENSG00000138448,ITGAV,ENSMUSG00000027087,Itgav,ortholog_one2one,1
ENSG00000132323,ILKAP,ENSMUSG00000026309,Ilkap,ortholog_one2one,1
ENSG00000091409,ITGA6,ENSMUSG00000027111,Itga6,ortholog_one2one,1
ENSG00000170144,HNRNPA3,,,,NA
ENSG00000198830,HMGN2,,,,NA
ENSG00000115756,HPCAL1,ENSMUSG00000071379,Hpcal1,ortholog_one2one,0
ENSG00000125944,HNRNPR,ENSMUSG00000066037,Hnrnpr,ortholog_one2one,1
ENSG00000169047,IRS1,ENSMUSG00000055980,Irs1,ortholog_one2one,1
ENSG00000030419,IKZF2,ENSMUSG00000025997,Ikzf2,ortholog_one2one,1
ENSG00000183856,IQGAP3,ENSMUSG00000028068,Iqgap3,ortholog_one2one,1
ENSG00000126107,HECTD3,ENSMUSG00000046861,Hectd3,ortholog_one2one,1
ENSG00000135916,ITM2C,ENSMUSG00000026223,Itm2c,ortholog_one2one,1
ENSG00000118960,HS1BP3,ENSMUSG00000020605,Hs1bp3,ortholog_one2one,1
ENSG00000144381,HSPD1,ENSMUSG00000025980,Hspd1,ortholog_one2one,1
ENSG00000162989,KCNJ3,ENSMUSG00000026824,Kcnj3,ortholog_one2one,1
ENSG00000127483,HP1BP3,ENSMUSG00000028759,Hp1bp3,ortholog_one2one,1
ENSG00000153187,HNRNPU,ENSMUSG00000039630,Hnrnpu,ortholog_one2one,1
ENSG00000198130,HIBCH,ENSMUSG00000041426,Hibch,ortholog_one2one,1
ENSG00000158748,HTR6,ENSMUSG00000028747,Htr6,ortholog_one2one,1
ENSG00000163041,H3-3A,ENSMUSG00000060743,H3f3a,ortholog_one2one,1
ENSG00000117154,IGSF21,ENSMUSG00000040972,Igsf21,ortholog_one2one,1
ENSG00000136720,HS6ST1,ENSMUSG00000045216,Hs6st1,ortholog_one2one,1
ENSG00000151689,INPP1,ENSMUSG00000026102,Inpp1,ortholog_one2one,1
ENSG00000132196,HSD17B7,ENSMUSG00000026675,Hsd17b7,ortholog_one2one,1
ENSG00000162594,IL23R,ENSMUSG00000049093,Il23r,ortholog_one2one,1
ENSG00000134709,HOOK1,ENSMUSG00000028572,Hook1,ortholog_one2one,1
ENSG00000159399,HK2,ENSMUSG00000000628,Hk2,ortholog_one2one,0
ENSG00000143630,HCN3,ENSMUSG00000028051,Hcn3,ortholog_one2one,1
ENSG00000198700,IPO9,ENSMUSG00000041879,Ipo9,ortholog_one2one,1
ENSG00000132854,KANK4,ENSMUSG00000035407,Kank4,ortholog_one2one,1
ENSG00000143473,KCNH1,ENSMUSG00000058248,Kcnh1,ortholog_one2one,1
ENSG00000121905,HPCA,ENSMUSG00000028785,Hpca,ortholog_one2one,1
ENSG00000162728,KCNJ9,ENSMUSG00000038026,Kcnj9,ortholog_one2one,1
ENSG00000163207,IVL,,,,NA
ENSG00000163362,INAVA,ENSMUSG00000041605,Inava,ortholog_one2one,1
ENSG00000181873,IBA57,ENSMUSG00000049287,Iba57,ortholog_one2one,1
ENSG00000143321,HDGF,ENSMUSG00000004897,Hdgf,ortholog_one2one,1
ENSG00000116983,HPCAL4,ENSMUSG00000046093,Hpcal4,ortholog_one2one,1
ENSG00000069424,KCNAB2,ENSMUSG00000028931,Kcnab2,ortholog_one2one,1
ENSG00000143061,IGSF3,ENSMUSG00000042035,Igsf3,ortholog_one2one,1
ENSG00000142798,HSPG2,ENSMUSG00000028763,Hspg2,ortholog_one2one,1
ENSG00000117594,HSD11B1,ENSMUSG00000016194,Hsd11b1,ortholog_one2one,1
ENSG00000143621,ILF2,ENSMUSG00000001016,Ilf2,ortholog_one2one,1
ENSG00000132702,HAPLN2,ENSMUSG00000004894,Hapln2,ortholog_one2one,1
ENSG00000143575,HAX1,ENSMUSG00000027944,Hax1,ortholog_one2one,1
ENSG00000117305,HMGCL,ENSMUSG00000028672,Hmgcl,ortholog_one2one,1
ENSG00000163395,IGFN1,ENSMUSG00000051985,Igfn1,ortholog_one2one,0
ENSG00000163349,HIPK1,ENSMUSG00000008730,Hipk1,ortholog_one2one,1
ENSG00000171385,KCND3,ENSMUSG00000040896,Kcnd3,ortholog_one2one,1
ENSG00000143772,ITPKB,ENSMUSG00000038855,Itpkb,ortholog_one2one,1
ENSG00000143195,ILDR2,ENSMUSG00000040612,Ildr2,ortholog_one2one,1
ENSG00000204084,INPP5B,ENSMUSG00000028894,Inpp5b,ortholog_one2one,1
ENSG00000143341,HMCN1,ENSMUSG00000066842,Hmcn1,ortholog_one2one,1
ENSG00000162434,JAK1,ENSMUSG00000028530,Jak1,ortholog_one2one,1
ENSG00000281324,LRP6,,,,NA
ENSG00000280610,KIF15,,,,NA
ENSG00000012817,KDM5D,ENSMUSG00000056673,Kdm5d,ortholog_one2one,1
ENSG00000285383,LRTM2,,,,NA
ENSG00000288299,LDHA,,,,NA
ENSG00000291534,LTN1,,,,NA
ENSG00000291874,LRFN1,,,,NA
ENSG00000178695,KCTD12,ENSMUSG00000098557,Kctd12,ortholog_one2one,1
ENSG00000180332,KCTD4,ENSMUSG00000046523,Kctd4,ortholog_one2one,1
ENSG00000283082,LGALS7,,,,NA
ENSG00000291969,MANBAL,,,,NA
ENSG00000292028,KRT33B,,,,NA
ENSG00000292032,KRT37,,,,NA
ENSG00000263022,KRT37,,,,NA
ENSG00000263012,KRT33B,,,,NA
ENSG00000275621,LRRC37A3,,,,NA
ENSG00000263243,KRT12,,,,NA
ENSG00000263057,KRT20,,,,NA
ENSG00000263309,KRT23,,,,NA
ENSG00000262164,KRT39,,,,NA
ENSG00000291994,LPCAT4,,,,NA
ENSG00000282110,MAPK4,,,,NA
ENSG00000074695,LMAN1,ENSMUSG00000041891,Lman1,ortholog_one2one,1
ENSG00000198934,MAGEE1,ENSMUSG00000031227,Magee1,ortholog_one2one,1
ENSG00000250423,KIAA1210,ENSMUSG00000091556,Gm14569,ortholog_one2one,0
ENSG00000101577,LPIN2,ENSMUSG00000024052,Lpin2,ortholog_one2one,1
ENSG00000136153,LMO7,ENSMUSG00000033060,Lmo7,ortholog_one2one,1
ENSG00000119537,KDSR,ENSMUSG00000009905,Kdsr,ortholog_one2one,1
ENSG00000102158,MAGT1,ENSMUSG00000031232,Magt1,ortholog_one2one,1
ENSG00000278312,LENG9,,,,NA
ENSG00000286112,KYAT1,,,,NA
ENSG00000273574,LENG9,,,,NA
ENSG00000174405,LIG4,ENSMUSG00000049717,Lig4,ortholog_one2one,1
ENSG00000130702,LAMA5,ENSMUSG00000015647,Lama5,ortholog_one2one,1
ENSG00000075043,KCNQ2,ENSMUSG00000016346,Kcnq2,ortholog_one2one,1
ENSG00000291999,KCNT2,,,,NA
ENSG00000281151,KCNQ2,,,,NA
ENSG00000099949,LZTR1,ENSMUSG00000022761,Lztr1,ortholog_one2one,1
ENSG00000276734,KIF5C,,,,NA
ENSG00000154655,L3MBTL4,ENSMUSG00000041565,L3mbtl4,ortholog_one2one,1
ENSG00000274495,LENG9,,,,NA
ENSG00000149633,KIAA1755,ENSMUSG00000037813,D630003M21Rik,ortholog_one2one,1
ENSG00000275183,LENG9,ENSMUSG00000043432,Leng9,ortholog_one2one,1
ENSG00000262860,LSM14A,,,,NA
ENSG00000281216,KIF26B,,,,NA
ENSG00000079435,LIPE,ENSMUSG00000003123,Lipe,ortholog_one2one,1
ENSG00000101460,MAP1LC3A,ENSMUSG00000027602,Map1lc3a,ortholog_one2one,0
ENSG00000182541,LIMK2,ENSMUSG00000020451,Limk2,ortholog_one2one,1
ENSG00000275079,LPCAT1,,,,NA
ENSG00000100258,LMF2,ENSMUSG00000022614,Lmf2,ortholog_one2one,1
ENSG00000141200,KIF2B,ENSMUSG00000046755,Kif2b,ortholog_one2one,1
ENSG00000175556,LONRF3,ENSMUSG00000016239,Lonrf3,ortholog_one2one,1
ENSG00000172867,KRT2,ENSMUSG00000064201,Krt2,ortholog_one2one,1
ENSG00000133640,LRRIQ1,ENSMUSG00000019892,Lrriq1,ortholog_one2one,1
ENSG00000167768,KRT1,ENSMUSG00000046834,Krt1,ortholog_one2one,1
ENSG00000189182,KRT77,ENSMUSG00000067594,Krt77,ortholog_one2one,1
ENSG00000258102,MAP1LC3B2,ENSMUSG00000031812,Map1lc3b,ortholog_one2many,0
ENSG00000131738,KRT33B,,,,NA
ENSG00000108417,KRT37,,,,NA
ENSG00000136141,LRCH1,ENSMUSG00000068015,Lrch1,ortholog_one2one,1
ENSG00000197079,KRT35,ENSMUSG00000048013,Krt35,ortholog_one2one,1
ENSG00000102753,KPNA3,ENSMUSG00000021929,Kpna3,ortholog_one2one,1
ENSG00000100379,KCTD17,ENSMUSG00000033287,Kctd17,ortholog_one2one,1
ENSG00000186442,KRT3,,,,NA
ENSG00000170477,KRT4,ENSMUSG00000059668,Krt4,ortholog_one2one,1
ENSG00000161849,KRT84,ENSMUSG00000044294,Krt84,ortholog_one2one,1
ENSG00000161850,KRT82,ENSMUSG00000049548,Krt82,ortholog_one2one,1
ENSG00000186081,KRT5,ENSMUSG00000095241,Gm5478,ortholog_one2many,0
ENSG00000186081,KRT5,ENSMUSG00000061527,Krt5,ortholog_one2many,1
ENSG00000224979,LSM2,,,,NA
ENSG00000102316,MAGED2,ENSMUSG00000025268,Maged2,ortholog_one2one,1
ENSG00000236826,LSM2,,,,NA
ENSG00000274205,MAPK15,,,,NA
ENSG00000274488,LY6H,,,,NA
ENSG00000185513,L3MBTL1,ENSMUSG00000035576,L3mbtl1,ortholog_one2one,1
ENSG00000153714,LURAP1L,ENSMUSG00000048706,Lurap1l,ortholog_one2one,1
ENSG00000198862,LTN1,ENSMUSG00000052299,Ltn1,ortholog_one2one,1
ENSG00000231502,LSM2,,,,NA
ENSG00000175445,LPL,ENSMUSG00000015568,Lpl,ortholog_one2one,1
ENSG00000126012,KDM5C,,,,NA
ENSG00000147036,LANCL3,ENSMUSG00000047344,Lancl3,ortholog_one2one,1
ENSG00000185896,LAMP1,ENSMUSG00000031447,Lamp1,ortholog_one2one,1
ENSG00000100097,LGALS1,ENSMUSG00000068220,Lgals1,ortholog_one2one,1
ENSG00000102897,LYRM1,ENSMUSG00000030922,Lyrm1,ortholog_one2one,1
ENSG00000188130,MAPK12,ENSMUSG00000022610,Mapk12,ortholog_one2one,1
ENSG00000133424,LARGE1,ENSMUSG00000004383,Large1,ortholog_one2one,1
ENSG00000099910,KLHL22,ENSMUSG00000022750,Klhl22,ortholog_one2one,1
ENSG00000205076,LGALS7,ENSMUSG00000053522,Lgals7,ortholog_one2many,1
ENSG00000186832,KRT16,ENSMUSG00000053797,Krt16,ortholog_one2one,1
ENSG00000090316,MAEA,ENSMUSG00000079562,Maea,ortholog_one2one,1
ENSG00000053747,LAMA3,ENSMUSG00000024421,Lama3,ortholog_one2one,1
ENSG00000141639,MAPK4,ENSMUSG00000024558,Mapk4,ortholog_one2one,1
ENSG00000172850,LSM2,,,,NA
ENSG00000179222,MAGED1,ENSMUSG00000025151,Maged1,ortholog_one2one,1
ENSG00000134333,LDHA,ENSMUSG00000063229,Ldha,ortholog_one2one,1
ENSG00000168481,LGI3,ENSMUSG00000033595,Lgi3,ortholog_one2one,1
ENSG00000129680,MAP7D3,ENSMUSG00000067878,Map7d3,ortholog_one2one,0
ENSG00000197077,KIAA1671,ENSMUSG00000051339,2900026A02Rik,ortholog_one2one,1
ENSG00000147592,LACTB2,ENSMUSG00000025937,Lactb2,ortholog_one2one,1
ENSG00000008735,MAPK8IP2,ENSMUSG00000022619,Mapk8ip2,ortholog_one2one,1
ENSG00000225998,LSM2,,,,NA
ENSG00000188906,LRRK2,ENSMUSG00000036273,Lrrk2,ortholog_one2one,1
ENSG00000173327,MAP3K11,ENSMUSG00000004054,Map3k11,ortholog_one2one,1
ENSG00000184156,KCNQ3,ENSMUSG00000056258,Kcnq3,ortholog_one2one,1
ENSG00000149357,LAMTOR1,ENSMUSG00000030842,Lamtor1,ortholog_one2one,1
ENSG00000154589,LY96,ENSMUSG00000025779,Ly96,ortholog_one2one,1
ENSG00000149571,KIRREL3,ENSMUSG00000032036,Kirrel3,ortholog_one2one,1
ENSG00000165115,KIF27,ENSMUSG00000060176,Kif27,ortholog_one2one,1
ENSG00000003056,M6PR,ENSMUSG00000007458,M6pr,ortholog_one2one,1
ENSG00000160959,LRRC14,ENSMUSG00000033728,Lrrc14,ortholog_one2one,1
ENSG00000149243,KLHL35,ENSMUSG00000035298,Klhl35,ortholog_one2one,1
ENSG00000166963,MAP1A,ENSMUSG00000027254,Map1a,ortholog_one2one,1
ENSG00000172264,MACROD2,ENSMUSG00000068205,Macrod2,ortholog_one2one,1
ENSG00000189221,MAOA,ENSMUSG00000025037,Maoa,ortholog_one2one,1
ENSG00000101680,LAMA1,ENSMUSG00000032796,Lama1,ortholog_one2one,1
ENSG00000102271,KLHL4,ENSMUSG00000025597,Klhl4,ortholog_one2one,1
ENSG00000142235,LMTK3,ENSMUSG00000062044,Lmtk3,ortholog_one2one,1
ENSG00000137764,MAP2K5,ENSMUSG00000058444,Map2k5,ortholog_one2one,1
ENSG00000157404,KIT,ENSMUSG00000005672,Kit,ortholog_one2one,1
ENSG00000184368,MAP7D2,ENSMUSG00000041020,Map7d2,ortholog_one2one,1
ENSG00000185386,MAPK11,ENSMUSG00000053137,Mapk11,ortholog_one2one,1
ENSG00000172175,MALT1,ENSMUSG00000032688,Malt1,ortholog_one2one,1
ENSG00000168216,LMBRD1,ENSMUSG00000073725,Lmbrd1,ortholog_one2one,1
ENSG00000173621,LRFN4,ENSMUSG00000045045,Lrfn4,ortholog_one2one,1
ENSG00000226650,KIF4B,ENSMUSG00000092054,Kif4-ps,ortholog_one2one,1
ENSG00000079616,KIF22,ENSMUSG00000030677,Kif22,ortholog_one2one,1
ENSG00000069535,MAOB,ENSMUSG00000040147,Maob,ortholog_one2one,1
ENSG00000186432,KPNA4,ENSMUSG00000027782,Kpna4,ortholog_one2one,1
ENSG00000137171,KLC4,ENSMUSG00000003546,Klc4,ortholog_one2one,1
ENSG00000164114,MAP9,ENSMUSG00000033900,Map9,ortholog_one2one,1
ENSG00000101363,MANBAL,ENSMUSG00000063019,Manbal,ortholog_one2one,1
ENSG00000131899,LLGL1,ENSMUSG00000020536,Llgl1,ortholog_one2one,1
ENSG00000102882,MAPK3,ENSMUSG00000063065,Mapk3,ortholog_one2one,1
ENSG00000101350,KIF3B,ENSMUSG00000027475,Kif3b,ortholog_one2one,1
ENSG00000100364,KIAA0930,ENSMUSG00000036046,5031439G07Rik,ortholog_one2one,1
ENSG00000196547,MAN2A2,ENSMUSG00000038886,Man2a2,ortholog_one2one,1
ENSG00000110906,KCTD10,ENSMUSG00000001098,Kctd10,ortholog_one2one,1
ENSG00000005893,LAMP2,ENSMUSG00000016534,Lamp2,ortholog_one2one,1
ENSG00000140280,LYSMD2,ENSMUSG00000032184,Lysmd2,ortholog_one2one,1
ENSG00000171017,LRRC8E,ENSMUSG00000046589,Lrrc8e,ortholog_one2one,1
ENSG00000177239,MAN1B1,ENSMUSG00000036646,Man1b1,ortholog_one2one,1
ENSG00000135341,MAP3K7,ENSMUSG00000028284,Map3k7,ortholog_one2one,1
ENSG00000108244,KRT23,ENSMUSG00000006777,Krt23,ortholog_one2one,1
ENSG00000050405,LIMA1,ENSMUSG00000023022,Lima1,ortholog_one2one,1
ENSG00000124702,KLHDC3,ENSMUSG00000063576,Klhdc3,ortholog_one2one,1
ENSG00000163956,LRPAP1,ENSMUSG00000029103,Lrpap1,ortholog_one2one,1
ENSG00000107147,KCNT1,ENSMUSG00000058740,Kcnt1,ortholog_one2one,1
ENSG00000109270,LAMTOR3,ENSMUSG00000091512,Lamtor3,ortholog_one2one,1
ENSG00000166813,KIF7,ENSMUSG00000050382,Kif7,ortholog_one2one,1
ENSG00000119138,KLF9,ENSMUSG00000033863,Klf9,ortholog_one2one,1
ENSG00000105642,KCNN1,ENSMUSG00000002908,Kcnn1,ortholog_one2one,1
ENSG00000167702,KIFC2,ENSMUSG00000004187,Kifc2,ortholog_one2one,1
ENSG00000128052,KDR,ENSMUSG00000062960,Kdr,ortholog_one2one,1
ENSG00000041802,LSG1,ENSMUSG00000022538,Lsg1,ortholog_one2one,1
ENSG00000136490,LIMD2,ENSMUSG00000040699,Limd2,ortholog_one2one,1
ENSG00000149657,LSM14B,ENSMUSG00000039108,Lsm14b,ortholog_one2one,1
ENSG00000134569,LRP4,ENSMUSG00000027253,Lrp4,ortholog_one2one,1
ENSG00000128422,KRT17,ENSMUSG00000035557,Krt17,ortholog_one2one,1
ENSG00000112062,MAPK14,ENSMUSG00000053436,Mapk14,ortholog_one2one,1
ENSG00000136802,LRRC8A,ENSMUSG00000007476,Lrrc8a,ortholog_one2one,1
ENSG00000197892,KIF13B,ENSMUSG00000060012,Kif13b,ortholog_one2one,1
ENSG00000171435,KSR2,ENSMUSG00000061578,Ksr2,ortholog_one2one,1
ENSG00000169783,LINGO1,ENSMUSG00000049556,Lingo1,ortholog_one2one,1
ENSG00000105486,LIG1,ENSMUSG00000056394,Lig1,ortholog_one2one,1
ENSG00000107798,LIPA,ENSMUSG00000024781,Lipa,ortholog_one2one,1
ENSG00000103227,LMF1,ENSMUSG00000002279,Lmf1,ortholog_one2one,1
ENSG00000100600,LGMN,ENSMUSG00000021190,Lgmn,ortholog_one2one,1
ENSG00000128594,LRRC4,ENSMUSG00000049939,Lrrc4,ortholog_one2one,1
ENSG00000118162,KPTN,ENSMUSG00000006021,Kptn,ortholog_one2one,1
ENSG00000105983,LMBR1,ENSMUSG00000010721,Lmbr1,ortholog_one2one,1
ENSG00000114030,KPNA1,ENSMUSG00000022905,Kpna1,ortholog_one2one,1
ENSG00000196365,LONP1,ENSMUSG00000041168,Lonp1,ortholog_one2one,1
ENSG00000168924,LETM1,ENSMUSG00000005299,Letm1,ortholog_one2one,1
ENSG00000165097,KDM1B,ENSMUSG00000038080,Kdm1b,ortholog_one2one,1
ENSG00000088899,LZTS3,ENSMUSG00000037703,Lzts3,ortholog_one2one,1
ENSG00000128011,LRFN1,ENSMUSG00000030600,Lrfn1,ortholog_one2one,1
ENSG00000164167,LSM6,ENSMUSG00000031683,Lsm6,ortholog_one2one,0
ENSG00000148814,LRRC27,ENSMUSG00000015980,Lrrc27,ortholog_one2one,1
ENSG00000170423,KRT78,ENSMUSG00000050463,Krt78,ortholog_one2one,0
ENSG00000184445,KNTC1,ENSMUSG00000029414,Kntc1,ortholog_one2one,1
ENSG00000126777,KTN1,ENSMUSG00000021843,Ktn1,ortholog_one2one,1
ENSG00000071282,LMCD1,ENSMUSG00000057604,Lmcd1,ortholog_one2one,1
ENSG00000162337,LRP5,ENSMUSG00000024913,Lrp5,ortholog_one2one,1
ENSG00000131437,KIF3A,ENSMUSG00000018395,Kif3a,ortholog_one2one,1
ENSG00000011376,LARS2,ENSMUSG00000035202,Lars2,ortholog_one2one,1
ENSG00000198642,KLHL9,ENSMUSG00000070923,Klhl9,ortholog_one2one,1
ENSG00000104731,KLHDC4,ENSMUSG00000040263,Klhdc4,ortholog_one2one,1
ENSG00000147676,MAL2,ENSMUSG00000024479,Mal2,ortholog_one2one,1
ENSG00000105695,MAG,ENSMUSG00000036634,Mag,ortholog_one2one,1
ENSG00000130224,LRCH2,ENSMUSG00000031290,Lrch2,ortholog_one2one,1
ENSG00000089177,KIF16B,,,,NA
ENSG00000123384,LRP1,ENSMUSG00000040249,Lrp1,ortholog_one2one,1
ENSG00000181350,LRRC75A,ENSMUSG00000046417,Lrrc75a,ortholog_one2one,1
ENSG00000112232,KHDRBS2,ENSMUSG00000026058,Khdrbs2,ortholog_one2one,1
ENSG00000166173,LARP6,ENSMUSG00000034839,Larp6,ortholog_one2one,1
ENSG00000131981,LGALS3,ENSMUSG00000050335,Lgals3,ortholog_one2one,1
ENSG00000135525,MAP7,ENSMUSG00000019996,Map7,ortholog_one2one,1
ENSG00000130520,LSM4,ENSMUSG00000031848,Lsm4,ortholog_one2one,1
ENSG00000107902,LHPP,ENSMUSG00000030946,Lhpp,ortholog_one2one,1
ENSG00000105438,KDELR1,ENSMUSG00000002778,Kdelr1,ortholog_one2one,1
ENSG00000080709,KCNN2,ENSMUSG00000054477,Kcnn2,ortholog_one2one,1
ENSG00000148943,LIN7C,ENSMUSG00000027162,Lin7c,ortholog_one2one,1
ENSG00000119487,MAPKAP1,ENSMUSG00000038696,Mapkap1,ortholog_one2one,1
ENSG00000122367,LDB3,ENSMUSG00000021798,Ldb3,ortholog_one2one,1
ENSG00000107929,LARP4B,ENSMUSG00000033499,Larp4b,ortholog_one2one,0
ENSG00000139329,LUM,ENSMUSG00000036446,Lum,ortholog_one2one,1
ENSG00000132434,LANCL2,ENSMUSG00000062190,Lancl2,ortholog_one2one,1
ENSG00000012983,MAP4K5,ENSMUSG00000034761,Map4k5,ortholog_one2one,1
ENSG00000140471,LINS1,ENSMUSG00000053091,Lins1,ortholog_one2one,1
ENSG00000169967,MAP3K2,ENSMUSG00000024383,Map3k2,ortholog_one2one,1
ENSG00000112893,MAN2A1,ENSMUSG00000024085,Man2a1,ortholog_one2one,1
ENSG00000100030,MAPK1,ENSMUSG00000063358,Mapk1,ortholog_one2one,1
ENSG00000254087,LYN,ENSMUSG00000042228,Lyn,ortholog_one2one,1
ENSG00000257103,LSM14A,ENSMUSG00000066568,Lsm14a,ortholog_one2one,1
ENSG00000169032,MAP2K1,ENSMUSG00000004936,Map2k1,ortholog_one2one,1
ENSG00000161904,LEMD2,ENSMUSG00000044857,Lemd2,ortholog_one2one,1
ENSG00000109790,KLHL5,ENSMUSG00000054920,Klhl5,ortholog_one2one,1
ENSG00000122203,KIAA1191,ENSMUSG00000025871,4833439L19Rik,ortholog_one2one,1
ENSG00000087253,LPCAT2,ENSMUSG00000033192,Lpcat2,ortholog_one2one,1
ENSG00000185479,KRT6B,ENSMUSG00000023041,Krt6b,ortholog_many2many,0
ENSG00000185479,KRT6B,ENSMUSG00000058354,Krt6a,ortholog_many2many,0
ENSG00000185479,KRT6B,ENSMUSG00000064232,Gm5414,ortholog_many2many,1
ENSG00000187391,MAGI2,ENSMUSG00000040003,Magi2,ortholog_one2one,1
ENSG00000165501,LRR1,ENSMUSG00000034883,Lrr1,ortholog_one2one,1
ENSG00000198728,LDB1,ENSMUSG00000025223,Ldb1,ortholog_one2one,1
ENSG00000126790,L3HYPDH,ENSMUSG00000019718,L3hypdh,ortholog_one2one,1
ENSG00000171097,KYAT1,ENSMUSG00000039648,Kyat1,ortholog_one2one,1
ENSG00000175324,LSM1,ENSMUSG00000037296,Lsm1,ortholog_one2one,1
ENSG00000138709,LARP1B,ENSMUSG00000025762,Larp1b,ortholog_one2one,0
ENSG00000185565,LSAMP,ENSMUSG00000061080,Lsamp,ortholog_one2one,1
ENSG00000198910,L1CAM,ENSMUSG00000031391,L1cam,ortholog_one2one,1
ENSG00000133315,MACROD1,ENSMUSG00000036278,Macrod1,ortholog_one2one,1
ENSG00000133739,LRRCC1,ENSMUSG00000027550,Lrrcc1,ortholog_one2one,1
ENSG00000172954,LCLAT1,ENSMUSG00000054469,Lclat1,ortholog_one2one,1
ENSG00000130758,MAP3K10,ENSMUSG00000040390,Map3k10,ortholog_one2one,1
ENSG00000212916,MAP10,ENSMUSG00000050930,Map10,ortholog_one2one,0
ENSG00000140400,MAN2C1,ENSMUSG00000032295,Man2c1,ortholog_one2one,1
ENSG00000140859,KIFC3,ENSMUSG00000031788,Kifc3,ortholog_one2one,1
ENSG00000203786,KPRP,ENSMUSG00000059832,Kprp,ortholog_one2one,1
ENSG00000215906,LACTBL1,ENSMUSG00000070683,Lactbl1,ortholog_one2one,1
ENSG00000214113,LYRM4,ENSMUSG00000046573,Lyrm4,ortholog_one2one,1
ENSG00000001631,KRIT1,ENSMUSG00000000600,Krit1,ortholog_one2one,1
ENSG00000120549,KIAA1217,ENSMUSG00000036617,Etl4,ortholog_one2one,1
ENSG00000166816,LDHD,ENSMUSG00000031958,Ldhd,ortholog_one2one,1
ENSG00000198841,KTI12,ENSMUSG00000073775,Kti12,ortholog_one2one,1
ENSG00000114796,KLHL24,ENSMUSG00000062901,Klhl24,ortholog_one2one,1
ENSG00000154545,MAGED4,,,,NA
ENSG00000064042,LIMCH1,ENSMUSG00000037736,Limch1,ortholog_one2one,1
ENSG00000067082,KLF6,ENSMUSG00000000078,Klf6,ortholog_one2one,1
ENSG00000154237,LRRK1,ENSMUSG00000015133,Lrrk1,ortholog_one2one,1
ENSG00000183655,KLHL25,ENSMUSG00000055652,Klhl25,ortholog_one2one,1
ENSG00000167767,KRT80,ENSMUSG00000037185,Krt80,ortholog_one2one,1
ENSG00000138160,KIF11,ENSMUSG00000012443,Kif11,ortholog_one2one,1
ENSG00000188186,LAMTOR4,,,,NA
ENSG00000174996,KLC2,ENSMUSG00000024862,Klc2,ortholog_one2one,1
ENSG00000168301,KCTD6,ENSMUSG00000021752,Kctd6,ortholog_one2one,1
ENSG00000181085,MAPK15,ENSMUSG00000063704,Mapk15,ortholog_one2one,1
ENSG00000007392,LUC7L,ENSMUSG00000024188,Luc7l,ortholog_one2one,1
ENSG00000198920,KIAA0753,ENSMUSG00000020807,4933427D14Rik,ortholog_one2one,1
ENSG00000171533,MAP6,ENSMUSG00000055407,Map6,ortholog_one2one,1
ENSG00000120733,KDM3B,ENSMUSG00000038773,Kdm3b,ortholog_one2one,1
ENSG00000196169,KIF19,ENSMUSG00000010021,Kif19a,ortholog_one2one,1
ENSG00000185760,KCNQ5,ENSMUSG00000028033,Kcnq5,ortholog_one2one,1
ENSG00000156486,KCNS2,ENSMUSG00000050963,Kcns2,ortholog_one2one,1
ENSG00000144791,LIMD1,ENSMUSG00000025239,Limd1,ortholog_one2one,1
ENSG00000180155,LYNX1,ENSMUSG00000075605,Slurp2,ortholog_one2one,0
ENSG00000165379,LRFN5,ENSMUSG00000035653,Lrfn5,ortholog_one2one,1
ENSG00000129250,KIF1C,ENSMUSG00000020821,Kif1c,ortholog_one2one,1
ENSG00000163808,KIF15,ENSMUSG00000036768,Kif15,ortholog_one2one,1
ENSG00000126243,LRFN3,ENSMUSG00000036957,Lrfn3,ortholog_one2one,1
ENSG00000130479,MAP1S,ENSMUSG00000019261,Map1s,ortholog_one2one,1
ENSG00000107816,LZTS2,ENSMUSG00000035342,Lzts2,ortholog_one2one,1
ENSG00000087299,L2HGDH,ENSMUSG00000020988,L2hgdh,ortholog_one2one,1
ENSG00000167916,KRT24,ENSMUSG00000020913,Krt24,ortholog_one2one,1
ENSG00000156959,LHFPL4,ENSMUSG00000042873,Lhfpl4,ortholog_one2one,1
ENSG00000122778,KIAA1549,ENSMUSG00000063455,D630045J12Rik,ortholog_one2one,1
ENSG00000145012,LPP,ENSMUSG00000033306,Lpp,ortholog_one2one,1
ENSG00000164187,LMBRD2,ENSMUSG00000039704,Lmbrd2,ortholog_one2one,1
ENSG00000186687,LYRM7,ENSMUSG00000020268,Lyrm7,ortholog_one2one,1
ENSG00000151657,KIN,ENSMUSG00000037262,Kin,ortholog_one2one,1
ENSG00000091136,LAMB1,ENSMUSG00000002900,Lamb1,ortholog_one2one,1
ENSG00000205420,KRT6A,ENSMUSG00000023041,Krt6b,ortholog_many2many,0
ENSG00000205420,KRT6A,ENSMUSG00000058354,Krt6a,ortholog_many2many,1
ENSG00000205420,KRT6A,ENSMUSG00000064232,Gm5414,ortholog_many2many,1
ENSG00000114988,LMAN2L,ENSMUSG00000001143,Lman2l,ortholog_one2one,1
ENSG00000148356,LRSAM1,ENSMUSG00000026792,Lrsam1,ortholog_one2one,1
ENSG00000103642,LACTB,ENSMUSG00000032370,Lactb,ortholog_one2one,1
ENSG00000104863,LIN7B,ENSMUSG00000003872,Lin7b,ortholog_one2one,1
ENSG00000070018,LRP6,ENSMUSG00000030201,Lrp6,ortholog_one2one,1
ENSG00000061337,LZTS1,ENSMUSG00000036306,Lzts1,ortholog_one2one,1
ENSG00000127663,KDM4B,ENSMUSG00000024201,Kdm4b,ortholog_one2one,1
ENSG00000126214,KLC1,ENSMUSG00000021288,Klc1,ortholog_one2one,1
ENSG00000135643,KCNMB4,ENSMUSG00000054934,Kcnmb4,ortholog_one2one,1
ENSG00000133703,KRAS,ENSMUSG00000030265,Kras,ortholog_one2one,1
ENSG00000205629,LCMT1,ENSMUSG00000030763,Lcmt1,ortholog_one2one,1
ENSG00000005156,LIG3,ENSMUSG00000020697,Lig3,ortholog_one2one,1
ENSG00000108231,LGI1,ENSMUSG00000067242,Lgi1,ortholog_one2one,1
ENSG00000186231,KLHL32,ENSMUSG00000040387,Klhl32,ortholog_one2one,1
ENSG00000106683,LIMK1,ENSMUSG00000029674,Limk1,ortholog_one2one,1
ENSG00000165046,LETM2,ENSMUSG00000037363,Letm2,ortholog_one2one,1
ENSG00000176956,LY6H,ENSMUSG00000022577,Ly6h,ortholog_one2one,1
ENSG00000171798,KNDC1,ENSMUSG00000066129,Kndc1,ortholog_one2one,1
ENSG00000162972,MAIP1,ENSMUSG00000025971,Maip1,ortholog_one2one,1
ENSG00000168672,LRATD2,ENSMUSG00000072568,Lratd2,ortholog_one2one,1
ENSG00000068796,KIF2A,ENSMUSG00000021693,Kif2a,ortholog_one2one,1
ENSG00000204052,LRRC73,ENSMUSG00000071073,Lrrc73,ortholog_one2one,1
ENSG00000197442,MAP3K5,ENSMUSG00000071369,Map3k5,ortholog_one2one,1
ENSG00000108424,KPNB1,ENSMUSG00000001440,Kpnb1,ortholog_one2one,1
ENSG00000137821,LRRC49,ENSMUSG00000047766,Lrrc49,ortholog_one2one,1
ENSG00000174943,KCTD13,ENSMUSG00000030685,Kctd13,ortholog_one2one,1
ENSG00000181016,LSMEM1,ENSMUSG00000071342,Lsmem1,ortholog_one2one,1
ENSG00000198954,KIFBP,ENSMUSG00000036955,Kifbp,ortholog_one2one,1
ENSG00000156113,KCNMA1,ENSMUSG00000063142,Kcnma1,ortholog_one2one,1
ENSG00000166159,LRTM2,ENSMUSG00000055003,Lrtm2,ortholog_one2one,1
ENSG00000138182,KIF20B,ENSMUSG00000024795,Kif20b,ortholog_one2one,1
ENSG00000168116,KIAA1586,,,,NA
ENSG00000138834,MAPK8IP3,ENSMUSG00000024163,Mapk8ip3,ortholog_one2one,1
ENSG00000182481,KPNA2,ENSMUSG00000066878,Kpna2rt,ortholog_one2many,0
ENSG00000182481,KPNA2,ENSMUSG00000018362,Kpna2,ortholog_one2many,1
ENSG00000164715,LMTK2,ENSMUSG00000038970,Lmtk2,ortholog_one2one,1
ENSG00000176454,LPCAT4,ENSMUSG00000027134,Lpcat4,ortholog_one2one,1
ENSG00000128534,LSM8,ENSMUSG00000044155,Lsm8,ortholog_one2one,1
ENSG00000170759,KIF5B,ENSMUSG00000006740,Kif5b,ortholog_one2one,1
ENSG00000170871,KIAA0232,ENSMUSG00000029190,D5Ertd579e,ortholog_one2one,1
ENSG00000170484,KRT74,,,,NA
ENSG00000135709,KIAA0513,ENSMUSG00000031824,6430548M08Rik,ortholog_one2one,1
ENSG00000073350,LLGL2,ENSMUSG00000020782,Llgl2,ortholog_one2one,1
ENSG00000155858,LSM11,ENSMUSG00000044847,Lsm11,ortholog_one2one,1
ENSG00000183783,KCTD8,ENSMUSG00000037653,Kctd8,ortholog_one2one,1
ENSG00000163428,LRRC58,ENSMUSG00000034158,Lrrc58,ortholog_one2one,1
ENSG00000108679,LGALS3BP,ENSMUSG00000033880,Lgals3bp,ortholog_one2one,1
ENSG00000160349,LCN1,,,,NA
ENSG00000180834,MAP6D1,ENSMUSG00000041205,Map6d1,ortholog_one2one,1
ENSG00000131773,KHDRBS3,ENSMUSG00000022332,Khdrbs3,ortholog_one2one,1
ENSG00000161654,LSM12,ENSMUSG00000020922,Lsm12,ortholog_one2one,1
ENSG00000111052,LIN7A,ENSMUSG00000019906,Lin7a,ortholog_one2one,1
ENSG00000126934,MAP2K2,ENSMUSG00000035027,Map2k2,ortholog_one2one,1
ENSG00000002834,LASP1,ENSMUSG00000038366,Lasp1,ortholog_one2one,1
ENSG00000066557,LRRC40,ENSMUSG00000063052,Lrrc40,ortholog_one2one,1
ENSG00000111057,KRT18,ENSMUSG00000023043,Krt18,ortholog_one2one,1
ENSG00000006432,MAP3K9,ENSMUSG00000042724,Map3k9,ortholog_one2one,1
ENSG00000157978,LDLRAP1,ENSMUSG00000037295,Ldlrap1,ortholog_one2one,1
ENSG00000155530,LRGUK,ENSMUSG00000056215,Lrguk,ortholog_one2one,0
ENSG00000181751,MACIR,ENSMUSG00000044768,Macir,ortholog_one2one,1
ENSG00000076984,MAP2K7,ENSMUSG00000002948,Map2k7,ortholog_one2one,1
ENSG00000107643,MAPK8,ENSMUSG00000021936,Mapk8,ortholog_one2one,1
ENSG00000165185,KIAA1958,ENSMUSG00000045071,E130308A19Rik,ortholog_one2one,1
ENSG00000102910,LONP2,ENSMUSG00000047866,Lonp2,ortholog_one2one,1
ENSG00000110514,MADD,ENSMUSG00000040687,Madd,ortholog_one2one,1
ENSG00000079999,KEAP1,ENSMUSG00000003308,Keap1,ortholog_one2one,1
ENSG00000088247,KHSRP,ENSMUSG00000007670,Khsrp,ortholog_one2one,1
ENSG00000198739,LRRTM3,ENSMUSG00000042846,Lrrtm3,ortholog_one2one,1
ENSG00000113368,LMNB1,ENSMUSG00000024590,Lmnb1,ortholog_one2one,1
ENSG00000151276,MAGI1,ENSMUSG00000045095,Magi1,ortholog_one2one,1
ENSG00000204392,LSM2,ENSMUSG00000007050,Lsm2,ortholog_one2one,1
ENSG00000169744,LDB2,ENSMUSG00000039706,Ldb2,ortholog_one2one,1
ENSG00000118058,KMT2A,ENSMUSG00000002028,Kmt2a,ortholog_one2one,1
ENSG00000198121,LPAR1,ENSMUSG00000038668,Lpar1,ortholog_one2one,1
ENSG00000196911,KPNA5,,,,NA
ENSG00000137261,KIAA0319,ENSMUSG00000006711,D130043K22Rik,ortholog_one2one,1
ENSG00000145050,MANF,ENSMUSG00000032575,Manf,ortholog_one2one,1
ENSG00000182866,LCK,ENSMUSG00000000409,Lck,ortholog_one2one,1
ENSG00000108829,LRRC59,ENSMUSG00000020869,Lrrc59,ortholog_one2one,1
ENSG00000186638,KIF24,ENSMUSG00000028438,Kif24,ortholog_one2one,1
ENSG00000188997,KCTD21,ENSMUSG00000044952,Kctd21,ortholog_one2one,1
ENSG00000084731,KIF3C,ENSMUSG00000020668,Kif3c,ortholog_one2one,1
ENSG00000054523,KIF1B,ENSMUSG00000063077,Kif1b,ortholog_one2one,1
ENSG00000135338,LCA5,ENSMUSG00000032258,Lca5,ortholog_one2one,1
ENSG00000167487,KLHL26,ENSMUSG00000055707,Klhl26,ortholog_one2one,1
ENSG00000198909,MAP3K3,ENSMUSG00000020700,Map3k3,ortholog_one2one,1
ENSG00000198589,LRBA,ENSMUSG00000028080,Lrba,ortholog_one2one,1
ENSG00000130764,LRRC47,ENSMUSG00000029028,Lrrc47,ortholog_one2one,1
ENSG00000173114,LRRN3,ENSMUSG00000036295,Lrrn3,ortholog_one2one,1
ENSG00000050748,MAPK9,ENSMUSG00000020366,Mapk9,ortholog_one2one,1
ENSG00000110427,KIAA1549L,ENSMUSG00000068373,D430041D05Rik,ortholog_one2one,1
ENSG00000131409,LRRC4B,ENSMUSG00000047085,Lrrc4b,ortholog_one2one,1
ENSG00000077454,LRCH4,ENSMUSG00000093445,Lrch4,ortholog_one2one,1
ENSG00000155980,KIF5A,ENSMUSG00000074657,Kif5a,ortholog_one2one,1
ENSG00000169223,LMAN2,ENSMUSG00000021484,Lman2,ortholog_one2one,1
ENSG00000146006,LRRTM2,ENSMUSG00000071862,Lrrtm2,ortholog_one2one,1
ENSG00000104892,KLC3,ENSMUSG00000040714,Klc3,ortholog_one2one,1
ENSG00000124831,LRRFIP1,ENSMUSG00000026305,Lrrfip1,ortholog_one2one,0
ENSG00000137269,LRRC1,ENSMUSG00000032352,Lrrc1,ortholog_one2one,1
ENSG00000174106,LEMD3,ENSMUSG00000048661,Lemd3,ortholog_one2one,1
ENSG00000232859,LYRM9,ENSMUSG00000072640,Lyrm9,ortholog_one2one,1
ENSG00000100441,KHNYN,ENSMUSG00000047153,Khnyn,ortholog_one2one,1
ENSG00000178502,KLHL11,ENSMUSG00000048732,Klhl11,ortholog_one2one,1
ENSG00000196859,KRT39,ENSMUSG00000064165,Krt39,ortholog_one2one,1
ENSG00000178177,LCORL,ENSMUSG00000015882,Lcorl,ortholog_one2one,1
ENSG00000171403,KRT9,ENSMUSG00000051617,Krt9,ortholog_one2one,1
ENSG00000111716,LDHB,ENSMUSG00000030246,Ldhb,ortholog_one2one,1
ENSG00000085511,MAP3K4,ENSMUSG00000014426,Map3k4,ortholog_one2one,1
ENSG00000153902,LGI4,ENSMUSG00000036560,Lgi4,ortholog_one2one,1
ENSG00000011566,MAP4K3,ENSMUSG00000024242,Map4k3,ortholog_one2one,1
ENSG00000109466,KLHL2,ENSMUSG00000031605,Klhl2,ortholog_one2one,1
ENSG00000164627,KIF6,ENSMUSG00000023999,Kif6,ortholog_one2one,1
ENSG00000186847,KRT14,ENSMUSG00000045545,Krt14,ortholog_one2one,1
ENSG00000196569,LAMA2,ENSMUSG00000019899,Lama2,ortholog_one2one,1
ENSG00000176619,LMNB2,ENSMUSG00000062075,Lmnb2,ortholog_one2one,1
ENSG00000176809,LRRC37A3,ENSMUSG00000078632,Lrrc37a,ortholog_many2many,0
ENSG00000176809,LRRC37A3,ENSMUSG00000034239,Lrrc37,ortholog_many2many,0
ENSG00000137177,KIF13A,ENSMUSG00000021375,Kif13a,ortholog_one2one,1
ENSG00000109339,MAPK10,ENSMUSG00000046709,Mapk10,ortholog_one2one,1
ENSG00000139292,LGR5,ENSMUSG00000020140,Lgr5,ortholog_one2one,1
ENSG00000172731,LRRC20,ENSMUSG00000037151,Lrrc20,ortholog_one2one,1
ENSG00000156564,LRFN2,ENSMUSG00000040490,Lrfn2,ortholog_one2one,1
ENSG00000130294,KIF1A,ENSMUSG00000014602,Kif1a,ortholog_one2one,1
ENSG00000142687,KIAA0319L,ENSMUSG00000028830,AU040320,ortholog_one2one,1
ENSG00000025800,KPNA6,ENSMUSG00000003731,Kpna6,ortholog_one2one,1
ENSG00000108984,MAP2K6,ENSMUSG00000020623,Map2k6,ortholog_one2one,1
ENSG00000146021,KLHL3,ENSMUSG00000014164,Klhl3,ortholog_one2one,1
ENSG00000002549,LAP3,ENSMUSG00000039682,Lap3,ortholog_one2one,1
ENSG00000111144,LTA4H,ENSMUSG00000015889,Lta4h,ortholog_one2one,1
ENSG00000130332,LSM7,ENSMUSG00000035215,Lsm7,ortholog_one2one,1
ENSG00000171401,KRT13,,,,NA
ENSG00000090382,LYZ,ENSMUSG00000069516,Lyz2,ortholog_one2many,1
ENSG00000090382,LYZ,ENSMUSG00000069515,Lyz1,ortholog_one2many,1
ENSG00000113648,MACROH2A1,ENSMUSG00000015937,Macroh2a1,ortholog_one2one,1
ENSG00000144749,LRIG1,ENSMUSG00000030029,Lrig1,ortholog_one2one,1
ENSG00000145220,LYAR,ENSMUSG00000067367,Lyar,ortholog_one2one,1
ENSG00000185909,KLHDC8B,ENSMUSG00000032609,Klhdc8b,ortholog_one2one,1
ENSG00000073803,MAP3K13,ENSMUSG00000033618,Map3k13,ortholog_one2one,1
ENSG00000153012,LGI2,ENSMUSG00000039252,Lgi2,ortholog_one2one,1
ENSG00000155506,LARP1,ENSMUSG00000037331,Larp1,ortholog_one2one,1
ENSG00000163155,LYSMD1,ENSMUSG00000053769,Lysmd1,ortholog_one2one,1
ENSG00000113441,LNPEP,ENSMUSG00000023845,Lnpep,ortholog_one2one,1
ENSG00000065559,MAP2K4,ENSMUSG00000033352,Map2k4,ortholog_one2one,1
ENSG00000119862,LGALSL,ENSMUSG00000042363,Lgalsl,ortholog_one2many,1
ENSG00000119862,LGALSL,ENSMUSG00000048398,Lgalsl2,ortholog_one2many,0
ENSG00000131711,MAP1B,ENSMUSG00000052727,Map1b,ortholog_one2one,1
ENSG00000153395,LPCAT1,ENSMUSG00000021608,Lpcat1,ortholog_one2one,1
ENSG00000050426,LETMD1,ENSMUSG00000037353,Letmd1,ortholog_one2one,1
ENSG00000172037,LAMB2,ENSMUSG00000052911,Lamb2,ortholog_one2one,1
ENSG00000113594,LIFR,ENSMUSG00000054263,Lifr,ortholog_one2one,1
ENSG00000133067,LGR6,ENSMUSG00000042793,Lgr6,ortholog_one2one,1
ENSG00000187242,KRT12,ENSMUSG00000020912,Krt12,ortholog_one2one,1
ENSG00000169756,LIMS1,ENSMUSG00000019920,Lims1,ortholog_one2many,1
ENSG00000162981,LRATD1,ENSMUSG00000020607,Lratd1,ortholog_one2one,1
ENSG00000121653,MAPK8IP1,ENSMUSG00000027223,Mapk8ip1,ortholog_one2one,1
ENSG00000129911,KLF16,ENSMUSG00000035397,Klf16,ortholog_one2one,1
ENSG00000115365,LANCL1,ENSMUSG00000026000,Lancl1,ortholog_one2one,1
ENSG00000071054,MAP4K4,ENSMUSG00000026074,Map4k4,ortholog_one2one,1
ENSG00000093167,LRRFIP2,ENSMUSG00000032497,Lrrfip2,ortholog_one2one,1
ENSG00000135480,KRT7,ENSMUSG00000023039,Krt7,ortholog_one2one,1
ENSG00000002822,MAD1L1,ENSMUSG00000029554,Mad1l1,ortholog_one2one,1
ENSG00000163431,LMOD1,ENSMUSG00000048096,Lmod1,ortholog_one2one,1
ENSG00000111684,LPCAT3,ENSMUSG00000004270,Lpcat3,ortholog_one2one,1
ENSG00000005483,KMT2E,ENSMUSG00000029004,Kmt2e,ortholog_one2one,1
ENSG00000204381,LAYN,ENSMUSG00000060594,Layn,ortholog_one2one,1
ENSG00000116871,MAP7D1,ENSMUSG00000028849,Map7d1,ortholog_one2one,1
ENSG00000133706,LARS1,ENSMUSG00000024493,Lars1,ortholog_one2one,1
ENSG00000170500,LONRF2,ENSMUSG00000048814,Lonrf2,ortholog_one2one,1
ENSG00000034152,MAP2K3,ENSMUSG00000018932,Map2k3,ortholog_one2one,1
ENSG00000134313,KIDINS220,ENSMUSG00000036333,Kidins220,ortholog_one2one,1
ENSG00000167548,KMT2D,ENSMUSG00000048154,Kmt2d,ortholog_one2one,1
ENSG00000128607,KLHDC10,ENSMUSG00000029775,Klhdc10,ortholog_one2one,1
ENSG00000139625,MAP3K12,ENSMUSG00000023050,Map3k12,ortholog_one2one,1
ENSG00000171357,LURAP1,ENSMUSG00000028701,Lurap1,ortholog_one2one,1
ENSG00000183775,KCTD16,ENSMUSG00000051401,Kctd16,ortholog_one2one,1
ENSG00000087448,KLHL42,ENSMUSG00000040102,Klhl42,ortholog_one2one,1
ENSG00000213424,KRT222,ENSMUSG00000035849,Krt222,ortholog_one2one,1
ENSG00000182329,KIAA2012,ENSMUSG00000047361,Gm973,ortholog_one2one,1
ENSG00000186185,KIF18B,ENSMUSG00000051378,Kif18b,ortholog_one2one,1
ENSG00000168961,LGALS9,,,,NA
ENSG00000168280,KIF5C,ENSMUSG00000026764,Kif5c,ortholog_one2one,1
ENSG00000176601,MAP3K19,ENSMUSG00000051590,Map3k19,ortholog_one2one,1
ENSG00000135413,LACRT,,,,NA
ENSG00000108848,LUC7L3,ENSMUSG00000020863,Luc7l3,ortholog_one2one,1
ENSG00000166484,MAPK7,ENSMUSG00000001034,Mapk7,ortholog_one2one,1
ENSG00000139116,KIF21A,ENSMUSG00000022629,Kif21a,ortholog_one2one,1
ENSG00000118961,LDAH,ENSMUSG00000037669,Ldah,ortholog_one2one,1
ENSG00000169683,LRRC45,ENSMUSG00000025145,Lrrc45,ortholog_one2one,1
ENSG00000180901,KCTD2,ENSMUSG00000016940,Kctd2,ortholog_one2one,1
ENSG00000110031,LPXN,ENSMUSG00000024696,Lpxn,ortholog_one2one,1
ENSG00000141068,KSR1,ENSMUSG00000018334,Ksr1,ortholog_one2one,1
ENSG00000186001,LRCH3,ENSMUSG00000022801,Lrch3,ortholog_one2one,1
ENSG00000168067,MAP4K2,ENSMUSG00000024948,Map4k2,ortholog_one2one,1
ENSG00000186395,KRT10,ENSMUSG00000019761,Krt10,ortholog_one2one,1
ENSG00000171431,KRT20,ENSMUSG00000035775,Krt20,ortholog_one2one,1
ENSG00000148948,LRRC4C,ENSMUSG00000050587,Lrrc4c,ortholog_one2one,1
ENSG00000116586,LAMTOR2,ENSMUSG00000028062,Lamtor2,ortholog_one2one,1
ENSG00000004487,KDM1A,ENSMUSG00000036940,Kdm1a,ortholog_one2one,1
ENSG00000143603,KCNN3,ENSMUSG00000000794,Kcnn3,ortholog_one2one,1
ENSG00000047849,MAP4,ENSMUSG00000032479,Map4,ortholog_one2one,1
ENSG00000173120,KDM2A,ENSMUSG00000054611,Kdm2a,ortholog_one2one,1
ENSG00000163818,LZTFL1,ENSMUSG00000025245,Lztfl1,ortholog_one2one,1
ENSG00000176204,LRRTM4,ENSMUSG00000052581,Lrrtm4,ortholog_one2one,1
ENSG00000127603,MACF1,ENSMUSG00000028649,Macf1,ortholog_one2one,1
ENSG00000168702,LRP1B,ENSMUSG00000049252,Lrp1b,ortholog_one2one,1
ENSG00000142733,MAP3K6,ENSMUSG00000028862,Map3k6,ortholog_one2one,1
ENSG00000012223,LTF,ENSMUSG00000032496,Ltf,ortholog_one2one,1
ENSG00000144320,LNPK,ENSMUSG00000009207,Lnpk,ortholog_one2one,1
ENSG00000204178,MACO1,ENSMUSG00000028826,Maco1,ortholog_one2one,1
ENSG00000116977,LGALS8,ENSMUSG00000057554,Lgals8,ortholog_one2one,1
ENSG00000134324,LPIN1,ENSMUSG00000020593,Lpin1,ortholog_one2one,1
ENSG00000143815,LBR,ENSMUSG00000004880,Lbr,ortholog_one2one,1
ENSG00000088727,KIF9,ENSMUSG00000032489,Kif9,ortholog_one2one,1
ENSG00000081479,LRP2,ENSMUSG00000027070,Lrp2,ortholog_one2one,1
ENSG00000075945,KIFAP3,ENSMUSG00000026585,Kifap3,ortholog_one2one,1
ENSG00000171492,LRRC8D,ENSMUSG00000046079,Lrrc8d,ortholog_one2one,1
ENSG00000162755,KLHDC9,ENSMUSG00000045259,Klhdc9,ortholog_one2one,1
ENSG00000117013,KCNQ4,ENSMUSG00000028631,Kcnq4,ortholog_one2one,1
ENSG00000162441,LZIC,ENSMUSG00000028990,Lzic,ortholog_one2one,1
ENSG00000162687,KCNT2,ENSMUSG00000052726,Kcnt2,ortholog_one2one,1
ENSG00000123684,LPGAT1,ENSMUSG00000026623,Lpgat1,ortholog_one2one,1
ENSG00000143013,LMO4,ENSMUSG00000028266,Lmo4,ortholog_one2one,1
ENSG00000138095,LRPPRC,ENSMUSG00000024120,Lrpprc,ortholog_one2one,1
ENSG00000081026,MAGI3,ENSMUSG00000052539,Magi3,ortholog_one2one,1
ENSG00000078018,MAP2,ENSMUSG00000015222,Map2,ortholog_one2one,1
ENSG00000143669,LYST,ENSMUSG00000019726,Lyst,ortholog_one2one,1
ENSG00000122477,LRRC39,ENSMUSG00000027961,Lrrc39,ortholog_one2one,1
ENSG00000137944,KYAT3,ENSMUSG00000040213,Kyat3,ortholog_one2one,1
ENSG00000162951,LRRTM1,ENSMUSG00000060780,Lrrtm1,ortholog_one2one,1
ENSG00000136636,KCTD3,ENSMUSG00000026608,Kctd3,ortholog_one2one,1
ENSG00000134248,LAMTOR5,ENSMUSG00000087260,Lamtor5,ortholog_one2one,1
ENSG00000091436,MAP3K20,ENSMUSG00000004085,Map3k20,ortholog_one2one,1
ENSG00000117245,KIF17,ENSMUSG00000028758,Kif17,ortholog_one2one,1
ENSG00000142945,KIF2C,ENSMUSG00000028678,Kif2c,ortholog_one2one,1
ENSG00000033122,LRRC7,ENSMUSG00000028176,Lrrc7,ortholog_one2one,1
ENSG00000198162,MAN1A2,ENSMUSG00000008763,Man1a2,ortholog_one2one,1
ENSG00000011009,LYPLA2,ENSMUSG00000028670,Lypla2,ortholog_one2one,1
ENSG00000116852,KIF21B,ENSMUSG00000041642,Kif21b,ortholog_one2one,1
ENSG00000162849,KIF26B,ENSMUSG00000026494,Kif26b,ortholog_one2one,1
ENSG00000118193,KIF14,ENSMUSG00000041498,Kif14,ortholog_one2one,1
ENSG00000171488,LRRC8C,ENSMUSG00000054720,Lrrc8c,ortholog_one2one,1
ENSG00000117139,KDM5B,ENSMUSG00000042207,Kdm5b,ortholog_one2one,1
ENSG00000143353,LYPLAL1,ENSMUSG00000039246,Lyplal1,ortholog_one2one,1
ENSG00000162385,MAGOH,ENSMUSG00000028609,Magoh,ortholog_one2one,1
ENSG00000135862,LAMC1,ENSMUSG00000026478,Lamc1,ortholog_one2one,1
ENSG00000121774,KHDRBS1,ENSMUSG00000028790,Khdrbs1,ortholog_one2one,1
ENSG00000197147,LRRC8B,ENSMUSG00000070639,Lrrc8b,ortholog_one2one,1
ENSG00000169641,LUZP1,ENSMUSG00000001089,Luzp1,ortholog_one2one,1
ENSG00000160789,LMNA,ENSMUSG00000028063,Lmna,ortholog_one2one,1
ENSG00000196878,LAMB3,ENSMUSG00000026639,Lamb3,ortholog_one2one,1
ENSG00000198888,MT-ND1,ENSMUSG00000064341,mt-Nd1,ortholog_one2one,1
ENSG00000198763,MT-ND2,ENSMUSG00000064345,mt-Nd2,ortholog_one2one,1
ENSG00000198804,MT-CO1,ENSMUSG00000064351,mt-Co1,ortholog_one2one,1
ENSG00000198712,MT-CO2,ENSMUSG00000064354,mt-Co2,ortholog_one2one,1
ENSG00000198899,MT-ATP6,ENSMUSG00000064357,mt-Atp6,ortholog_one2one,1
ENSG00000198840,MT-ND3,ENSMUSG00000064360,mt-Nd3,ortholog_one2one,1
ENSG00000198886,MT-ND4,ENSMUSG00000064363,mt-Nd4,ortholog_one2one,1
ENSG00000198786,MT-ND5,ENSMUSG00000064367,mt-Nd5,ortholog_one2one,1
ENSG00000198727,MT-CYB,ENSMUSG00000064370,mt-Cytb,ortholog_one2one,1
ENSG00000288213,MCRIP1,,,,NA
ENSG00000291442,MOB2,,,,NA
ENSG00000285200,MDP1,,,,NA
ENSG00000285121,MTCH2,,,,NA
ENSG00000291738,MUC16,,,,NA
ENSG00000283018,MRPS12,,,,NA
ENSG00000288141,MRPL23,,,,NA
ENSG00000291835,MYG1,,,,NA
ENSG00000285250,MSRA,,,,NA
ENSG00000285032,MTMR9,,,,NA
ENSG00000285022,MFHAS1,,,,NA
ENSG00000273562,NAP1L4,,,,NA
ENSG00000278466,MUC2,,,,NA
ENSG00000278545,MARCHF8,,,,NA
ENSG00000285516,NAALAD2,,,,NA
ENSG00000277086,MTMR10,,,,NA
ENSG00000278268,MOAP1,,,,NA
ENSG00000276155,MAPT,,,,NA
ENSG00000124217,MOCS3,ENSMUSG00000074576,Mocs3,ortholog_one2one,1
ENSG00000101752,MIB1,ENSMUSG00000024294,Mib1,ortholog_one2one,1
ENSG00000168502,MTCL1,ENSMUSG00000052105,Mtcl1,ortholog_one2one,1
ENSG00000277936,MRPL45,,,,NA
ENSG00000186310,NAP1L3,ENSMUSG00000055733,Nap1l3,ortholog_one2one,1
ENSG00000277140,MARF1,,,,NA
ENSG00000276480,MYH11,,,,NA
ENSG00000139793,MBNL2,ENSMUSG00000022139,Mbnl2,ortholog_one2one,1
ENSG00000005810,MYCBP2,ENSMUSG00000033004,Mycbp2,ortholog_one2one,1
ENSG00000277956,MAPT,,,,NA
ENSG00000278322,MBOAT7,,,,NA
ENSG00000284495,MIEF2,,,,NA
ENSG00000186462,NAP1L2,ENSMUSG00000082229,Nap1l2,ortholog_one2one,1
ENSG00000278519,MBOAT7,,,,NA
ENSG00000276935,MBOAT7,,,,NA
ENSG00000277923,MBOAT7,,,,NA
ENSG00000282092,MED16,,,,NA
ENSG00000274194,MBOAT7,,,,NA
ENSG00000122033,MTIF3,ENSMUSG00000016510,Mtif3,ortholog_one2one,1
ENSG00000125901,MRPS26,ENSMUSG00000037740,Mrps26,ortholog_one2one,1
ENSG00000100345,MYH9,ENSMUSG00000022443,Myh9,ortholog_one2one,1
ENSG00000197971,MBP,ENSMUSG00000041607,Mbp,ortholog_one2one,1
ENSG00000277025,MBOAT7,,,,NA
ENSG00000102452,NALCN,ENSMUSG00000000197,Nalcn,ortholog_one2one,1
ENSG00000275118,MBOAT7,,,,NA
ENSG00000277733,MBOAT7,,,,NA
ENSG00000243156,MICAL3,ENSMUSG00000051586,Mical3,ortholog_one2one,1
ENSG00000136146,MED4,ENSMUSG00000022109,Med4,ortholog_one2one,1
ENSG00000276701,MIF,,,,NA
ENSG00000169446,MMGT1,ENSMUSG00000061273,Mmgt1,ortholog_one2one,1
ENSG00000292119,MZT2B,,,,NA
ENSG00000132938,MTUS2,ENSMUSG00000029651,Mtus2,ortholog_one2one,1
ENSG00000120662,MTRF1,ENSMUSG00000022022,Mtrf1,ortholog_one2one,1
ENSG00000273592,MBOAT7,,,,NA
ENSG00000118680,MYL12B,ENSMUSG00000034868,Myl12b,ortholog_one2one,1
ENSG00000139597,N4BP2L1,ENSMUSG00000041132,N4bp2l1,ortholog_one2one,1
ENSG00000243927,MRPS6,ENSMUSG00000039680,Mrps6,ortholog_one2one,1
ENSG00000082212,ME2,ENSMUSG00000024556,Me2,ortholog_one2one,1
ENSG00000063601,MTMR1,ENSMUSG00000015214,Mtmr1,ortholog_one2one,1
ENSG00000078814,MYH7B,ENSMUSG00000074652,Myh7b,ortholog_one2one,1
ENSG00000027001,MIPEP,ENSMUSG00000021993,Mipep,ortholog_one2one,1
ENSG00000281742,MCCC2,,,,NA
ENSG00000133020,MYH8,ENSMUSG00000055775,Myh8,ortholog_one2one,1
ENSG00000264424,MYH4,,,,NA
ENSG00000101871,MID1,ENSMUSG00000035299,Mid1,ortholog_one2one,1
ENSG00000177432,NAP1L5,ENSMUSG00000055430,Nap1l5,ortholog_one2one,1
ENSG00000275723,NAPEPLD,,,,NA
ENSG00000173141,MRPL57,ENSMUSG00000021967,Mrpl57,ortholog_one2one,1
ENSG00000005381,MPO,ENSMUSG00000009350,Mpo,ortholog_one2one,1
ENSG00000234096,MOG,,,,NA
ENSG00000275300,MCCC2,,,,NA
ENSG00000278563,MGAM2,,,,NA
ENSG00000282607,MGAM,,,,NA
ENSG00000205592,MUC19,ENSMUSG00000118670,Muc19,ortholog_one2one,0
ENSG00000198788,MUC2,,,,NA
ENSG00000174527,MYO1H,ENSMUSG00000066952,Myo1h,ortholog_one2one,1
ENSG00000227420,MRPS18B,,,,NA
ENSG00000172172,MRPL13,ENSMUSG00000022370,Mrpl13,ortholog_one2one,1
ENSG00000278488,NAPRT,,,,NA
ENSG00000172766,NAA16,ENSMUSG00000022020,Naa16,ortholog_one2one,1
ENSG00000240972,MIF,ENSMUSG00000033307,Mif,ortholog_one2one,1
ENSG00000133422,MORC2,ENSMUSG00000034543,Morc2a,ortholog_one2many,1
ENSG00000133422,MORC2,ENSMUSG00000048602,Morc2b,ortholog_one2many,0
ENSG00000274137,MYOM2,,,,NA
ENSG00000134265,NAPG,ENSMUSG00000024581,Napg,ortholog_one2one,1
ENSG00000157601,MX1,ENSMUSG00000000386,Mx1,ortholog_one2many,0
ENSG00000157601,MX1,ENSMUSG00000023341,Mx2,ortholog_one2many,1
ENSG00000233813,MRPS18B,,,,NA
ENSG00000232308,MUCL3,,,,NA
ENSG00000154719,MRPL39,ENSMUSG00000022889,Mrpl39,ortholog_one2one,1
ENSG00000237834,MOG,,,,NA
ENSG00000234623,MOG,,,,NA
ENSG00000160294,MCM3AP,ENSMUSG00000001150,Mcm3ap,ortholog_one2one,1
ENSG00000100139,MICALL1,ENSMUSG00000033039,Micall1,ortholog_one2one,1
ENSG00000139505,MTMR6,ENSMUSG00000021987,Mtmr6,ortholog_one2one,1
ENSG00000106780,MEGF9,ENSMUSG00000039270,Megf9,ortholog_one2one,1
ENSG00000126217,MCF2L,ENSMUSG00000031442,Mcf2l,ortholog_one2one,1
ENSG00000293532,MUC2,,,,NA
ENSG00000088888,MAVS,ENSMUSG00000037523,Mavs,ortholog_one2one,0
ENSG00000128923,MINDY2,ENSMUSG00000042444,Mindy2,ortholog_one2one,1
ENSG00000183617,MRPL54,ENSMUSG00000034932,Mrpl54,ortholog_one2one,1
ENSG00000172167,MTBP,ENSMUSG00000022369,Mtbp,ortholog_one2one,1
ENSG00000168631,MUCL3,ENSMUSG00000073408,Mucl3,ortholog_one2one,0
ENSG00000232119,MCTS1,ENSMUSG00000000355,Mcts1,ortholog_one2one,1
ENSG00000041515,MYO16,ENSMUSG00000039057,Myo16,ortholog_one2one,1
ENSG00000247626,MARS2,ENSMUSG00000046994,Mars2,ortholog_one2one,1
ENSG00000232251,MUCL3,,,,NA
ENSG00000102738,MRPS31,ENSMUSG00000031533,Mrps31,ortholog_one2one,1
ENSG00000166974,MAPRE2,ENSMUSG00000024277,Mapre2,ortholog_one2one,1
ENSG00000128309,MPST,ENSMUSG00000071711,Mpst,ortholog_one2one,1
ENSG00000101306,MYLK2,ENSMUSG00000027470,Mylk2,ortholog_one2one,1
ENSG00000232641,MOG,,,,NA
ENSG00000259494,MRPL46,ENSMUSG00000030612,Mrpl46,ortholog_one2one,1
ENSG00000229861,MRPS18B,,,,NA
ENSG00000102858,MGRN1,ENSMUSG00000022517,Mgrn1,ortholog_one2one,1
ENSG00000230885,MOG,,,,NA
ENSG00000181991,MRPS11,ENSMUSG00000030611,Mrps11,ortholog_one2one,1
ENSG00000257232,MUCL3,,,,NA
ENSG00000293560,MYH16,,,,NA
ENSG00000203624,MRPS18B,,,,NA
ENSG00000236561,MOG,,,,NA
ENSG00000137345,MOG,,,,NA
ENSG00000226111,MRPS18B,,,,NA
ENSG00000065328,MCM10,ENSMUSG00000026669,Mcm10,ortholog_one2one,1
ENSG00000174197,MGA,ENSMUSG00000033943,Mga,ortholog_one2one,1
ENSG00000065833,ME1,ENSMUSG00000032418,Me1,ortholog_one2one,1
ENSG00000013364,MVP,ENSMUSG00000030681,Mvp,ortholog_one2one,1
ENSG00000223775,MRPS18B,,,,NA
ENSG00000125505,MBOAT7,ENSMUSG00000035596,Mboat7,ortholog_one2one,1
ENSG00000077616,NAALAD2,ENSMUSG00000043943,Naalad2,ortholog_one2one,1
ENSG00000167306,MYO5B,ENSMUSG00000025885,Myo5b,ortholog_one2one,1
ENSG00000145416,MARCHF1,ENSMUSG00000036469,Marchf1,ortholog_one2one,1
ENSG00000009950,MLXIPL,ENSMUSG00000005373,Mlxipl,ortholog_one2one,1
ENSG00000110921,MVK,ENSMUSG00000041939,Mvk,ortholog_one2one,1
ENSG00000167965,MLST8,ENSMUSG00000024142,Mlst8,ortholog_one2one,1
ENSG00000134440,NARS1,ENSMUSG00000024587,Nars1,ortholog_one2one,1
ENSG00000169057,MECP2,ENSMUSG00000031393,Mecp2,ortholog_one2one,1
ENSG00000229284,MUCL3,,,,NA
ENSG00000007264,MATK,ENSMUSG00000004933,Matk,ortholog_one2one,1
ENSG00000048544,MRPS10,ENSMUSG00000034729,Mrps10,ortholog_one2one,1
ENSG00000146085,MMUT,ENSMUSG00000023921,Mmut,ortholog_one2one,1
ENSG00000101977,MCF2,ENSMUSG00000031139,Mcf2,ortholog_one2one,1
ENSG00000140795,MYLK3,ENSMUSG00000031698,Mylk3,ortholog_one2one,1
ENSG00000160808,MYL3,ENSMUSG00000059741,Myl3,ortholog_one2one,1
ENSG00000148824,MTG1,ENSMUSG00000039018,Mtg1,ortholog_one2one,1
ENSG00000142347,MYO1F,ENSMUSG00000024300,Myo1f,ortholog_one2one,1
ENSG00000104177,MYEF2,ENSMUSG00000027201,Myef2,ortholog_one2many,1
ENSG00000104177,MYEF2,ENSMUSG00000049230,Myef2l,ortholog_one2many,0
ENSG00000100335,MIEF1,ENSMUSG00000022412,Mief1,ortholog_one2one,1
ENSG00000133454,MYO18B,ENSMUSG00000072720,Myo18b,ortholog_one2one,1
ENSG00000146147,MLIP,ENSMUSG00000032355,Mlip,ortholog_one2one,1
ENSG00000125814,NAPB,ENSMUSG00000027438,Napb,ortholog_one2one,1
ENSG00000179832,MROH1,ENSMUSG00000022558,Mroh1,ortholog_one2one,1
ENSG00000117899,MESD,ENSMUSG00000038503,Mesd,ortholog_one2one,1
ENSG00000078177,N4BP2,ENSMUSG00000037795,N4bp2,ortholog_one2one,1
ENSG00000130830,MPP1,ENSMUSG00000031402,Mpp1,ortholog_one2one,1
ENSG00000105364,MRPL4,ENSMUSG00000003299,Mrpl4,ortholog_one2one,1
ENSG00000214026,MRPL23,ENSMUSG00000037772,Mrpl23,ortholog_one2many,1
ENSG00000198125,MB,ENSMUSG00000018893,Mb,ortholog_one2one,1
ENSG00000151611,MMAA,ENSMUSG00000037022,Mmaa,ortholog_one2one,1
ENSG00000101181,MTG2,ENSMUSG00000039069,Mtg2,ortholog_one2one,1
ENSG00000148773,MKI67,ENSMUSG00000031004,Mki67,ortholog_one2one,0
ENSG00000130349,MTRES1,ENSMUSG00000019797,Mtres1,ortholog_one2one,1
ENSG00000175806,MSRA,ENSMUSG00000054733,Msra,ortholog_one2one,1
ENSG00000197535,MYO5A,ENSMUSG00000034593,Myo5a,ortholog_one2one,1
ENSG00000101367,MAPRE1,ENSMUSG00000027479,Mapre1,ortholog_one2one,1
ENSG00000100427,MLC1,ENSMUSG00000035805,Mlc1,ortholog_one2one,1
ENSG00000166912,MTMR10,ENSMUSG00000030522,Mtmr10,ortholog_one2one,1
ENSG00000062582,MRPS24,ENSMUSG00000020477,Mrps24,ortholog_one2one,1
ENSG00000133816,MICAL2,ENSMUSG00000038244,Mical2,ortholog_one2one,1
ENSG00000107745,MICU1,ENSMUSG00000020111,Micu1,ortholog_one2one,1
ENSG00000003987,MTMR7,ENSMUSG00000039431,Mtmr7,ortholog_one2one,1
ENSG00000178053,MLF1,ENSMUSG00000048416,Mlf1,ortholog_one2one,1
ENSG00000100330,MTMR3,ENSMUSG00000034354,Mtmr3,ortholog_one2one,1
ENSG00000133131,MORC4,ENSMUSG00000031434,Morc4,ortholog_one2one,1
ENSG00000135297,MTO1,ENSMUSG00000032342,Mto1,ortholog_one2one,1
ENSG00000164134,NAA15,ENSMUSG00000063273,Naa15,ortholog_one2one,1
ENSG00000074842,MYDGF,ENSMUSG00000019579,Mydgf,ortholog_one2one,1
ENSG00000136274,NACAD,ENSMUSG00000041073,Nacad,ortholog_one2one,1
ENSG00000120539,MASTL,ENSMUSG00000026779,Mastl,ortholog_one2one,1
ENSG00000105402,NAPA,ENSMUSG00000006024,Napa,ortholog_one2one,1
ENSG00000066933,MYO9A,ENSMUSG00000039585,Myo9a,ortholog_one2one,1
ENSG00000147065,MSN,ENSMUSG00000031207,Msn,ortholog_one2one,1
ENSG00000166482,MFAP4,ENSMUSG00000042436,Mfap4,ortholog_one2one,1
ENSG00000182154,MRPL41,ENSMUSG00000036850,Mrpl41,ortholog_one2one,1
ENSG00000170873,MTSS1,ENSMUSG00000022353,Mtss1,ortholog_one2one,1
ENSG00000171861,MRM3,ENSMUSG00000038046,Mrm3,ortholog_one2one,1
ENSG00000225663,MCRIP1,ENSMUSG00000061111,Mcrip1,ortholog_one2one,1
ENSG00000074071,MRPS34,ENSMUSG00000038880,Mrps34,ortholog_one2one,1
ENSG00000164077,MON1A,ENSMUSG00000032583,Mon1a,ortholog_one2one,1
ENSG00000147813,NAPRT,ENSMUSG00000022574,Naprt,ortholog_one2one,1
ENSG00000103111,MON1B,ENSMUSG00000078908,Mon1b,ortholog_one2one,1
ENSG00000243477,NAA80,ENSMUSG00000079334,Naa80,ortholog_one2one,1
ENSG00000196588,MRTFA,ENSMUSG00000042292,Mrtfa,ortholog_one2one,1
ENSG00000133026,MYH10,ENSMUSG00000020900,Myh10,ortholog_one2one,1
ENSG00000185697,MYBL1,ENSMUSG00000025912,Mybl1,ortholog_one2one,1
ENSG00000129422,MTUS1,ENSMUSG00000045636,Mtus1,ortholog_one2one,1
ENSG00000140563,MCTP2,ENSMUSG00000032776,Mctp2,ortholog_one2one,1
ENSG00000101335,MYL9,ENSMUSG00000067818,Myl9,ortholog_one2one,1
ENSG00000155229,MMS19,ENSMUSG00000025159,Mms19,ortholog_one2one,1
ENSG00000171495,MROH2B,ENSMUSG00000022155,Mroh2b,ortholog_one2one,1
ENSG00000213347,MXD3,ENSMUSG00000021485,Mxd3,ortholog_one2one,1
ENSG00000137802,MAPKBP1,ENSMUSG00000033902,Mapkbp1,ortholog_one2one,1
ENSG00000132613,MTSS2,ENSMUSG00000033763,Mtss2,ortholog_one2one,1
ENSG00000090971,NAT14,ENSMUSG00000035285,Nat14,ortholog_one2one,1
ENSG00000167889,MGAT5B,ENSMUSG00000043857,Mgat5b,ortholog_one2one,1
ENSG00000137409,MTCH1,ENSMUSG00000024012,Mtch1,ortholog_one2one,1
ENSG00000080561,MID2,ENSMUSG00000000266,Mid2,ortholog_one2one,1
ENSG00000060762,MPC1,ENSMUSG00000023861,Mpc1,ortholog_one2one,0
ENSG00000163319,MRPS18C,ENSMUSG00000016833,Mrps18c,ortholog_one2one,1
ENSG00000125863,MKKS,ENSMUSG00000027274,Mkks,ortholog_one2one,1
ENSG00000078403,MLLT10,ENSMUSG00000026743,Mllt10,ortholog_one2one,1
ENSG00000257335,MGAM,ENSMUSG00000068587,Mgam,ortholog_one2one,1
ENSG00000101825,MXRA5,,,,NA
ENSG00000124615,MOCS1,ENSMUSG00000064120,Mocs1,ortholog_one2one,1
ENSG00000185608,MRPL40,ENSMUSG00000022706,Mrpl40,ortholog_one2one,1
ENSG00000111554,MDM1,ENSMUSG00000020212,Mdm1,ortholog_one2one,1
ENSG00000158186,MRAS,ENSMUSG00000032470,Mras,ortholog_one2one,1
ENSG00000128833,MYO5C,ENSMUSG00000033590,Myo5c,ortholog_one2one,1
ENSG00000100294,MCAT,ENSMUSG00000048755,Mcat,ortholog_one2one,1
ENSG00000130150,MOSPD2,ENSMUSG00000061778,Mospd2,ortholog_one2one,1
ENSG00000165943,MOAP1,ENSMUSG00000096458,Moap1,ortholog_one2one,1
ENSG00000262814,MRPL12,ENSMUSG00000039640,Mrpl12,ortholog_one2one,1
ENSG00000163719,MTMR14,ENSMUSG00000030269,Mtmr14,ortholog_one2one,1
ENSG00000179820,MYADM,ENSMUSG00000068566,Myadm,ortholog_one2one,1
ENSG00000108826,MRPL27,ENSMUSG00000024414,Mrpl27,ortholog_one2one,1
ENSG00000204568,MRPS18B,ENSMUSG00000024436,Mrps18b,ortholog_one2one,1
ENSG00000159111,MRPL10,ENSMUSG00000001445,Mrpl10,ortholog_one2one,1
ENSG00000096080,MRPS18A,ENSMUSG00000023967,Mrps18a,ortholog_one2one,1
ENSG00000130731,METTL26,ENSMUSG00000025731,Mettl26,ortholog_one2one,1
ENSG00000166783,MARF1,ENSMUSG00000060657,Marf1,ortholog_one2one,1
ENSG00000092841,MYL6,ENSMUSG00000090841,Myl6,ortholog_one2one,1
ENSG00000138722,MMRN1,ENSMUSG00000054641,Mmrn1,ortholog_one2one,1
ENSG00000111639,MRPL51,ENSMUSG00000030335,Mrpl51,ortholog_one2one,1
ENSG00000171160,MORN4,ENSMUSG00000049670,Morn4,ortholog_one2one,1
ENSG00000164976,MYORG,ENSMUSG00000046312,Myorg,ortholog_one2one,1
ENSG00000086504,MRPL28,ENSMUSG00000024181,Mrpl28,ortholog_one2one,1
ENSG00000107186,MPDZ,ENSMUSG00000028402,Mpdz,ortholog_one2one,1
ENSG00000205301,MGAT4D,ENSMUSG00000035057,Mgat4d,ortholog_one2one,1
ENSG00000144821,MYH15,ENSMUSG00000092009,Myh15,ortholog_one2one,1
ENSG00000165406,MARCHF8,ENSMUSG00000025702,Marchf8,ortholog_one2one,1
ENSG00000155970,MICU3,ENSMUSG00000039478,Micu3,ortholog_one2one,1
ENSG00000102030,NAA10,ENSMUSG00000031388,Naa10,ortholog_one2one,1
ENSG00000170430,MGMT,ENSMUSG00000054612,Mgmt,ortholog_one2one,1
ENSG00000167508,MVD,ENSMUSG00000006517,Mvd,ortholog_one2one,1
ENSG00000030304,MUSK,ENSMUSG00000057280,Musk,ortholog_one2one,1
ENSG00000204316,MRPL38,ENSMUSG00000020775,Mrpl38,ortholog_one2one,1
ENSG00000103150,MLYCD,ENSMUSG00000074064,Mlycd,ortholog_one2one,1
ENSG00000213920,MDP1,,,,NA
ENSG00000057468,MSH4,ENSMUSG00000005493,Msh4,ortholog_one2one,1
ENSG00000204655,MOG,ENSMUSG00000076439,Mog,ortholog_one2one,1
ENSG00000135040,NAA35,ENSMUSG00000021555,Naa35,ortholog_one2one,1
ENSG00000171100,MTM1,ENSMUSG00000031337,Mtm1,ortholog_one2one,1
ENSG00000171109,MFN1,ENSMUSG00000027668,Mfn1,ortholog_one2one,1
ENSG00000103152,MPG,ENSMUSG00000020287,Mpg,ortholog_one2one,1
ENSG00000162510,MATN1,ENSMUSG00000040533,Matn1,ortholog_one2one,1
ENSG00000165175,MID1IP1,ENSMUSG00000008035,Mid1ip1,ortholog_one2one,1
ENSG00000184634,MED12,ENSMUSG00000079487,Med12,ortholog_one2one,1
ENSG00000108788,MLX,ENSMUSG00000017801,Mlx,ortholog_one2one,1
ENSG00000180992,MRPL14,ENSMUSG00000023939,Mrpl14,ortholog_one2one,1
ENSG00000101928,MOSPD1,ENSMUSG00000023074,Mospd1,ortholog_one2one,1
ENSG00000179455,MKRN3,ENSMUSG00000070527,Mkrn3,ortholog_one2one,1
ENSG00000112282,MED23,ENSMUSG00000019984,Med23,ortholog_one2one,1
ENSG00000151332,MBIP,ENSMUSG00000021028,Mbip,ortholog_one2one,1
ENSG00000157483,MYO1E,ENSMUSG00000032220,Myo1e,ortholog_one2one,1
ENSG00000014641,MDH1,ENSMUSG00000020321,Mdh1,ortholog_one2one,1
ENSG00000113048,MRPS27,ENSMUSG00000041632,Mrps27,ortholog_one2one,1
ENSG00000146701,MDH2,ENSMUSG00000019179,Mdh2,ortholog_one2one,1
ENSG00000188895,MSL1,ENSMUSG00000052915,Msl1,ortholog_one2one,1
ENSG00000177427,MIEF2,ENSMUSG00000018599,Mief2,ortholog_one2one,1
ENSG00000139977,NAA30,ENSMUSG00000036282,Naa30,ortholog_one2one,1
ENSG00000104973,MED25,ENSMUSG00000002968,Med25,ortholog_one2one,1
ENSG00000111142,METAP2,ENSMUSG00000036112,Metap2,ortholog_one2one,1
ENSG00000053524,MCF2L2,,,,NA
ENSG00000198060,MARCHF5,ENSMUSG00000023307,Marchf5,ortholog_one2one,1
ENSG00000105835,NAMPT,ENSMUSG00000020572,Nampt,ortholog_one2one,1
ENSG00000147586,MRPS28,ENSMUSG00000040269,Mrps28,ortholog_one2one,1
ENSG00000152601,MBNL1,ENSMUSG00000027763,Mbnl1,ortholog_one2one,1
ENSG00000090263,MRPS33,ENSMUSG00000029918,Mrps33,ortholog_one2one,1
ENSG00000131368,MRPS25,ENSMUSG00000014551,Mrps25,ortholog_one2one,1
ENSG00000178802,MPI,ENSMUSG00000032306,Mpi,ortholog_one2one,1
ENSG00000145794,MEGF10,ENSMUSG00000024593,Megf10,ortholog_one2one,1
ENSG00000036448,MYOM2,ENSMUSG00000031461,Myom2,ortholog_one2one,1
ENSG00000277443,MARCKS,ENSMUSG00000069662,Marcks,ortholog_one2one,1
ENSG00000147649,MTDH,ENSMUSG00000022255,Mtdh,ortholog_one2one,1
ENSG00000137547,MRPL15,ENSMUSG00000033845,Mrpl15,ortholog_one2one,1
ENSG00000182979,MTA1,ENSMUSG00000021144,Mta1,ortholog_one2one,1
ENSG00000104643,MTMR9,ENSMUSG00000035078,Mtmr9,ortholog_one2one,1
ENSG00000099308,MAST3,ENSMUSG00000031833,Mast3,ortholog_one2one,1
ENSG00000257743,MGAM2,ENSMUSG00000102802,Mgam2-ps,ortholog_one2one,1
ENSG00000113318,MSH3,ENSMUSG00000014850,Msh3,ortholog_one2one,1
ENSG00000148343,MIGA2,ENSMUSG00000026858,Miga2,ortholog_one2one,1
ENSG00000140950,MEAK7,ENSMUSG00000034105,Meak7,ortholog_one2one,1
ENSG00000124370,MCEE,ENSMUSG00000033429,Mcee,ortholog_one2one,1
ENSG00000127989,MTERF1,ENSMUSG00000053178,Mterf1b,ortholog_one2many,1
ENSG00000127989,MTERF1,ENSMUSG00000040429,Mterf1a,ortholog_one2many,0
ENSG00000156469,MTERF3,ENSMUSG00000021519,Mterf3,ortholog_one2one,1
ENSG00000006788,MYH13,ENSMUSG00000060180,Myh13,ortholog_one2one,1
ENSG00000103707,MTFMT,ENSMUSG00000059183,Mtfmt,ortholog_one2one,1
ENSG00000186868,MAPT,ENSMUSG00000018411,Mapt,ortholog_one2one,1
ENSG00000153944,MSI2,ENSMUSG00000069769,Msi2,ortholog_one2one,1
ENSG00000089693,MLF2,ENSMUSG00000030120,Mlf2,ortholog_one2one,1
ENSG00000065534,MYLK,ENSMUSG00000022836,Mylk,ortholog_one2one,1
ENSG00000139915,MDGA2,ENSMUSG00000034912,Mdga2,ortholog_one2one,1
ENSG00000105613,MAST1,ENSMUSG00000053693,Mast1,ortholog_one2one,1
ENSG00000136286,MYO1G,ENSMUSG00000020437,Myo1g,ortholog_one2one,1
ENSG00000174917,MICOS13,ENSMUSG00000049760,Micos13,ortholog_one2one,1
ENSG00000120162,MOB3B,ENSMUSG00000073910,Mob3b,ortholog_one2one,1
ENSG00000092054,MYH7,ENSMUSG00000053093,Myh7,ortholog_one2one,1
ENSG00000159593,NAE1,ENSMUSG00000031878,Nae1,ortholog_one2one,1
ENSG00000167862,MRPL58,ENSMUSG00000018858,Mrpl58,ortholog_one2one,1
ENSG00000122140,MRPS2,ENSMUSG00000035772,Mrps2,ortholog_one2one,1
ENSG00000185414,MRPL30,ENSMUSG00000026087,Mrpl30,ortholog_one2one,1
ENSG00000181610,MRPS23,ENSMUSG00000023723,Mrps23,ortholog_one2one,1
ENSG00000128585,MKLN1,ENSMUSG00000025609,Mkln1,ortholog_one2one,1
ENSG00000149792,MRPL49,ENSMUSG00000007338,Mrpl49,ortholog_one2one,1
ENSG00000105887,MTPN,ENSMUSG00000029840,Mtpn,ortholog_one2one,1
ENSG00000147324,MFHAS1,ENSMUSG00000070056,Mfhas1,ortholog_one2one,1
ENSG00000111245,MYL2,ENSMUSG00000013936,Myl2,ortholog_one2one,1
ENSG00000198015,MRPL42,ENSMUSG00000062981,Mrpl42,ortholog_one2one,1
ENSG00000099331,MYO9B,ENSMUSG00000004677,Myo9b,ortholog_one2one,1
ENSG00000161048,NAPEPLD,ENSMUSG00000044968,Napepld,ortholog_one2one,1
ENSG00000170011,MYRIP,ENSMUSG00000041794,Myrip,ortholog_one2one,1
ENSG00000135372,NAT10,ENSMUSG00000027185,Nat10,ortholog_one2one,1
ENSG00000108389,MTMR4,ENSMUSG00000018401,Mtmr4,ortholog_one2one,1
ENSG00000078070,MCCC1,ENSMUSG00000027709,Mccc1,ortholog_one2one,1
ENSG00000181143,MUC16,ENSMUSG00000109564,Muc16,ortholog_one2one,0
ENSG00000164654,MIOS,ENSMUSG00000042447,Mios,ortholog_one2one,1
ENSG00000135097,MSI1,ENSMUSG00000054256,Msi1,ortholog_one2one,1
ENSG00000165304,MELK,ENSMUSG00000035683,Melk,ortholog_one2one,1
ENSG00000072518,MARK2,ENSMUSG00000024969,Mark2,ortholog_one2one,1
ENSG00000185787,MORF4L1,ENSMUSG00000062270,Morf4l1,ortholog_one2one,1
ENSG00000061987,MON2,ENSMUSG00000034602,Mon2,ortholog_one2one,1
ENSG00000137474,MYO7A,ENSMUSG00000030761,Myo7a,ortholog_one2one,1
ENSG00000176658,MYO1D,ENSMUSG00000035441,Myo1d,ortholog_one2one,1
ENSG00000124532,MRS2,ENSMUSG00000021339,Mrs2,ortholog_one2one,1
ENSG00000175130,MARCKSL1,ENSMUSG00000047945,Marcksl1,ortholog_one2one,1
ENSG00000112031,MTRF1L,ENSMUSG00000019774,Mtrf1l,ortholog_one2one,1
ENSG00000140545,MFGE8,ENSMUSG00000030605,Mfge8,ortholog_one2one,1
ENSG00000169288,MRPL1,ENSMUSG00000029486,Mrpl1,ortholog_one2one,1
ENSG00000008516,MMP25,ENSMUSG00000023903,Mmp25,ortholog_one2one,1
ENSG00000095380,NANS,ENSMUSG00000028334,Nans,ortholog_one2one,1
ENSG00000075413,MARK3,ENSMUSG00000007411,Mark3,ortholog_one2one,1
ENSG00000166866,MYO1A,ENSMUSG00000025401,Myo1a,ortholog_one2one,1
ENSG00000005059,MCUB,ENSMUSG00000027994,Mcub,ortholog_one2one,1
ENSG00000105976,MET,ENSMUSG00000009376,Met,ortholog_one2one,1
ENSG00000148187,MRRF,ENSMUSG00000026887,Mrrf,ortholog_one2one,1
ENSG00000175221,MED16,ENSMUSG00000013833,Med16,ortholog_one2one,1
ENSG00000176055,MBLAC2,ENSMUSG00000051098,Mblac2,ortholog_one2one,1
ENSG00000112139,MDGA1,ENSMUSG00000043557,Mdga1,ortholog_one2one,1
ENSG00000213190,MLLT11,ENSMUSG00000053192,Mllt11,ortholog_one2one,1
ENSG00000157227,MMP14,ENSMUSG00000000957,Mmp14,ortholog_one2one,1
ENSG00000180488,MIGA1,ENSMUSG00000054942,Miga1,ortholog_one2one,1
ENSG00000138119,MYOF,ENSMUSG00000048612,Myof,ortholog_one2one,1
ENSG00000109063,MYH3,ENSMUSG00000020908,Myh3,ortholog_one2one,1
ENSG00000133030,MPRIP,ENSMUSG00000005417,Mprip,ortholog_one2one,1
ENSG00000120254,MTHFD1L,ENSMUSG00000040675,Mthfd1l,ortholog_one2one,1
ENSG00000186260,MRTFB,ENSMUSG00000009569,Mrtfb,ortholog_one2one,1
ENSG00000164877,MICALL2,ENSMUSG00000036718,Micall2,ortholog_one2one,1
ENSG00000124920,MYRF,ENSMUSG00000036098,Myrf,ortholog_one2one,1
ENSG00000135596,MICAL1,ENSMUSG00000019823,Mical1,ortholog_one2one,1
ENSG00000163738,MTHFD2L,ENSMUSG00000029376,Mthfd2l,ortholog_one2one,1
ENSG00000168314,MOBP,ENSMUSG00000032517,Mobp,ortholog_one2one,1
ENSG00000182208,MOB2,ENSMUSG00000025147,Mob2,ortholog_one2one,1
ENSG00000038274,MAT2B,ENSMUSG00000042032,Mat2b,ortholog_one2one,1
ENSG00000196549,MME,ENSMUSG00000027820,Mme,ortholog_one2one,1
ENSG00000084764,MAPRE3,ENSMUSG00000029166,Mapre3,ortholog_one2one,1
ENSG00000011143,MKS1,ENSMUSG00000034121,Mks1,ortholog_one2one,1
ENSG00000139428,MMAB,ENSMUSG00000029575,Mmab,ortholog_one2one,1
ENSG00000069020,MAST4,ENSMUSG00000034751,Mast4,ortholog_one2one,1
ENSG00000061794,MRPS35,ENSMUSG00000040112,Mrps35,ortholog_one2one,1
ENSG00000197879,MYO1C,ENSMUSG00000017774,Myo1c,ortholog_one2one,1
ENSG00000168530,MYL1,ENSMUSG00000061816,Myl1,ortholog_one2one,1
ENSG00000150712,MTMR12,ENSMUSG00000039458,Mtmr12,ortholog_one2one,1
ENSG00000196814,MVB12B,ENSMUSG00000038740,Mvb12b,ortholog_one2one,1
ENSG00000107951,MTPAP,ENSMUSG00000024234,Mtpap,ortholog_one2one,1
ENSG00000055950,MRPL43,ENSMUSG00000025208,Mrpl43,ortholog_one2one,1
ENSG00000114487,MORC1,ENSMUSG00000022652,Morc1,ortholog_one2one,1
ENSG00000172081,MOB3A,ENSMUSG00000003348,Mob3a,ortholog_one2one,1
ENSG00000196586,MYO6,ENSMUSG00000033577,Myo6,ortholog_one2one,1
ENSG00000138379,MSTN,ENSMUSG00000026100,Mstn,ortholog_one2one,1
ENSG00000128626,MRPS12,ENSMUSG00000045948,Mrps12,ortholog_one2one,1
ENSG00000198948,MFAP3L,ENSMUSG00000031647,Mfap3l,ortholog_one2one,1
ENSG00000136449,MYCBPAP,ENSMUSG00000039110,Mycbpap,ortholog_one2one,1
ENSG00000132382,MYBBP1A,ENSMUSG00000040463,Mybbp1a,ortholog_one2one,1
ENSG00000133392,MYH11,ENSMUSG00000018830,Myh11,ortholog_one2one,1
ENSG00000196091,MYBPC1,ENSMUSG00000020061,Mybpc1,ortholog_one2one,1
ENSG00000196535,MYO18A,ENSMUSG00000000631,Myo18a,ortholog_one2one,1
ENSG00000136897,MRPL50,ENSMUSG00000044018,Mrpl50,ortholog_one2one,1
ENSG00000152620,NADK2,ENSMUSG00000022253,Nadk2,ortholog_one2one,1
ENSG00000278845,MRPL45,ENSMUSG00000018882,Mrpl45,ortholog_one2one,1
ENSG00000175471,MCTP1,ENSMUSG00000021596,Mctp1,ortholog_one2one,1
ENSG00000141741,MIEN1,ENSMUSG00000002580,Mien1,ortholog_one2one,1
ENSG00000099326,MZF1,ENSMUSG00000030380,Mzf1,ortholog_one2one,1
ENSG00000197771,MCMBP,ENSMUSG00000048170,Mcmbp,ortholog_one2one,1
ENSG00000082515,MRPL22,ENSMUSG00000020514,Mrpl22,ortholog_one2one,0
ENSG00000161647,MPP3,ENSMUSG00000052373,Mpp3,ortholog_one2one,1
ENSG00000085274,MYNN,ENSMUSG00000037730,Mynn,ortholog_one2one,1
ENSG00000168404,MLKL,ENSMUSG00000012519,Mlkl,ortholog_one2one,1
ENSG00000166987,MBD6,ENSMUSG00000025409,Mbd6,ortholog_one2one,1
ENSG00000146263,MMS22L,ENSMUSG00000045751,Mms22l,ortholog_one2one,1
ENSG00000124275,MTRR,ENSMUSG00000034617,Mtrr,ortholog_one2one,1
ENSG00000144893,MED12L,ENSMUSG00000056476,Med12l,ortholog_one2one,1
ENSG00000186205,MTARC1,ENSMUSG00000026621,Mtarc1,ortholog_one2one,1
ENSG00000165792,METTL17,ENSMUSG00000004561,Mettl17,ortholog_one2one,1
ENSG00000135972,MRPS9,ENSMUSG00000060679,Mrps9,ortholog_one2one,1
ENSG00000162959,MEMO1,ENSMUSG00000058704,Memo1,ortholog_one2one,1
ENSG00000105429,MEGF8,ENSMUSG00000045039,Megf8,ortholog_one2one,1
ENSG00000133606,MKRN1,ENSMUSG00000029922,Mkrn1,ortholog_one2one,1
ENSG00000185818,NAT8L,ENSMUSG00000048142,Nat8l,ortholog_one2one,1
ENSG00000079931,MOXD1,ENSMUSG00000020000,Moxd1,ortholog_one2one,1
ENSG00000075975,MKRN2,ENSMUSG00000000439,Mkrn2,ortholog_one2one,1
ENSG00000145911,N4BP3,ENSMUSG00000001053,N4bp3,ortholog_one2one,1
ENSG00000197345,MRPL21,ENSMUSG00000024829,Mrpl21,ortholog_one2one,1
ENSG00000141971,MVB12A,ENSMUSG00000031813,Mvb12a,ortholog_one2one,1
ENSG00000105357,MYH14,ENSMUSG00000030739,Myh14,ortholog_one2one,1
ENSG00000145414,NAF1,ENSMUSG00000014907,Naf1,ortholog_one2one,1
ENSG00000125445,MRPS7,ENSMUSG00000046756,Mrps7,ortholog_one2one,1
ENSG00000182180,MRPS16,ENSMUSG00000049960,Mrps16,ortholog_one2one,1
ENSG00000102921,N4BP1,ENSMUSG00000031652,N4bp1,ortholog_one2one,1
ENSG00000167011,NAT16,,,,NA
ENSG00000015479,MATR3,ENSMUSG00000037236,Matr3,ortholog_one2one,1
ENSG00000112651,MRPL2,ENSMUSG00000002767,Mrpl2,ortholog_one2one,1
ENSG00000106330,MOSPD3,ENSMUSG00000037221,Mospd3,ortholog_one2one,1
ENSG00000166902,MRPL16,ENSMUSG00000024683,Mrpl16,ortholog_one2one,1
ENSG00000144029,MRPS5,ENSMUSG00000027374,Mrps5,ortholog_one2one,1
ENSG00000150527,MIA2,ENSMUSG00000021000,Mia2,ortholog_one2many,1
ENSG00000156026,MCU,ENSMUSG00000009647,Mcu,ortholog_one2one,1
ENSG00000112159,MDN1,ENSMUSG00000058006,Mdn1,ortholog_one2one,1
ENSG00000139637,MYG1,ENSMUSG00000001285,Myg1,ortholog_one2one,1
ENSG00000158042,MRPL17,ENSMUSG00000030879,Mrpl17,ortholog_one2one,1
ENSG00000272573,MUSTN1,ENSMUSG00000042485,Mustn1,ortholog_one2one,1
ENSG00000091536,MYO15A,ENSMUSG00000042678,Myo15a,ortholog_one2one,1
ENSG00000164024,METAP1,ENSMUSG00000005813,Metap1,ortholog_one2one,1
ENSG00000120729,MYOT,ENSMUSG00000024471,Myot,ortholog_one2one,1
ENSG00000150054,MPP7,ENSMUSG00000057440,Mpp7,ortholog_one2one,1
ENSG00000143158,MPC2,ENSMUSG00000026568,Mpc2,ortholog_one2one,1
ENSG00000106125,MINDY4,ENSMUSG00000038022,Mindy4,ortholog_one2one,1
ENSG00000112110,MRPL18,ENSMUSG00000057388,Mrpl18,ortholog_one2one,1
ENSG00000037757,MRI1,ENSMUSG00000004996,Mri1,ortholog_one2one,1
ENSG00000100714,MTHFD1,ENSMUSG00000021048,Mthfd1,ortholog_one2one,1
ENSG00000145555,MYO10,ENSMUSG00000022272,Myo10,ortholog_one2one,1
ENSG00000173542,MOB1B,ENSMUSG00000006262,Mob1b,ortholog_one2one,1
ENSG00000141503,MINK1,ENSMUSG00000020827,Mink1,ortholog_one2one,1
ENSG00000007047,MARK4,ENSMUSG00000030397,Mark4,ortholog_one2one,1
ENSG00000110917,MLEC,ENSMUSG00000048578,Mlec,ortholog_one2one,1
ENSG00000052802,MSMO1,ENSMUSG00000031604,Msmo1,ortholog_one2one,1
ENSG00000180354,MTURN,ENSMUSG00000038065,Mturn,ortholog_one2one,1
ENSG00000074416,MGLL,ENSMUSG00000033174,Mgll,ortholog_one2one,1
ENSG00000183011,NAA38,ENSMUSG00000059278,Naa38,ortholog_one2one,1
ENSG00000112996,MRPS30,ENSMUSG00000021731,Mrps30,ortholog_one2one,1
ENSG00000151376,ME3,ENSMUSG00000030621,Me3,ortholog_one2one,1
ENSG00000177034,MTX3,ENSMUSG00000021704,Mtx3,ortholog_one2one,1
ENSG00000039123,MTREX,ENSMUSG00000016018,Mtrex,ortholog_one2one,1
ENSG00000037749,MFAP3,ENSMUSG00000020522,Mfap3,ortholog_one2one,1
ENSG00000087053,MTMR2,ENSMUSG00000031918,Mtmr2,ortholog_one2one,1
ENSG00000171444,MCC,ENSMUSG00000071856,Mcc,ortholog_one2one,1
ENSG00000131844,MCCC2,ENSMUSG00000021646,Mccc2,ortholog_one2one,1
ENSG00000076706,MCAM,ENSMUSG00000032135,Mcam,ortholog_one2one,1
ENSG00000106484,MEST,ENSMUSG00000051855,Mest,ortholog_one2one,1
ENSG00000243147,MRPL33,,,,NA
ENSG00000168906,MAT2A,ENSMUSG00000053907,Mat2a,ortholog_one2one,1
ENSG00000164172,MOCS2,ENSMUSG00000015536,Mocs2,ortholog_one2one,1
ENSG00000196465,MYL6B,ENSMUSG00000039824,Myl6b,ortholog_one2one,1
ENSG00000129255,MPDU1,ENSMUSG00000018761,Mpdu1,ortholog_one2one,1
ENSG00000115204,MPV17,ENSMUSG00000107283,Mpv17,ortholog_one2one,1
ENSG00000142961,MOB3C,ENSMUSG00000028709,Mob3c,ortholog_one2one,1
ENSG00000182534,MXRA7,,,,NA
ENSG00000174547,MRPL11,ENSMUSG00000024902,Mrpl11,ortholog_one2one,1
ENSG00000125457,MIF4GD,ENSMUSG00000020743,Mif4gd,ortholog_one2one,1
ENSG00000175110,MRPS22,ENSMUSG00000032459,Mrps22,ortholog_one2one,1
ENSG00000125414,MYH2,,,,NA
ENSG00000137513,NARS2,ENSMUSG00000018995,Nars2,ortholog_one2one,1
ENSG00000166986,MARS1,ENSMUSG00000040354,Mars1,ortholog_one2one,1
ENSG00000187109,NAP1L1,ENSMUSG00000058799,Nap1l1,ortholog_one2one,1
ENSG00000120832,MTERF2,ENSMUSG00000049038,Mterf2,ortholog_one2one,1
ENSG00000180611,MB21D2,ENSMUSG00000051065,Mb21d2,ortholog_one2one,1
ENSG00000172935,MRGPRF,ENSMUSG00000031070,Mrgprf,ortholog_one2one,1
ENSG00000169519,METTL15,ENSMUSG00000057234,Mettl15,ortholog_one2one,1
ENSG00000175581,MRPL48,ENSMUSG00000030706,Mrpl48,ortholog_one2one,1
ENSG00000128654,MTX2,ENSMUSG00000027099,Mtx2,ortholog_one2one,1
ENSG00000089022,MAPKAPK5,ENSMUSG00000029454,Mapkapk5,ortholog_one2one,1
ENSG00000020922,MRE11,ENSMUSG00000031928,Mre11a,ortholog_one2one,1
ENSG00000196531,NACA,ENSMUSG00000061315,Naca,ortholog_one2one,0
ENSG00000121579,NAA50,ENSMUSG00000022698,Naa50,ortholog_one2one,1
ENSG00000008394,MGST1,ENSMUSG00000008540,Mgst1,ortholog_one2one,1
ENSG00000205531,NAP1L4,ENSMUSG00000059119,Nap1l4,ortholog_one2one,1
ENSG00000114686,MRPL3,ENSMUSG00000032563,Mrpl3,ortholog_one2one,1
ENSG00000135900,MRPL44,ENSMUSG00000026248,Mrpl44,ortholog_one2one,1
ENSG00000109919,MTCH2,ENSMUSG00000027282,Mtch2,ortholog_one2one,1
ENSG00000034971,MYOC,ENSMUSG00000026697,Myoc,ortholog_one2one,1
ENSG00000204822,MRPL53,ENSMUSG00000030037,Mrpl53,ortholog_one2one,1
ENSG00000128641,MYO1B,ENSMUSG00000018417,Myo1b,ortholog_one2one,1
ENSG00000153208,MERTK,ENSMUSG00000014361,Mertk,ortholog_one2one,1
ENSG00000143409,MINDY1,ENSMUSG00000038712,Mindy1,ortholog_one2one,1
ENSG00000085760,MTIF2,ENSMUSG00000020459,Mtif2,ortholog_one2one,1
ENSG00000136522,MRPL47,ENSMUSG00000037531,Mrpl47,ortholog_one2one,1
ENSG00000114738,MAPKAPK3,ENSMUSG00000032577,Mapkapk3,ortholog_one2one,1
ENSG00000115364,MRPL19,ENSMUSG00000030045,Mrpl19,ortholog_one2one,1
ENSG00000095002,MSH2,ENSMUSG00000024151,Msh2,ortholog_one2one,1
ENSG00000163975,MELTF,ENSMUSG00000022780,Meltf,ortholog_one2one,1
ENSG00000164078,MST1R,ENSMUSG00000032584,Mst1r,ortholog_one2one,1
ENSG00000204406,MBD5,ENSMUSG00000036792,Mbd5,ortholog_one2one,1
ENSG00000177000,MTHFR,ENSMUSG00000029009,Mthfr,ortholog_one2one,1
ENSG00000168958,MFF,ENSMUSG00000026150,Mff,ortholog_one2one,1
ENSG00000143314,MRPL24,ENSMUSG00000019710,Mrpl24,ortholog_one2one,1
ENSG00000009724,MASP2,ENSMUSG00000028979,Masp2,ortholog_one2one,1
ENSG00000154305,MIA3,ENSMUSG00000056050,Mia3,ortholog_one2one,1
ENSG00000079277,MKNK1,ENSMUSG00000028708,Mknk1,ortholog_one2one,1
ENSG00000158887,MPZ,ENSMUSG00000056569,Mpz,ortholog_one2one,1
ENSG00000185038,MROH2A,ENSMUSG00000079429,Mroh2a,ortholog_one2one,1
ENSG00000116688,MFN2,ENSMUSG00000029020,Mfn2,ortholog_one2one,1
ENSG00000115275,MOGS,ENSMUSG00000030036,Mogs,ortholog_one2one,1
ENSG00000090432,MUL1,ENSMUSG00000041241,Mul1,ortholog_one2one,1
ENSG00000132313,MRPL35,ENSMUSG00000052962,Mrpl35,ortholog_one2one,1
ENSG00000163563,MNDA,ENSMUSG00000090272,Mndal,ortholog_one2many,0
ENSG00000163563,MNDA,ENSMUSG00000026536,Ifi211,ortholog_one2many,0
ENSG00000163563,MNDA,ENSMUSG00000054203,Ifi205,ortholog_one2many,0
ENSG00000116141,MARK1,ENSMUSG00000026620,Mark1,ortholog_one2one,1
ENSG00000143797,MBOAT2,ENSMUSG00000020646,Mboat2,ortholog_one2one,1
ENSG00000162910,MRPL55,ENSMUSG00000036860,Mrpl55,ortholog_one2one,1
ENSG00000152082,MZT2B,ENSMUSG00000022671,Mzt2,ortholog_one2many,0
ENSG00000242485,MRPL20,ENSMUSG00000029066,Mrpl20,ortholog_one2one,1
ENSG00000116984,MTR,ENSMUSG00000021311,Mtr,ortholog_one2one,1
ENSG00000122085,MTERF4,ENSMUSG00000026273,Mterf4,ortholog_one2one,1
ENSG00000125459,MSTO1,ENSMUSG00000068922,Msto1,ortholog_one2one,1
ENSG00000124357,NAGK,ENSMUSG00000034744,Nagk,ortholog_one2one,1
ENSG00000189409,MMP23B,ENSMUSG00000029061,Mmp23,ortholog_one2one,1
ENSG00000162889,MAPKAPK2,ENSMUSG00000016528,Mapkapk2,ortholog_one2one,1
ENSG00000115540,MOB4,ENSMUSG00000025979,Mob4,ortholog_one2one,1
ENSG00000197530,MIB2,ENSMUSG00000029060,Mib2,ortholog_one2one,1
ENSG00000120333,MRPS14,ENSMUSG00000058267,Mrps14,ortholog_one2one,1
ENSG00000086015,MAST2,ENSMUSG00000003810,Mast2,ortholog_one2one,1
ENSG00000151690,MFSD6,ENSMUSG00000041439,Mfsd6,ortholog_one2one,1
ENSG00000198793,MTOR,ENSMUSG00000028991,Mtor,ortholog_one2one,1
ENSG00000143033,MTF2,ENSMUSG00000029267,Mtf2,ortholog_one2one,1
ENSG00000053372,MRTO4,ENSMUSG00000028741,Mrto4,ortholog_one2one,1
ENSG00000116221,MRPL37,ENSMUSG00000028622,Mrpl37,ortholog_one2one,1
ENSG00000266472,MRPS21,ENSMUSG00000054312,Mrps21,ortholog_one2one,1
ENSG00000116898,MRPS15,ENSMUSG00000028861,Mrps15,ortholog_one2one,1
ENSG00000143198,MGST3,ENSMUSG00000026688,Mgst3,ortholog_one2one,1
ENSG00000116353,MECR,ENSMUSG00000028910,Mecr,ortholog_one2one,1
ENSG00000173171,MTX1,ENSMUSG00000064068,Mtx1,ortholog_one2one,1
ENSG00000132780,NASP,ENSMUSG00000028693,Nasp,ortholog_one2one,1
ENSG00000117640,MTFR1L,ENSMUSG00000046671,Mtfr1l,ortholog_one2one,1
ENSG00000117791,MTARC2,ENSMUSG00000073481,Mtarc2,ortholog_one2one,1
ENSG00000143436,MRPL9,ENSMUSG00000028140,Mrpl9,ortholog_one2one,1
ENSG00000134369,NAV1,ENSMUSG00000009418,Nav1,ortholog_one2one,1
ENSG00000291350,OGN,,,,NA
ENSG00000291347,NOL8,,,,NA
ENSG00000291380,NECAP2,,,,NA
ENSG00000291387,PADI2,,,,NA
ENSG00000288301,NEURL4,,,,NA
ENSG00000283859,NLGN2,,,,NA
ENSG00000285246,NEDD8,,,,NA
ENSG00000285326,NOP9,,,,NA
ENSG00000291720,OMG,,,,NA
ENSG00000288478,NIPA1,,,,NA
ENSG00000288364,NDN,,,,NA
ENSG00000292244,NKRF,,,,NA
ENSG00000282905,NFKBIB,,,,NA
ENSG00000291930,NDUFB10,,,,NA
ENSG00000083635,NUFIP1,ENSMUSG00000022009,Nufip1,ortholog_one2one,1
ENSG00000102699,PARP4,ENSMUSG00000054509,Parp4,ortholog_one2one,1
ENSG00000136159,NUDT15,ENSMUSG00000033405,Nudt15,ortholog_one2one,1
ENSG00000278174,NSF,,,,NA
ENSG00000291987,NUTM1,,,,NA
ENSG00000172915,NBEA,ENSMUSG00000027799,Nbea,ortholog_one2one,1
ENSG00000186288,PABPC1L2A,ENSMUSG00000084842,Pabpc1l2b,ortholog_many2many,0
ENSG00000186288,PABPC1L2A,ENSMUSG00000086524,Pabpc1l2a,ortholog_many2many,1
ENSG00000274779,NOMO1,,,,NA
ENSG00000275911,NDE1,,,,NA
ENSG00000278087,NOMO3,,,,NA
ENSG00000141458,NPC1,ENSMUSG00000024413,Npc1,ortholog_one2one,1
ENSG00000274684,NMRAL1,,,,NA
ENSG00000213995,NAXD,ENSMUSG00000031505,Naxd,ortholog_one2one,1
ENSG00000276262,NSF,,,,NA
ENSG00000049759,NEDD4L,ENSMUSG00000024589,Nedd4l,ortholog_one2one,1
ENSG00000276220,NDUFA3,,,,NA
ENSG00000100266,PACSIN2,ENSMUSG00000016664,Pacsin2,ortholog_one2one,1
ENSG00000275796,NLRP2,,,,NA
ENSG00000274638,NLRP2,,,,NA
ENSG00000276766,NDUFA3,,,,NA
ENSG00000274359,NDUFA3,,,,NA
ENSG00000152520,PAN3,ENSMUSG00000029647,Pan3,ortholog_one2one,1
ENSG00000215440,NPEPL1,ENSMUSG00000039263,Npepl1,ortholog_one2one,1
ENSG00000275724,NDUFA3,,,,NA
ENSG00000278789,NLRP2,,,,NA
ENSG00000182636,NDN,ENSMUSG00000033585,Ndn,ortholog_one2one,1
ENSG00000275082,NLRP2,,,,NA
ENSG00000277722,NDUFA3,,,,NA
ENSG00000292058,NDUFA11,,,,NA
ENSG00000131196,NFATC1,ENSMUSG00000033016,Nfatc1,ortholog_one2one,1
ENSG00000173679,OR1L1,,,,NA
ENSG00000178127,NDUFV2,ENSMUSG00000024099,Ndufv2,ortholog_one2one,1
ENSG00000273494,PANK4,,,,NA
ENSG00000278682,NLRP2,,,,NA
ENSG00000166342,NETO1,ENSMUSG00000050321,Neto1,ortholog_one2one,1
ENSG00000273992,NLRP2,,,,NA
ENSG00000276061,NDUFA3,,,,NA
ENSG00000244005,NFS1,ENSMUSG00000027618,Nfs1,ortholog_one2one,1
ENSG00000273642,NDUFA3,,,,NA
ENSG00000275843,NLRP2,,,,NA
ENSG00000275399,NLRP2,,,,NA
ENSG00000278365,NDUFA3,,,,NA
ENSG00000272765,NDUFA6,,,,NA
ENSG00000074771,NOX3,ENSMUSG00000023802,Nox3,ortholog_one2one,1
ENSG00000152193,OBI1,ENSMUSG00000022120,Obi1,ortholog_one2one,1
ENSG00000273397,NDUFA6,,,,NA
ENSG00000281013,NDUFA6,,,,NA
ENSG00000277365,NDUFA6,,,,NA
ENSG00000277926,NEU4,,,,NA
ENSG00000277060,NLRP2,,,,NA
ENSG00000275605,NDUFA3,,,,NA
ENSG00000141447,OSBPL1A,ENSMUSG00000044252,Osbpl1a,ortholog_one2one,1
ENSG00000283447,NDUFS1,,,,NA
ENSG00000170929,OR1M1,ENSMUSG00000054141,Or1m1,ortholog_one2one,1
ENSG00000073150,PANX2,ENSMUSG00000058441,Panx2,ortholog_one2one,1
ENSG00000101004,NINL,ENSMUSG00000068115,Ninl,ortholog_one2one,1
ENSG00000101247,NDUFAF5,ENSMUSG00000027384,Ndufaf5,ortholog_one2one,1
ENSG00000218823,PAPOLB,ENSMUSG00000074817,Papolb,ortholog_one2one,1
ENSG00000147140,NONO,ENSMUSG00000031311,Nono,ortholog_one2one,1
ENSG00000197168,NEK5,ENSMUSG00000037738,Nek5,ortholog_one2one,0
ENSG00000188677,PARVB,ENSMUSG00000022438,Parvb,ortholog_one2one,1
ENSG00000160194,NDUFV3,ENSMUSG00000024038,Ndufv3,ortholog_one2one,0
ENSG00000221890,NPTXR,ENSMUSG00000022421,Nptxr,ortholog_one2one,1
ENSG00000102471,NDFIP2,ENSMUSG00000053253,Ndfip2,ortholog_one2one,1
ENSG00000126861,OMG,ENSMUSG00000049612,Omg,ortholog_one2one,1
ENSG00000276920,NKD2,,,,NA
ENSG00000180530,NRIP1,ENSMUSG00000048490,Nrip1,ortholog_one2one,1
ENSG00000154654,NCAM2,ENSMUSG00000022762,Ncam2,ortholog_one2one,1
ENSG00000130703,OSBPL2,ENSMUSG00000039050,Osbpl2,ortholog_one2one,1
ENSG00000270170,NCBP2AS2,ENSMUSG00000107002,Ncbp2as2,ortholog_one2one,1
ENSG00000277586,NEFL,ENSMUSG00000022055,Nefl,ortholog_one2one,1
ENSG00000292192,NSDHL,,,,NA
ENSG00000119408,NEK6,ENSMUSG00000026749,Nek6,ortholog_one2one,1
ENSG00000104967,NOVA2,ENSMUSG00000030411,Nova2,ortholog_one2one,1
ENSG00000169860,P2RY1,ENSMUSG00000027765,P2ry1,ortholog_one2one,1
ENSG00000188566,NDOR1,ENSMUSG00000006471,Ndor1,ortholog_one2one,1
ENSG00000072864,NDE1,ENSMUSG00000022678,Nde1,ortholog_one2one,1
ENSG00000206268,NELFE,,,,NA
ENSG00000231044,NELFE,,,,NA
ENSG00000004779,NDUFAB1,ENSMUSG00000030869,Ndufab1,ortholog_one2one,1
ENSG00000095319,NUP188,ENSMUSG00000052533,Nup188,ortholog_one2one,1
ENSG00000288318,PALM3,,,,NA
ENSG00000136937,NCBP1,ENSMUSG00000028330,Ncbp1,ortholog_one2one,1
ENSG00000101104,PABPC1L,ENSMUSG00000054582,Pabpc1l,ortholog_one2one,1
ENSG00000125841,NRSN2,ENSMUSG00000059361,Nrsn2,ortholog_one2one,1
ENSG00000155100,OTUD6B,ENSMUSG00000040550,Otud6b,ortholog_one2one,1
ENSG00000099864,PALM,ENSMUSG00000035863,Palm,ortholog_one2one,1
ENSG00000086102,NFX1,ENSMUSG00000028423,Nfx1,ortholog_one2one,1
ENSG00000072736,NFATC3,ENSMUSG00000031902,Nfatc3,ortholog_one2one,1
ENSG00000141905,NFIC,ENSMUSG00000055053,Nfic,ortholog_one2one,1
ENSG00000182575,NXPH3,ENSMUSG00000046719,Nxph3,ortholog_one2one,1
ENSG00000167604,NFKBID,ENSMUSG00000036931,Nfkbid,ortholog_one2one,1
ENSG00000164164,OTUD4,ENSMUSG00000036990,Otud4,ortholog_one2one,1
ENSG00000175352,NRIP3,ENSMUSG00000034825,Nrip3,ortholog_one2one,1
ENSG00000065057,NTHL1,ENSMUSG00000041429,Nthl1,ortholog_one2one,1
ENSG00000196865,NHLRC2,ENSMUSG00000025078,Nhlrc2,ortholog_one2one,1
ENSG00000125779,PANK2,ENSMUSG00000037514,Pank2,ortholog_one2one,1
ENSG00000008441,NFIX,ENSMUSG00000001911,Nfix,ortholog_one2one,1
ENSG00000082556,OPRK1,ENSMUSG00000025905,Oprk1,ortholog_one2one,1
ENSG00000183715,OPCML,ENSMUSG00000062257,Opcml,ortholog_one2one,1
ENSG00000101349,PAK5,ENSMUSG00000039913,Pak5,ortholog_one2one,1
ENSG00000100285,NEFH,ENSMUSG00000020396,Nefh,ortholog_one2one,1
ENSG00000206357,NELFE,,,,NA
ENSG00000174740,PABPC5,ENSMUSG00000034732,Pabpc5,ortholog_one2one,1
ENSG00000149294,NCAM1,ENSMUSG00000039542,Ncam1,ortholog_one2one,1
ENSG00000229363,NELFE,,,,NA
ENSG00000197893,NRAP,ENSMUSG00000049134,Nrap,ortholog_one2one,1
ENSG00000233801,NELFE,,,,NA
ENSG00000151366,NDUFC2,ENSMUSG00000030647,Ndufc2,ortholog_one2one,1
ENSG00000106809,OGN,ENSMUSG00000021390,Ogn,ortholog_one2one,1
ENSG00000154814,OXNAD1,ENSMUSG00000021906,Oxnad1,ortholog_one2one,0
ENSG00000174886,NDUFA11,ENSMUSG00000002379,Ndufa11,ortholog_one2one,1
ENSG00000104419,NDRG1,ENSMUSG00000005125,Ndrg1,ortholog_one2one,1
ENSG00000174944,P2RY14,ENSMUSG00000036381,P2ry14,ortholog_one2one,1
ENSG00000114857,NKTR,ENSMUSG00000032525,Nktr,ortholog_one2one,1
ENSG00000125967,NECAB3,ENSMUSG00000027489,Necab3,ortholog_one2one,1
ENSG00000111581,NUP107,ENSMUSG00000052798,Nup107,ortholog_one2one,1
ENSG00000107954,NEURL1,ENSMUSG00000006435,Neurl1a,ortholog_one2one,1
ENSG00000130751,NPAS1,ENSMUSG00000001988,Npas1,ortholog_one2one,1
ENSG00000165271,NOL6,ENSMUSG00000028430,Nol6,ortholog_one2one,1
ENSG00000109320,NFKB1,ENSMUSG00000028163,Nfkb1,ortholog_one2one,1
ENSG00000101079,NDRG3,ENSMUSG00000027634,Ndrg3,ortholog_one2one,1
ENSG00000123545,NDUFAF4,ENSMUSG00000028261,Ndufaf4,ortholog_one2one,1
ENSG00000147162,OGT,ENSMUSG00000034160,Ogt,ortholog_one2one,1
ENSG00000122126,OCRL,ENSMUSG00000001173,Ocrl,ortholog_one2one,1
ENSG00000013374,NUB1,ENSMUSG00000028954,Nub1,ortholog_one2one,1
ENSG00000102981,PARD6A,ENSMUSG00000005699,Pard6a,ortholog_one2one,1
ENSG00000119900,OGFRL1,ENSMUSG00000026158,Ogfrl1,ortholog_one2one,1
ENSG00000147862,NFIB,ENSMUSG00000008575,Nfib,ortholog_one2one,1
ENSG00000075188,NUP37,ENSMUSG00000035351,Nup37,ortholog_one2one,1
ENSG00000135318,NT5E,ENSMUSG00000032420,Nt5e,ortholog_one2one,1
ENSG00000250741,NT5C1B-RDH14,,,,NA
ENSG00000124785,NRN1,ENSMUSG00000039114,Nrn1,ortholog_one2one,1
ENSG00000140990,NDUFB10,ENSMUSG00000040048,Ndufb10,ortholog_one2one,1
ENSG00000181019,NQO1,ENSMUSG00000003849,Nqo1,ortholog_one2one,1
ENSG00000113971,NPHP3,ENSMUSG00000032558,Nphp3,ortholog_one2one,1
ENSG00000065154,OAT,ENSMUSG00000030934,Oat,ortholog_one2one,1
ENSG00000152954,NRSN1,ENSMUSG00000048978,Nrsn1,ortholog_one2one,1
ENSG00000204131,NHSL2,ENSMUSG00000079481,Nhsl2,ortholog_one2one,1
ENSG00000198856,OSTC,ENSMUSG00000041084,Ostc,ortholog_one2one,0
ENSG00000076641,PAG1,ENSMUSG00000027508,Pag1,ortholog_one2one,1
ENSG00000151322,NPAS3,ENSMUSG00000021010,Npas3,ortholog_one2one,1
ENSG00000111641,NOP2,ENSMUSG00000038279,Nop2,ortholog_one2one,1
ENSG00000196338,NLGN3,ENSMUSG00000031302,Nlgn3,ortholog_one2one,1
ENSG00000196943,NOP9,ENSMUSG00000019297,Nop9,ortholog_one2one,1
ENSG00000130287,NCAN,ENSMUSG00000002341,Ncan,ortholog_one2one,1
ENSG00000184983,NDUFA6,ENSMUSG00000022450,Ndufa6,ortholog_one2one,1
ENSG00000088833,NSFL1C,ENSMUSG00000027455,Nsfl1c,ortholog_one2one,1
ENSG00000169760,NLGN1,ENSMUSG00000063887,Nlgn1,ortholog_one2one,1
ENSG00000213965,NUDT19,ENSMUSG00000034875,Nudt19,ortholog_one2one,1
ENSG00000167984,NLRC3,ENSMUSG00000049871,Nlrc3,ortholog_one2one,1
ENSG00000275074,NUDT18,ENSMUSG00000045211,Nudt18,ortholog_one2one,1
ENSG00000153406,NMRAL1,ENSMUSG00000063445,Nmral1,ortholog_one2one,1
ENSG00000137601,NEK1,ENSMUSG00000031644,Nek1,ortholog_one2one,1
ENSG00000120526,NUDCD1,ENSMUSG00000038736,Nudcd1,ortholog_one2one,1
ENSG00000205978,NYNRIN,ENSMUSG00000075592,Nynrin,ortholog_one2one,1
ENSG00000165802,NSMF,ENSMUSG00000006476,Nsmf,ortholog_one2one,1
ENSG00000022556,NLRP2,ENSMUSG00000035177,Nlrp2,ortholog_one2one,0
ENSG00000078114,NEBL,ENSMUSG00000053702,Nebl,ortholog_one2one,1
ENSG00000099795,NDUFB7,ENSMUSG00000033938,Ndufb7,ortholog_one2one,1
ENSG00000170448,NFXL1,ENSMUSG00000072889,Nfxl1,ortholog_one2one,1
ENSG00000101361,NOP56,ENSMUSG00000027405,Nop56,ortholog_one2one,1
ENSG00000188554,NBR1,ENSMUSG00000017119,Nbr1,ortholog_one2one,1
ENSG00000165609,NUDT5,ENSMUSG00000025817,Nudt5,ortholog_one2one,1
ENSG00000060491,OGFR,ENSMUSG00000049401,Ogfr,ortholog_one2one,0
ENSG00000125356,NDUFA1,ENSMUSG00000016427,Ndufa1,ortholog_one2one,1
ENSG00000213619,NDUFS3,ENSMUSG00000005510,Ndufs3,ortholog_one2one,1
ENSG00000110811,P3H3,ENSMUSG00000023191,P3h3,ortholog_one2one,1
ENSG00000182667,NTM,ENSMUSG00000059974,Ntm,ortholog_one2one,1
ENSG00000148400,NOTCH1,ENSMUSG00000026923,Notch1,ortholog_one2one,1
ENSG00000183801,OLFML1,ENSMUSG00000051041,Olfml1,ortholog_one2one,0
ENSG00000048162,NOP16,ENSMUSG00000025869,Nop16,ortholog_one2one,1
ENSG00000110717,NDUFS8,ENSMUSG00000059734,Ndufs8,ortholog_one2one,1
ENSG00000172057,ORMDL3,ENSMUSG00000038150,Ormdl3,ortholog_one2one,1
ENSG00000186575,NF2,ENSMUSG00000009073,Nf2,ortholog_one2one,1
ENSG00000104722,NEFM,,,,NA
ENSG00000107281,NPDC1,ENSMUSG00000015094,Npdc1,ortholog_one2one,1
ENSG00000168101,NUDT16L1,ENSMUSG00000022516,Nudt16l1,ortholog_one2one,1
ENSG00000099250,NRP1,ENSMUSG00000025810,Nrp1,ortholog_one2one,1
ENSG00000164190,NIPBL,ENSMUSG00000022141,Nipbl,ortholog_one2one,1
ENSG00000169313,P2RY12,ENSMUSG00000036353,P2ry12,ortholog_one2one,1
ENSG00000147383,NSDHL,ENSMUSG00000031349,Nsdhl,ortholog_one2one,1
ENSG00000184792,OSBP2,ENSMUSG00000020435,Osbp2,ortholog_one2one,1
ENSG00000124507,PACSIN1,ENSMUSG00000040276,Pacsin1,ortholog_one2one,1
ENSG00000147123,NDUFB11,ENSMUSG00000061633,Ndufb11b,ortholog_one2many,0
ENSG00000147123,NDUFB11,ENSMUSG00000031059,Ndufb11,ortholog_one2many,1
ENSG00000079482,OPHN1,ENSMUSG00000031214,Ophn1,ortholog_one2one,1
ENSG00000081087,OSTM1,ENSMUSG00000038280,Ostm1,ortholog_one2one,1
ENSG00000137806,NDUFAF1,ENSMUSG00000027305,Ndufaf1,ortholog_one2one,1
ENSG00000198585,NUDT16,ENSMUSG00000032565,Nudt16,ortholog_one2many,1
ENSG00000198585,NUDT16,ENSMUSG00000032566,Nudt16l2,ortholog_one2many,1
ENSG00000130669,PAK4,ENSMUSG00000030602,Pak4,ortholog_one2one,1
ENSG00000151413,NUBPL,ENSMUSG00000035142,Nubpl,ortholog_one2one,1
ENSG00000167005,NUDT21,ENSMUSG00000031754,Nudt21,ortholog_one2one,1
ENSG00000124171,PARD6B,ENSMUSG00000044641,Pard6b,ortholog_one2one,1
ENSG00000124160,NCOA5,ENSMUSG00000039804,Ncoa5,ortholog_one2one,1
ENSG00000145247,OCIAD2,ENSMUSG00000029153,Ociad2,ortholog_one2one,1
ENSG00000170113,NIPA1,ENSMUSG00000047037,Nipa1,ortholog_one2one,1
ENSG00000087269,NOP14,ENSMUSG00000036693,Nop14,ortholog_one2one,1
ENSG00000125912,NCLN,ENSMUSG00000020238,Ncln,ortholog_one2one,1
ENSG00000129116,PALLD,ENSMUSG00000058056,Palld,ortholog_one2one,1
ENSG00000104825,NFKBIB,ENSMUSG00000030595,Nfkbib,ortholog_one2one,1
ENSG00000166136,NDUFB8,ENSMUSG00000025204,Ndufb8,ortholog_one2one,1
ENSG00000177453,NIM1K,ENSMUSG00000095930,Nim1k,ortholog_one2one,1
ENSG00000123213,NLN,ENSMUSG00000021710,Nln,ortholog_one2one,1
ENSG00000157654,PALM2AKAP2,ENSMUSG00000038729,Pakap,ortholog_one2one,1
ENSG00000196712,NF1,ENSMUSG00000020716,Nf1,ortholog_one2one,1
ENSG00000115286,NDUFS7,ENSMUSG00000020153,Ndufs7,ortholog_one2one,1
ENSG00000079462,PAFAH1B3,ENSMUSG00000005447,Pafah1b3,ortholog_one2one,1
ENSG00000164815,ORC5,ENSMUSG00000029012,Orc5,ortholog_one2one,1
ENSG00000184117,NIPSNAP1,ENSMUSG00000034285,Nipsnap1,ortholog_one2one,1
ENSG00000021762,OSBPL5,ENSMUSG00000037606,Osbpl5,ortholog_one2one,1
ENSG00000140538,NTRK3,ENSMUSG00000059146,Ntrk3,ortholog_one2one,1
ENSG00000175115,PACS1,ENSMUSG00000024855,Pacs1,ortholog_one2one,1
ENSG00000136830,NIBAN2,ENSMUSG00000026796,Niban2,ortholog_one2one,1
ENSG00000111859,NEDD9,ENSMUSG00000021365,Nedd9,ortholog_one2one,1
ENSG00000120253,NUP43,ENSMUSG00000040034,Nup43,ortholog_one2one,1
ENSG00000030066,NUP160,ENSMUSG00000051329,Nup160,ortholog_one2one,1
ENSG00000170091,NSG2,ENSMUSG00000020297,Nsg2,ortholog_one2one,1
ENSG00000156642,NPTN,ENSMUSG00000032336,Nptn,ortholog_one2one,1
ENSG00000168092,PAFAH1B2,ENSMUSG00000003131,Pafah1b2,ortholog_one2one,1
ENSG00000168824,NSG1,ENSMUSG00000029126,Nsg1,ortholog_one2one,1
ENSG00000188986,NELFB,ENSMUSG00000013465,Nelfb,ortholog_one2one,1
ENSG00000227345,PARG,ENSMUSG00000021911,Parg,ortholog_one2one,1
ENSG00000089041,P2RX7,ENSMUSG00000029468,P2rx7,ortholog_one2one,1
ENSG00000187867,PALM3,ENSMUSG00000047986,Palm3,ortholog_one2one,1
ENSG00000129559,NEDD8,ENSMUSG00000010376,Nedd8,ortholog_one2one,1
ENSG00000151092,NGLY1,ENSMUSG00000021785,Ngly1,ortholog_one2one,1
ENSG00000196358,NTNG2,ENSMUSG00000035513,Ntng2,ortholog_one2one,1
ENSG00000077264,PAK3,ENSMUSG00000031284,Pak3,ortholog_one2one,1
ENSG00000110076,NRXN2,ENSMUSG00000033768,Nrxn2,ortholog_one2one,1
ENSG00000148335,NTMT1,ENSMUSG00000026857,Ntmt1,ortholog_one2one,1
ENSG00000164830,OXR1,ENSMUSG00000022307,Oxr1,ortholog_one2one,1
ENSG00000144959,NCEH1,ENSMUSG00000027698,Nceh1,ortholog_one2one,1
ENSG00000059378,PARP12,ENSMUSG00000038507,Parp12,ortholog_one2one,1
ENSG00000185189,NRBP2,ENSMUSG00000075590,Nrbp2,ortholog_one2one,1
ENSG00000123119,NECAB1,ENSMUSG00000040536,Necab1,ortholog_one2one,1
ENSG00000177144,NUDT4B,ENSMUSG00000020029,Nudt4,ortholog_one2many,0
ENSG00000198754,OXCT2,ENSMUSG00000076438,Oxct2b,ortholog_one2many,1
ENSG00000198754,OXCT2,ENSMUSG00000076436,Oxct2a,ortholog_one2many,0
ENSG00000196368,NUDT11,ENSMUSG00000073293,Nudt10,ortholog_one2many,0
ENSG00000196368,NUDT11,ENSMUSG00000073295,Nudt11,ortholog_one2many,1
ENSG00000178814,OPLAH,ENSMUSG00000022562,Oplah,ortholog_one2one,1
ENSG00000198408,OGA,ENSMUSG00000025220,Oga,ortholog_one2one,1
ENSG00000091129,NRCAM,ENSMUSG00000020598,Nrcam,ortholog_one2one,1
ENSG00000204356,NELFE,ENSMUSG00000024369,Nelfe,ortholog_one2one,1
ENSG00000114388,NPRL2,ENSMUSG00000010057,Nprl2,ortholog_one2one,1
ENSG00000169918,OTUD7A,ENSMUSG00000033510,Otud7a,ortholog_one2one,1
ENSG00000185624,P4HB,ENSMUSG00000025130,P4hb,ortholog_one2one,1
ENSG00000186416,NKRF,ENSMUSG00000044149,Nkrf,ortholog_one2one,1
ENSG00000138430,OLA1,ENSMUSG00000027108,Ola1,ortholog_one2one,1
ENSG00000071051,NCK2,ENSMUSG00000066877,Nck2,ortholog_one2one,1
ENSG00000144426,NBEAL1,ENSMUSG00000073664,Nbeal1,ortholog_one2one,1
ENSG00000146938,NLGN4X,,,,NA
ENSG00000241058,NSUN6,ENSMUSG00000026707,Nsun6,ortholog_one2one,1
ENSG00000148498,PARD3,ENSMUSG00000025812,Pard3,ortholog_one2one,1
ENSG00000151779,NBAS,ENSMUSG00000020576,Nbas,ortholog_one2one,1
ENSG00000106236,NPTX2,ENSMUSG00000059991,Nptx2,ortholog_one2one,1
ENSG00000145569,OTULINL,ENSMUSG00000056069,Otulinl,ortholog_one2one,1
ENSG00000167483,NIBAN3,ENSMUSG00000043243,Niban3,ortholog_one2one,1
ENSG00000178685,PARP10,ENSMUSG00000063268,Parp10,ortholog_one2one,1
ENSG00000128609,NDUFA5,ENSMUSG00000023089,Ndufa5,ortholog_one2one,1
ENSG00000166924,NYAP1,ENSMUSG00000045348,Nyap1,ortholog_one2one,1
ENSG00000147684,NDUFB9,ENSMUSG00000022354,Ndufb9,ortholog_one2one,1
ENSG00000141027,NCOR1,ENSMUSG00000018501,Ncor1,ortholog_one2one,1
ENSG00000070756,PABPC1,ENSMUSG00000051732,Pabpc2,ortholog_many2many,0
ENSG00000070756,PABPC1,ENSMUSG00000046173,Pabpc6,ortholog_many2many,0
ENSG00000141101,NOB1,ENSMUSG00000003848,Nob1,ortholog_one2one,1
ENSG00000110218,PANX1,ENSMUSG00000031934,Panx1,ortholog_one2one,1
ENSG00000109390,NDUFC1,ENSMUSG00000037152,Ndufc1,ortholog_one2one,1
ENSG00000103512,NOMO1,ENSMUSG00000030835,Nomo1,ortholog_one2many,1
ENSG00000112992,NNT,ENSMUSG00000025453,Nnt,ortholog_one2one,1
ENSG00000102898,NUTF2,ENSMUSG00000071497,Nutf2-ps1,ortholog_one2many,0
ENSG00000102898,NUTF2,ENSMUSG00000008450,Nutf2,ortholog_one2many,1
ENSG00000148053,NTRK2,ENSMUSG00000055254,Ntrk2,ortholog_one2one,1
ENSG00000106733,NMRK1,ENSMUSG00000037847,Nmrk1,ortholog_one2one,0
ENSG00000111912,NCOA7,ENSMUSG00000039697,Ncoa7,ortholog_one2one,1
ENSG00000115216,NRBP1,ENSMUSG00000029148,Nrbp1,ortholog_one2one,1
ENSG00000167566,NCKAP5L,ENSMUSG00000023009,Nckap5l,ortholog_one2one,1
ENSG00000113569,NUP155,ENSMUSG00000022142,Nup155,ortholog_one2one,1
ENSG00000145494,NDUFS6,ENSMUSG00000021606,Ndufs6,ortholog_one2one,1
ENSG00000174145,NWD2,ENSMUSG00000090061,Nwd2,ortholog_one2one,1
ENSG00000213024,NUP62,ENSMUSG00000109511,Nup62,ortholog_one2one,1
ENSG00000152782,PANK1,ENSMUSG00000033610,Pank1,ortholog_one2one,1
ENSG00000198682,PAPSS2,ENSMUSG00000024899,Papss2,ortholog_one2one,1
ENSG00000155561,NUP205,ENSMUSG00000038759,Nup205,ortholog_one2one,1
ENSG00000091039,OSBPL8,ENSMUSG00000020189,Osbpl8,ortholog_one2one,1
ENSG00000184162,NR2C2AP,ENSMUSG00000071078,Nr2c2ap,ortholog_one2one,1
ENSG00000164182,NDUFAF2,ENSMUSG00000068184,Ndufaf2,ortholog_one2one,1
ENSG00000167770,OTUB1,ENSMUSG00000024767,Otub1,ortholog_one2one,1
ENSG00000136783,NIPSNAP3A,ENSMUSG00000015242,Nipsnap3a,ortholog_one2many,1
ENSG00000136783,NIPSNAP3A,ENSMUSG00000015247,Nipsnap3b,ortholog_one2many,0
ENSG00000077150,NFKB2,ENSMUSG00000025225,Nfkb2,ortholog_one2one,1
ENSG00000007168,PAFAH1B1,ENSMUSG00000020745,Pafah1b1,ortholog_one2one,1
ENSG00000138496,PARP9,ENSMUSG00000022906,Parp9,ortholog_one2one,1
ENSG00000091592,NLRP1,ENSMUSG00000070390,Nlrp1b,ortholog_one2many,0
ENSG00000091592,NLRP1,ENSMUSG00000069830,Nlrp1a,ortholog_one2many,0
ENSG00000271425,NBPF10,,,,NA
ENSG00000170584,NUDCD2,ENSMUSG00000020328,Nudcd2,ortholog_one2one,1
ENSG00000067141,NEO1,ENSMUSG00000032340,Neo1,ortholog_one2one,1
ENSG00000139910,NOVA1,ENSMUSG00000021047,Nova1,ortholog_one2one,1
ENSG00000137497,NUMA1,ENSMUSG00000066306,Numa1,ortholog_one2one,1
ENSG00000184752,NDUFA12,ENSMUSG00000020022,Ndufa12,ortholog_one2one,1
ENSG00000021645,NRXN3,ENSMUSG00000066392,Nrxn3,ortholog_one2one,1
ENSG00000110400,NECTIN1,ENSMUSG00000032012,Nectin1,ortholog_one2one,1
ENSG00000102900,NUP93,ENSMUSG00000032939,Nup93,ortholog_one2one,1
ENSG00000114021,NIT2,ENSMUSG00000022751,Nit2,ortholog_one2one,1
ENSG00000076685,NT5C2,ENSMUSG00000025041,Nt5c2,ortholog_one2one,1
ENSG00000137843,PAK6,ENSMUSG00000074923,Pak6,ortholog_one2one,1
ENSG00000156170,NDUFAF6,ENSMUSG00000050323,Ndufaf6,ortholog_one2one,1
ENSG00000102908,NFAT5,ENSMUSG00000003847,Nfat5,ortholog_one2one,1
ENSG00000172239,PAIP1,ENSMUSG00000025451,Paip1,ortholog_one2one,1
ENSG00000126883,NUP214,ENSMUSG00000001855,Nup214,ortholog_one2one,1
ENSG00000111335,OAS2,ENSMUSG00000032690,Oas2,ortholog_one2one,1
ENSG00000069869,NEDD4,ENSMUSG00000032216,Nedd4,ortholog_one2one,1
ENSG00000119421,NDUFA8,ENSMUSG00000026895,Ndufa8,ortholog_one2one,1
ENSG00000175575,PAAF1,,,,NA
ENSG00000123240,OPTN,ENSMUSG00000026672,Optn,ortholog_one2one,1
ENSG00000165525,NEMF,ENSMUSG00000020982,Nemf,ortholog_one2one,1
ENSG00000104490,NCALD,ENSMUSG00000051359,Ncald,ortholog_one2one,1
ENSG00000184507,NUTM1,ENSMUSG00000041358,Nutm1,ortholog_one2one,1
ENSG00000179364,PACS2,ENSMUSG00000021143,Pacs2,ortholog_one2one,1
ENSG00000147548,NSD3,ENSMUSG00000054823,Nsd3,ortholog_one2one,1
ENSG00000166197,NOLC1,ENSMUSG00000015176,Nolc1,ortholog_one2one,1
ENSG00000095906,NUBP2,ENSMUSG00000039183,Nubp2,ortholog_one2one,1
ENSG00000035681,NSMAF,ENSMUSG00000028245,Nsmaf,ortholog_one2one,1
ENSG00000233024,NPIPA9,,,,NA
ENSG00000103024,NME3,ENSMUSG00000073435,Nme3,ortholog_one2one,1
ENSG00000119638,NEK9,ENSMUSG00000034290,Nek9,ortholog_one2one,1
ENSG00000128050,PAICS,ENSMUSG00000029247,Paics,ortholog_one2one,1
ENSG00000198000,NOL8,ENSMUSG00000021392,Nol8,ortholog_one2one,1
ENSG00000103154,NECAB2,ENSMUSG00000031837,Necab2,ortholog_one2one,1
ENSG00000103202,NME4,ENSMUSG00000024177,Nme4,ortholog_one2one,1
ENSG00000197430,OPALIN,ENSMUSG00000050121,Opalin,ortholog_one2one,1
ENSG00000103034,NDRG4,ENSMUSG00000036564,Ndrg4,ortholog_one2one,1
ENSG00000136521,NDUFB5,ENSMUSG00000027673,Ndufb5,ortholog_one2one,1
ENSG00000131495,NDUFA2,ENSMUSG00000014294,Ndufa2,ortholog_one2one,1
ENSG00000198836,OPA1,ENSMUSG00000038084,Opa1,ortholog_one2one,1
ENSG00000146729,NIPSNAP2,ENSMUSG00000029432,Nipsnap2,ortholog_one2one,1
ENSG00000107130,NCS1,ENSMUSG00000062661,Ncs1,ortholog_one2one,1
ENSG00000065600,PACC1,ENSMUSG00000026627,Pacc1,ortholog_one2one,1
ENSG00000213281,NRAS,ENSMUSG00000027852,Nras,ortholog_one2one,1
ENSG00000158092,NCK1,ENSMUSG00000032475,Nck1,ortholog_one2one,1
ENSG00000083720,OXCT1,ENSMUSG00000022186,Oxct1,ortholog_one2one,1
ENSG00000138750,NUP54,ENSMUSG00000034826,Nup54,ortholog_one2one,1
ENSG00000171208,NETO2,ENSMUSG00000036902,Neto2,ortholog_one2one,1
ENSG00000152463,OLAH,ENSMUSG00000026645,Olah,ortholog_one2one,1
ENSG00000272325,NUDT3,ENSMUSG00000024213,Nudt3,ortholog_one2one,1
ENSG00000125741,OPA3,ENSMUSG00000052214,Opa3,ortholog_one2one,1
ENSG00000198064,NPIPB13,,,,NA
ENSG00000112874,NUDT12,ENSMUSG00000024228,Nudt12,ortholog_one2one,1
ENSG00000159899,NPR2,ENSMUSG00000028469,Npr2,ortholog_one2one,1
ENSG00000130558,OLFM1,ENSMUSG00000026833,Olfm1,ortholog_one2one,1
ENSG00000165795,NDRG2,ENSMUSG00000004558,Ndrg2,ortholog_one2one,1
ENSG00000145730,PAM,ENSMUSG00000026335,Pam,ortholog_one2one,1
ENSG00000115687,PASK,ENSMUSG00000026274,Pask,ortholog_one2one,1
ENSG00000243678,NME2,ENSMUSG00000020857,Nme2,ortholog_one2one,1
ENSG00000107719,PALD1,ENSMUSG00000020092,Pald1,ortholog_one2one,1
ENSG00000113580,NR3C1,ENSMUSG00000024431,Nr3c1,ortholog_one2one,1
ENSG00000172939,OXSR1,ENSMUSG00000036737,Oxsr1,ortholog_one2one,1
ENSG00000103148,NPRL3,ENSMUSG00000020289,Nprl3,ortholog_one2one,1
ENSG00000139350,NEDD1,ENSMUSG00000019988,Nedd1,ortholog_one2one,1
ENSG00000065518,NDUFB4,ENSMUSG00000022820,Ndufb4,ortholog_one2one,1
ENSG00000162073,PAQR4,ENSMUSG00000023909,Paqr4,ortholog_one2one,1
ENSG00000070882,OSBPL3,ENSMUSG00000029822,Osbpl3,ortholog_one2one,1
ENSG00000089818,NECAP1,ENSMUSG00000030327,Necap1,ortholog_one2one,1
ENSG00000170502,NUDT9,ENSMUSG00000029310,Nudt9,ortholog_one2one,1
ENSG00000105953,OGDH,ENSMUSG00000020456,Ogdh,ortholog_one2one,1
ENSG00000134250,NOTCH2,ENSMUSG00000027878,Notch2,ortholog_one2one,1
ENSG00000165264,NDUFB6,ENSMUSG00000071014,Ndufb6,ortholog_one2one,1
ENSG00000103274,NUBP1,ENSMUSG00000022503,Nubp1,ortholog_one2one,1
ENSG00000135842,NIBAN1,ENSMUSG00000026483,Niban1,ortholog_one2one,1
ENSG00000131507,NDFIP1,ENSMUSG00000024425,Ndfip1,ortholog_one2one,1
ENSG00000169992,NLGN2,ENSMUSG00000051790,Nlgn2,ortholog_one2one,1
ENSG00000136811,ODF2,ENSMUSG00000026790,Odf2,ortholog_one2one,1
ENSG00000169189,NSMCE1,ENSMUSG00000030750,Nsmce1,ortholog_one2one,1
ENSG00000213672,NCKIPSD,ENSMUSG00000032598,Nckipsd,ortholog_one2one,1
ENSG00000134996,OSTF1,ENSMUSG00000024725,Ostf1,ortholog_one2one,1
ENSG00000084092,NOA1,ENSMUSG00000036285,Noa1,ortholog_one2one,1
ENSG00000103226,NOMO3,ENSMUSG00000030835,Nomo1,ortholog_one2many,1
ENSG00000164978,NUDT2,ENSMUSG00000028443,Nudt2,ortholog_one2one,1
ENSG00000165028,NIPSNAP3B,,,,NA
ENSG00000168256,NKIRAS2,ENSMUSG00000017837,Nkiras2,ortholog_one2one,1
ENSG00000100503,NIN,ENSMUSG00000021068,Nin,ortholog_one2one,1
ENSG00000114670,NEK11,ENSMUSG00000035032,Nek11,ortholog_one2one,1
ENSG00000165671,NSD1,ENSMUSG00000021488,Nsd1,ortholog_one2one,1
ENSG00000139180,NDUFA9,ENSMUSG00000000399,Ndufa9,ortholog_one2one,1
ENSG00000160703,NLRX1,ENSMUSG00000032109,Nlrx1,ortholog_one2one,1
ENSG00000145506,NKD2,ENSMUSG00000021567,Nkd2,ortholog_one2one,1
ENSG00000144909,OSBPL11,ENSMUSG00000022807,Osbpl11,ortholog_one2one,1
ENSG00000197444,OGDHL,ENSMUSG00000021913,Ogdhl,ortholog_one2one,1
ENSG00000141279,NPEPPS,ENSMUSG00000001441,Npepps,ortholog_one2one,1
ENSG00000074590,NUAK1,ENSMUSG00000020032,Nuak1,ortholog_one2one,1
ENSG00000079156,OSBPL6,ENSMUSG00000042359,Osbpl6,ortholog_one2one,1
ENSG00000183648,NDUFB1,ENSMUSG00000113902,Ndufb1,ortholog_one2one,1
ENSG00000170906,NDUFA3,ENSMUSG00000035674,Ndufa3,ortholog_one2one,1
ENSG00000146909,NOM1,ENSMUSG00000001569,Nom1,ortholog_one2one,1
ENSG00000136448,NMT1,ENSMUSG00000020936,Nmt1,ortholog_one2one,1
ENSG00000151623,NR3C2,ENSMUSG00000031618,Nr3c2,ortholog_one2one,1
ENSG00000162231,NXF1,ENSMUSG00000010097,Nxf1,ortholog_one2one,1
ENSG00000151014,NOCT,ENSMUSG00000023087,Noct,ortholog_one2one,1
ENSG00000181163,NPM1,ENSMUSG00000057113,Npm1,ortholog_one2one,1
ENSG00000160991,ORAI2,ENSMUSG00000039747,Orai2,ortholog_one2one,1
ENSG00000133961,NUMB,ENSMUSG00000021224,Numb,ortholog_one2one,1
ENSG00000109180,OCIAD1,ENSMUSG00000029152,Ociad1,ortholog_one2one,1
ENSG00000155463,OXA1L,ENSMUSG00000000959,Oxa1l,ortholog_one2one,1
ENSG00000215041,NEURL4,ENSMUSG00000047284,Neurl4,ortholog_one2one,1
ENSG00000184613,NELL2,ENSMUSG00000022454,Nell2,ortholog_one2one,1
ENSG00000135506,OS9,ENSMUSG00000040462,Os9,ortholog_one2one,1
ENSG00000111696,NT5DC3,ENSMUSG00000054027,Nt5dc3,ortholog_one2one,1
ENSG00000067798,NAV3,ENSMUSG00000020181,Nav3,ortholog_one2one,1
ENSG00000177707,NECTIN3,ENSMUSG00000022656,Nectin3,ortholog_one2one,1
ENSG00000144645,OSBPL10,ENSMUSG00000040875,Osbpl10,ortholog_one2one,1
ENSG00000178425,NT5DC1,ENSMUSG00000039480,Nt5dc1,ortholog_one2one,1
ENSG00000152465,NMT2,ENSMUSG00000026643,Nmt2,ortholog_one2one,1
ENSG00000015676,NUDCD3,ENSMUSG00000053838,Nudcd3,ortholog_one2one,1
ENSG00000104805,NUCB1,ENSMUSG00000030824,Nucb1,ortholog_one2one,1
ENSG00000091106,NLRC4,ENSMUSG00000039193,Nlrc4,ortholog_one2one,1
ENSG00000114503,NCBP2,ENSMUSG00000022774,Ncbp2,ortholog_one2one,1
ENSG00000122643,NT5C3A,ENSMUSG00000029780,Nt5c3,ortholog_one2one,1
ENSG00000186010,NDUFA13,ENSMUSG00000036199,Ndufa13,ortholog_one2one,1
ENSG00000144061,NPHP1,ENSMUSG00000027378,Nphp1,ortholog_one2one,1
ENSG00000168268,NT5DC2,ENSMUSG00000071547,Nt5dc2,ortholog_one2one,1
ENSG00000173614,NMNAT1,ENSMUSG00000028992,Nmnat1,ortholog_one2one,1
ENSG00000122884,P4HA1,ENSMUSG00000019916,P4ha1,ortholog_one2one,1
ENSG00000148572,NRBF2,ENSMUSG00000075000,Nrbf2,ortholog_one2one,1
ENSG00000105245,NUMBL,ENSMUSG00000063160,Numbl,ortholog_one2one,1
ENSG00000109805,NCAPG,ENSMUSG00000015880,Ncapg,ortholog_one2one,1
ENSG00000138801,PAPSS1,ENSMUSG00000028032,Papss1,ortholog_one2one,1
ENSG00000117859,OSBPL9,ENSMUSG00000028559,Osbpl9,ortholog_one2one,1
ENSG00000151093,OXSM,ENSMUSG00000021786,Oxsm,ortholog_one2one,1
ENSG00000105088,OLFM2,ENSMUSG00000032172,Olfm2,ortholog_one2one,1
ENSG00000173598,NUDT4,ENSMUSG00000020029,Nudt4,ortholog_one2many,1
ENSG00000069248,NUP133,ENSMUSG00000039509,Nup133,ortholog_one2one,1
ENSG00000084676,NCOA1,ENSMUSG00000020647,Ncoa1,ortholog_one2one,1
ENSG00000089250,NOS1,ENSMUSG00000029361,Nos1,ortholog_one2one,1
ENSG00000113389,NPR3,ENSMUSG00000022206,Npr3,ortholog_one2one,1
ENSG00000181631,P2RY13,ENSMUSG00000036362,P2ry13,ortholog_one2one,1
ENSG00000142546,NOSIP,ENSMUSG00000003421,Nosip,ortholog_one2one,1
ENSG00000267855,NDUFA7,ENSMUSG00000041881,Ndufa7,ortholog_one2one,1
ENSG00000151503,NCAPD3,ENSMUSG00000035024,Ncapd3,ortholog_one2one,1
ENSG00000037474,NSUN2,ENSMUSG00000021595,Nsun2,ortholog_one2one,1
ENSG00000182446,NPLOC4,ENSMUSG00000039703,Nploc4,ortholog_one2one,1
ENSG00000154124,OTULIN,ENSMUSG00000046034,Otulin,ortholog_one2one,1
ENSG00000089127,OAS1,ENSMUSG00000066867,Oas1e,ortholog_one2many,0
ENSG00000089127,OAS1,ENSMUSG00000053765,Oas1f,ortholog_one2many,0
ENSG00000089127,OAS1,ENSMUSG00000001166,Oas1c,ortholog_one2many,0
ENSG00000089127,OAS1,ENSMUSG00000032623,Oas1d,ortholog_one2many,0
ENSG00000089127,OAS1,ENSMUSG00000029605,Oas1b,ortholog_one2many,0
ENSG00000089127,OAS1,ENSMUSG00000052776,Oas1a,ortholog_one2many,1
ENSG00000089127,OAS1,ENSMUSG00000001168,Oas1h,ortholog_one2many,0
ENSG00000089127,OAS1,ENSMUSG00000066861,Oas1g,ortholog_one2many,1
ENSG00000162139,NEU3,ENSMUSG00000035239,Neu3,ortholog_one2one,1
ENSG00000163382,NAXE,ENSMUSG00000028070,Naxe,ortholog_one2one,1
ENSG00000164258,NDUFS4,ENSMUSG00000021764,Ndufs4,ortholog_one2one,1
ENSG00000170515,PA2G4,ENSMUSG00000025364,Pa2g4,ortholog_one2one,1
ENSG00000204099,NEU4,ENSMUSG00000034000,Neu4,ortholog_one2one,1
ENSG00000171246,NPTX1,ENSMUSG00000025582,Nptx1,ortholog_one2one,1
ENSG00000115053,NCL,ENSMUSG00000026234,Ncl,ortholog_one2one,1
ENSG00000166579,NDEL1,ENSMUSG00000018736,Ndel1,ortholog_one2one,1
ENSG00000145029,NICN1,ENSMUSG00000032606,Nicn1,ortholog_one2one,1
ENSG00000090266,NDUFB2,ENSMUSG00000002416,Ndufb2,ortholog_one2one,1
ENSG00000123338,NCKAP1L,ENSMUSG00000022488,Nckap1l,ortholog_one2one,1
ENSG00000126653,NSRP1,ENSMUSG00000037958,Nsrp1,ortholog_one2one,1
ENSG00000087095,NLK,ENSMUSG00000017376,Nlk,ortholog_one2one,1
ENSG00000006025,OSBPL7,ENSMUSG00000038534,Osbpl7,ortholog_one2one,1
ENSG00000151414,NEK7,ENSMUSG00000026393,Nek7,ortholog_one2one,1
ENSG00000167792,NDUFV1,ENSMUSG00000037916,Ndufv1,ortholog_one2one,1
ENSG00000196498,NCOR2,ENSMUSG00000029478,Ncor2,ortholog_one2one,1
ENSG00000179915,NRXN1,ENSMUSG00000024109,Nrxn1,ortholog_one2one,1
ENSG00000162396,PARS2,ENSMUSG00000043572,Pars2,ortholog_one2one,1
ENSG00000073969,NSF,ENSMUSG00000034187,Nsf,ortholog_one2one,1
ENSG00000143799,PARP1,ENSMUSG00000026496,Parp1,ortholog_one2one,1
ENSG00000111331,OAS3,ENSMUSG00000032661,Oas3,ortholog_one2one,1
ENSG00000125450,NUP85,ENSMUSG00000020739,Nup85,ortholog_one2one,1
ENSG00000108256,NUFIP2,ENSMUSG00000037857,Nufip2,ortholog_one2one,1
ENSG00000108559,NUP88,ENSMUSG00000040667,Nup88,ortholog_one2one,1
ENSG00000149269,PAK1,ENSMUSG00000030774,Pak1,ortholog_one2one,1
ENSG00000197702,PARVA,ENSMUSG00000030770,Parva,ortholog_one2one,1
ENSG00000117481,NSUN4,,,,NA
ENSG00000172113,NME6,ENSMUSG00000032478,Nme6,ortholog_one2one,1
ENSG00000023228,NDUFS1,ENSMUSG00000025968,Ndufs1,ortholog_one2one,1
ENSG00000166833,NAV2,ENSMUSG00000052512,Nav2,ortholog_one2one,1
ENSG00000130414,NDUFA10,ENSMUSG00000026260,Ndufa10,ortholog_one2one,1
ENSG00000110048,OSBP,ENSMUSG00000024687,Osbp,ortholog_one2one,1
ENSG00000125458,NT5C,ENSMUSG00000020736,Nt5c,ortholog_one2one,1
ENSG00000010292,NCAPD2,ENSMUSG00000038252,Ncapd2,ortholog_one2one,1
ENSG00000176771,NCKAP5,ENSMUSG00000049690,Nckap5,ortholog_one2one,1
ENSG00000135473,PAN2,ENSMUSG00000005682,Pan2,ortholog_one2one,1
ENSG00000163864,NMNAT3,ENSMUSG00000032456,Nmnat3,ortholog_one2one,1
ENSG00000154146,NRGN,ENSMUSG00000053310,Nrgn,ortholog_one2one,1
ENSG00000165912,PACSIN3,ENSMUSG00000027257,Pacsin3,ortholog_one2one,1
ENSG00000124006,OBSL1,ENSMUSG00000026211,Obsl1,ortholog_one2one,1
ENSG00000178467,P4HTM,ENSMUSG00000006675,P4htm,ortholog_one2one,1
ENSG00000180370,PAK2,ENSMUSG00000022781,Pak2,ortholog_one2one,1
ENSG00000169251,NMD3,ENSMUSG00000027787,Nmd3,ortholog_one2one,1
ENSG00000173193,PARP14,ENSMUSG00000034422,Parp14,ortholog_one2one,1
ENSG00000010322,NISCH,ENSMUSG00000021910,Nisch,ortholog_one2one,1
ENSG00000178057,NDUFAF3,ENSMUSG00000070283,Ndufaf3,ortholog_one2one,1
ENSG00000158864,NDUFS2,ENSMUSG00000013593,Ndufs2,ortholog_one2one,1
ENSG00000169599,NFU1,ENSMUSG00000029993,Nfu1,ortholog_one2one,1
ENSG00000197885,NKIRAS1,ENSMUSG00000021772,Nkiras1,ortholog_one2one,1
ENSG00000115947,ORC4,ENSMUSG00000026761,Orc4,ortholog_one2one,1
ENSG00000175193,PARL,ENSMUSG00000033918,Parl,ortholog_one2one,1
ENSG00000114904,NEK4,ENSMUSG00000021918,Nek4,ortholog_one2one,1
ENSG00000143156,NME7,ENSMUSG00000026575,Nme7,ortholog_one2one,1
ENSG00000144227,NXPH2,ENSMUSG00000069132,Nxph2,ortholog_one2one,1
ENSG00000198929,NOS1AP,ENSMUSG00000038473,Nos1ap,ortholog_one2one,1
ENSG00000196071,OR2L13,ENSMUSG00000061361,Or2l13b,ortholog_one2many,0
ENSG00000196071,OR2L13,ENSMUSG00000056822,Or2l13,ortholog_one2many,1
ENSG00000119013,NDUFB3,ENSMUSG00000026032,Ndufb3,ortholog_one2one,1
ENSG00000169914,OTUD3,ENSMUSG00000041161,Otud3,ortholog_one2one,1
ENSG00000183091,NEB,ENSMUSG00000026950,Neb,ortholog_one2one,1
ENSG00000157881,PANK4,ENSMUSG00000029056,Pank4,ortholog_one2one,1
ENSG00000116962,NID1,ENSMUSG00000005397,Nid1,ortholog_one2one,1
ENSG00000128694,OSGEPL1,ENSMUSG00000026096,Osgepl1,ortholog_one2one,1
ENSG00000066248,NGEF,ENSMUSG00000026259,Ngef,ortholog_one2one,1
ENSG00000162600,OMA1,ENSMUSG00000035069,Oma1,ortholog_one2one,1
ENSG00000078618,NRDC,ENSMUSG00000053510,Nrdc,ortholog_one2one,1
ENSG00000118257,NRP2,ENSMUSG00000025969,Nrp2,ortholog_one2one,1
ENSG00000163273,NPPC,ENSMUSG00000026241,Nppc,ortholog_one2one,1
ENSG00000157181,ODR4,ENSMUSG00000006010,Odr4,ortholog_one2one,1
ENSG00000128699,ORMDL1,ENSMUSG00000026097,Ormdl1,ortholog_one2one,1
ENSG00000061676,NCKAP1,ENSMUSG00000027002,Nckap1,ortholog_one2one,1
ENSG00000196290,NIF3L1,ENSMUSG00000026036,Nif3l1,ortholog_one2one,1
ENSG00000116288,PARK7,ENSMUSG00000028964,Park7,ortholog_one2one,1
ENSG00000055044,NOP58,ENSMUSG00000026020,Nop58,ortholog_one2one,1
ENSG00000090621,PABPC4,ENSMUSG00000011257,Pabpc4,ortholog_one2one,1
ENSG00000158793,NIT1,ENSMUSG00000013997,Nit1,ortholog_one2one,1
ENSG00000163531,NFASC,ENSMUSG00000026442,Nfasc,ortholog_one2one,1
ENSG00000144460,NYAP2,ENSMUSG00000054976,Nyap2,ortholog_one2one,1
ENSG00000115155,OTOF,ENSMUSG00000062372,Otof,ortholog_one2one,1
ENSG00000117650,NEK2,ENSMUSG00000026622,Nek2,ortholog_one2one,1
ENSG00000003509,NDUFAF7,ENSMUSG00000024082,Ndufaf7,ortholog_one2one,1
ENSG00000168653,NDUFS5,ENSMUSG00000028648,Ndufs5,ortholog_one2one,1
ENSG00000187736,NHEJ1,ENSMUSG00000026162,Nhej1,ortholog_one2one,1
ENSG00000020129,NCDN,ENSMUSG00000028833,Ncdn,ortholog_one2one,1
ENSG00000116885,OSCP1,ENSMUSG00000042616,Oscp1,ortholog_one2one,1
ENSG00000135778,NTPCR,ENSMUSG00000031851,Ntpcr,ortholog_one2one,1
ENSG00000116981,NT5C1A,ENSMUSG00000054958,Nt5c1a,ortholog_one2one,1
ENSG00000090273,NUDC,ENSMUSG00000028851,Nudc,ortholog_one2one,1
ENSG00000001461,NIPAL3,ENSMUSG00000028803,Nipal3,ortholog_one2one,1
ENSG00000157064,NMNAT2,ENSMUSG00000042751,Nmnat2,ortholog_one2one,1
ENSG00000116774,OLFML3,ENSMUSG00000027848,Olfml3,ortholog_one2one,1
ENSG00000117115,PADI2,ENSMUSG00000028927,Padi2,ortholog_one2one,1
ENSG00000135838,NPL,ENSMUSG00000042684,Npl,ortholog_one2one,1
ENSG00000157191,NECAP2,ENSMUSG00000028923,Necap2,ortholog_one2one,1
ENSG00000162736,NCSTN,ENSMUSG00000003458,Ncstn,ortholog_one2one,1
ENSG00000264522,OTUD7B,ENSMUSG00000038495,Otud7b,ortholog_one2one,1
ENSG00000118733,OLFM3,ENSMUSG00000027965,Olfm3,ortholog_one2one,1
ENSG00000069275,NUCKS1,ENSMUSG00000026434,Nucks1,ortholog_one2one,1
ENSG00000154358,OBSCN,ENSMUSG00000061462,Obscn,ortholog_one2one,1
ENSG00000162631,NTNG1,ENSMUSG00000059857,Ntng1,ortholog_one2one,1
ENSG00000172260,NEGR1,ENSMUSG00000040037,Negr1,ortholog_one2one,1
ENSG00000132688,NES,ENSMUSG00000004891,Nes,ortholog_one2one,1
ENSG00000288217,PEX5,,,,NA
ENSG00000285241,PCK2,,,,NA
ENSG00000284832,POLR2A,,,,NA
ENSG00000284017,PLCL2,,,,NA
ENSG00000288198,PPFIA1,,,,NA
ENSG00000291653,PCDHA5,,,,NA
ENSG00000291654,PCDHA6,,,,NA
ENSG00000291659,PCDHA10,,,,NA
ENSG00000291662,PCDHA11,,,,NA
ENSG00000291668,PCDHAC2,,,,NA
ENSG00000291676,PCDHB4,,,,NA
ENSG00000291677,PCDHB5,,,,NA
ENSG00000291684,PCDHB16,,,,NA
ENSG00000291689,PCDHB10,,,,NA
ENSG00000291690,PCDHB11,,,,NA
ENSG00000291693,PCDHB14,,,,NA
ENSG00000291704,PCDHB18P,,,,NA
ENSG00000291703,PCDHB18P,,,,NA
ENSG00000291674,PCDHB3,,,,NA
ENSG00000288142,POTEB3,,,,NA
ENSG00000291802,PIP4P1,,,,NA
ENSG00000291814,PNP,,,,NA
ENSG00000284282,POLR3E,,,,NA
ENSG00000291834,PFDN5,,,,NA
ENSG00000292248,PKD1L2,,,,NA
ENSG00000274780,PHRF1,,,,NA
ENSG00000275051,PIWIL1,,,,NA
ENSG00000278699,POTEB3,,,,NA
ENSG00000277111,PLEKHM1,,,,NA
ENSG00000132825,PPP1R3D,ENSMUSG00000049999,Ppp1r3d,ortholog_one2one,1
ENSG00000275498,PDXDC1,,,,NA
ENSG00000235961,PNMA6A,,,,NA
ENSG00000277292,PIP4K2B,,,,NA
ENSG00000126226,PCID2,ENSMUSG00000038542,Pcid2,ortholog_one2one,1
ENSG00000276358,PLEKHM1,,,,NA
ENSG00000184226,PCDH9,ENSMUSG00000055421,Pcdh9,ortholog_one2one,1
ENSG00000101464,PIGU,ENSMUSG00000038383,Pigu,ortholog_one2one,1
ENSG00000141959,PFKL,ENSMUSG00000020277,Pfkl,ortholog_one2one,1
ENSG00000198753,PLXNB3,ENSMUSG00000031385,Plxnb3,ortholog_one2one,1
ENSG00000276429,PLCH2,,,,NA
ENSG00000205808,PLPP6,ENSMUSG00000040105,Plpp6,ortholog_one2one,1
ENSG00000118946,PCDH17,ENSMUSG00000035566,Pcdh17,ortholog_one2one,1
ENSG00000278522,POTEB3,,,,NA
ENSG00000280663,PCMTD2,,,,NA
ENSG00000130822,PNCK,ENSMUSG00000002012,Pnck,ortholog_one2one,1
ENSG00000183570,PCBP3,ENSMUSG00000001120,Pcbp3,ortholog_one2one,1
ENSG00000078142,PIK3C3,ENSMUSG00000033628,Pik3c3,ortholog_one2one,1
ENSG00000124155,PIGT,ENSMUSG00000017721,Pigt,ortholog_one2one,1
ENSG00000204851,PNMA8B,ENSMUSG00000070802,Pnma8b,ortholog_one2one,1
ENSG00000087842,PIR,ENSMUSG00000031379,Pir,ortholog_one2one,1
ENSG00000136099,PCDH8,ENSMUSG00000036422,Pcdh8,ortholog_one2one,1
ENSG00000285188,PDE4C,,,,NA
ENSG00000180764,PIPSL,,,,NA
ENSG00000184381,PLA2G6,ENSMUSG00000042632,Pla2g6,ortholog_one2one,1
ENSG00000196576,PLXNB2,ENSMUSG00000036606,Plxnb2,ortholog_one2one,1
ENSG00000083642,PDS5B,ENSMUSG00000034021,Pds5b,ortholog_one2one,1
ENSG00000160209,PDXK,ENSMUSG00000032788,Pdxk,ortholog_one2one,1
ENSG00000100410,PHF5A,ENSMUSG00000061360,Phf5a,ortholog_one2one,1
ENSG00000181191,PJA1,ENSMUSG00000034403,Pja1,ortholog_one2one,1
ENSG00000130827,PLXNA3,ENSMUSG00000031398,Plxna3,ortholog_one2one,1
ENSG00000101333,PLCB4,ENSMUSG00000039943,Plcb4,ortholog_one2one,1
ENSG00000100029,PES1,ENSMUSG00000020430,Pes1,ortholog_one2one,1
ENSG00000175198,PCCA,ENSMUSG00000041650,Pcca,ortholog_one2one,1
ENSG00000181222,POLR2A,ENSMUSG00000005198,Polr2a,ortholog_one2one,1
ENSG00000240694,PNMA2,ENSMUSG00000046204,Pnma2,ortholog_one2one,1
ENSG00000230341,PPP1R18,,,,NA
ENSG00000160299,PCNT,ENSMUSG00000001151,Pcnt,ortholog_one2one,1
ENSG00000259075,POC1B-GALNT4,,,,NA
ENSG00000124429,POF1B,ENSMUSG00000034607,Pof1b,ortholog_one2one,1
ENSG00000088356,PDRG1,ENSMUSG00000027472,Pdrg1,ortholog_one2one,1
ENSG00000100417,PMM1,ENSMUSG00000022474,Pmm1,ortholog_one2one,1
ENSG00000090470,PDCD7,ENSMUSG00000041837,Pdcd7,ortholog_one2one,1
ENSG00000101751,POLI,ENSMUSG00000038425,Poli,ortholog_one2one,1
ENSG00000125851,PCSK2,ENSMUSG00000027419,Pcsk2,ortholog_one2one,1
ENSG00000237335,PFDN6,,,,NA
ENSG00000167004,PDIA3,ENSMUSG00000027248,Pdia3,ortholog_one2one,1
ENSG00000083535,PIBF1,ENSMUSG00000022064,Pibf1,ortholog_one2one,1
ENSG00000231247,PPP1R18,,,,NA
ENSG00000234000,PPP1R18,,,,NA
ENSG00000140992,PDPK1,ENSMUSG00000024122,Pdpk1,ortholog_one2one,1
ENSG00000222038,POTEJ,,,,NA
ENSG00000169564,PCBP1,ENSMUSG00000051695,Pcbp1,ortholog_one2one,1
ENSG00000178209,PLEC,ENSMUSG00000022565,Plec,ortholog_one2one,1
ENSG00000224782,PFDN6,,,,NA
ENSG00000140521,POLG,ENSMUSG00000039176,Polg,ortholog_one2one,1
ENSG00000165194,PCDH19,ENSMUSG00000051323,Pcdh19,ortholog_one2one,1
ENSG00000102024,PLS3,ENSMUSG00000016382,Pls3,ortholog_one2one,1
ENSG00000167641,PPP1R14A,ENSMUSG00000037166,Ppp1r14a,ortholog_one2one,1
ENSG00000175175,PPM1E,ENSMUSG00000046442,Ppm1e,ortholog_one2one,1
ENSG00000102230,PCYT1B,ENSMUSG00000035246,Pcyt1b,ortholog_one2one,1
ENSG00000173517,PEAK1,ENSMUSG00000074305,Peak1,ortholog_one2one,1
ENSG00000225060,PPP1R18,,,,NA
ENSG00000040199,PHLPP2,ENSMUSG00000031732,Phlpp2,ortholog_one2one,1
ENSG00000081913,PHLPP1,ENSMUSG00000044340,Phlpp1,ortholog_one2one,1
ENSG00000134283,PPHLN1,ENSMUSG00000036167,Pphln1,ortholog_one2one,1
ENSG00000236428,PPP1R18,,,,NA
ENSG00000229998,PPP1R18,,,,NA
ENSG00000101132,PFDN4,ENSMUSG00000052033,Pfdn4,ortholog_one2one,1
ENSG00000069943,PIGB,ENSMUSG00000079469,Pigb,ortholog_one2one,1
ENSG00000168255,POLR2J3,,,,NA
ENSG00000225553,PHF1,,,,NA
ENSG00000101445,PPP1R16B,ENSMUSG00000037754,Ppp1r16b,ortholog_one2one,1
ENSG00000197724,PHF2,ENSMUSG00000038025,Phf2,ortholog_one2one,1
ENSG00000067057,PFKP,ENSMUSG00000021196,Pfkp,ortholog_one2one,1
ENSG00000104356,POP1,ENSMUSG00000022325,Pop1,ortholog_one2one,1
ENSG00000182621,PLCB1,ENSMUSG00000051177,Plcb1,ortholog_one2one,1
ENSG00000099139,PCSK5,ENSMUSG00000024713,Pcsk5,ortholog_one2one,1
ENSG00000164751,PEX2,ENSMUSG00000040374,Pex2,ortholog_one2one,1
ENSG00000102309,PIN4,ENSMUSG00000079480,Pin4,ortholog_one2one,1
ENSG00000131828,PDHA1,ENSMUSG00000031299,Pdha1,ortholog_one2one,1
ENSG00000177700,POLR2L,,,,NA
ENSG00000235692,PFDN6,,,,NA
ENSG00000108179,PPIF,ENSMUSG00000021868,Ppif,ortholog_one2one,1
ENSG00000206283,PFDN6,,,,NA
ENSG00000176903,PNMA1,ENSMUSG00000054383,Pnma1,ortholog_one2one,1
ENSG00000239756,PHF1,,,,NA
ENSG00000206485,PPP1R18,,,,NA
ENSG00000154864,PIEZO2,ENSMUSG00000041482,Piezo2,ortholog_one2one,1
ENSG00000070501,POLB,ENSMUSG00000031536,Polb,ortholog_one2one,1
ENSG00000124299,PEPD,ENSMUSG00000063931,Pepd,ortholog_one2one,1
ENSG00000232838,PET117,ENSMUSG00000098387,Pet117,ortholog_one2one,1
ENSG00000240891,PLCXD2,ENSMUSG00000087141,Plcxd2,ortholog_one2one,1
ENSG00000073417,PDE8A,ENSMUSG00000025584,Pde8a,ortholog_one2one,1
ENSG00000215193,PEX26,ENSMUSG00000067825,Pex26,ortholog_one2one,1
ENSG00000241839,PLEKHO2,ENSMUSG00000050721,Plekho2,ortholog_one2one,1
ENSG00000168291,PDHB,ENSMUSG00000021748,Pdhb,ortholog_one2one,1
ENSG00000165688,PMPCA,ENSMUSG00000026926,Pmpca,ortholog_one2one,1
ENSG00000113205,PCDHB3,ENSMUSG00000045498,Pcdhb3,ortholog_one2one,1
ENSG00000081818,PCDHB4,ENSMUSG00000063687,Pcdhb5,ortholog_one2many,1
ENSG00000081818,PCDHB4,ENSMUSG00000051242,Pcdhb9,ortholog_one2many,0
ENSG00000081818,PCDHB4,ENSMUSG00000045062,Pcdhb7,ortholog_one2many,0
ENSG00000113209,PCDHB5,ENSMUSG00000051486,Pcdhb11,ortholog_one2many,0
ENSG00000113209,PCDHB5,ENSMUSG00000045689,Pcdhb4,ortholog_one2many,1
ENSG00000113209,PCDHB5,ENSMUSG00000045876,Pcdhb8,ortholog_one2many,0
ENSG00000113209,PCDHB5,ENSMUSG00000043458,Pcdhb12,ortholog_one2many,0
ENSG00000113209,PCDHB5,ENSMUSG00000045657,Pcdhb10,ortholog_one2many,0
ENSG00000113209,PCDHB5,ENSMUSG00000051678,Pcdhb6,ortholog_one2many,1
ENSG00000272674,PCDHB16,ENSMUSG00000046387,Pcdhb17,ortholog_one2one,1
ENSG00000120324,PCDHB10,ENSMUSG00000048347,Pcdhb18,ortholog_one2many,1
ENSG00000197479,PCDHB11,ENSMUSG00000043313,Pcdhb19,ortholog_one2many,1
ENSG00000067177,PHKA1,ENSMUSG00000034055,Phka1,ortholog_one2one,1
ENSG00000284762,PDE8B,,,,NA
ENSG00000204434,POTEKP,,,,NA
ENSG00000241360,PDXP,ENSMUSG00000116165,Pdxp,ortholog_one2one,1
ENSG00000146001,PCDHB18P,,,,NA
ENSG00000290894,PCDHB18P,,,,NA
ENSG00000247077,PGAM5,ENSMUSG00000029500,Pgam5,ortholog_one2one,1
ENSG00000166473,PKD1L2,ENSMUSG00000034416,Pkd1l2,ortholog_one2one,1
ENSG00000171314,PGAM1,ENSMUSG00000011752,Pgam1,ortholog_one2one,1
ENSG00000159763,PIP,ENSMUSG00000058499,Pip,ortholog_one2one,0
ENSG00000004799,PDK4,ENSMUSG00000019577,Pdk4,ortholog_one2one,1
ENSG00000009830,POMT2,ENSMUSG00000034126,Pomt2,ortholog_one2one,1
ENSG00000122194,PLG,ENSMUSG00000059481,Plg,ortholog_one2many,1
ENSG00000102144,PGK1,ENSMUSG00000062070,Pgk1,ortholog_one2one,1
ENSG00000090097,PCBP4,ENSMUSG00000023495,Pcbp4,ortholog_one2one,1
ENSG00000101856,PGRMC1,ENSMUSG00000006373,Pgrmc1,ortholog_one2one,1
ENSG00000197136,PCNX3,ENSMUSG00000054874,Pcnx3,ortholog_one2one,1
ENSG00000186111,PIP5K1C,ENSMUSG00000034902,Pip5k1c,ortholog_one2one,1
ENSG00000100982,PCIF1,ENSMUSG00000039849,Pcif1,ortholog_one2one,1
ENSG00000127564,PKMYT1,ENSMUSG00000023908,Pkmyt1,ortholog_one2one,1
ENSG00000196834,POTEI,,,,NA
ENSG00000241878,PISD,ENSMUSG00000023452,Pisd,ortholog_one2many,0
ENSG00000241878,PISD,ENSMUSG00000095041,,ortholog_one2many,0
ENSG00000139144,PIK3C2G,ENSMUSG00000030228,Pik3c2g,ortholog_one2one,1
ENSG00000165282,PIGO,ENSMUSG00000028454,Pigo,ortholog_one2one,1
ENSG00000120509,PDZD11,ENSMUSG00000015668,Pdzd11,ortholog_one2one,1
ENSG00000115896,PLCL1,ENSMUSG00000038349,Plcl1,ortholog_one2one,1
ENSG00000225110,PNMA6F,ENSMUSG00000109368,Gm45015,ortholog_many2many,0
ENSG00000225110,PNMA6F,ENSMUSG00000096966,Pnma6e,ortholog_many2many,0
ENSG00000100034,PPM1F,ENSMUSG00000026181,Ppm1f,ortholog_one2one,1
ENSG00000114054,PCCB,ENSMUSG00000032527,Pccb,ortholog_one2one,1
ENSG00000130653,PNPLA7,ENSMUSG00000036833,Pnpla7,ortholog_one2one,1
ENSG00000008710,PKD1,ENSMUSG00000032855,Pkd1,ortholog_one2one,1
ENSG00000197943,PLCG2,ENSMUSG00000034330,Plcg2,ortholog_one2one,1
ENSG00000102109,PCSK1N,ENSMUSG00000039278,Pcsk1n,ortholog_one2one,1
ENSG00000276293,PIP4K2B,ENSMUSG00000018547,Pip4k2b,ortholog_one2one,1
ENSG00000054148,PHPT1,ENSMUSG00000036504,Phpt1,ortholog_one2one,1
ENSG00000102312,PORCN,ENSMUSG00000031169,Porcn,ortholog_one2one,1
ENSG00000146112,PPP1R18,ENSMUSG00000034595,Ppp1r18,ortholog_one2one,1
ENSG00000180957,PITPNB,ENSMUSG00000050017,Pitpnb,ortholog_one2one,1
ENSG00000100941,PNN,ENSMUSG00000020994,Pnn,ortholog_one2one,1
ENSG00000102290,PCDH11X,ENSMUSG00000034755,Pcdh11x,ortholog_one2many,1
ENSG00000171497,PPID,ENSMUSG00000027804,Ppid,ortholog_one2one,1
ENSG00000136940,PDCL,ENSMUSG00000009030,Pdcl,ortholog_one2one,1
ENSG00000241973,PI4KA,ENSMUSG00000041720,Pi4ka,ortholog_one2one,1
ENSG00000100227,POLDIP3,ENSMUSG00000041815,Poldip3,ortholog_one2one,1
ENSG00000102934,PLLP,ENSMUSG00000031775,Pllp,ortholog_one2one,1
ENSG00000185900,POMK,ENSMUSG00000037251,Pomk,ortholog_one2one,1
ENSG00000135241,PNPLA8,ENSMUSG00000036257,Pnpla8,ortholog_one2one,1
ENSG00000137841,PLCB2,ENSMUSG00000040061,Plcb2,ortholog_one2one,1
ENSG00000114209,PDCD10,ENSMUSG00000027835,Pdcd10,ortholog_one2one,1
ENSG00000154678,PDE1C,ENSMUSG00000004347,Pde1c,ortholog_one2one,1
ENSG00000258429,PDF,ENSMUSG00000078931,Pdf,ortholog_one2one,1
ENSG00000067225,PKM,ENSMUSG00000032294,Pkm,ortholog_one2one,1
ENSG00000101868,POLA1,ENSMUSG00000006678,Pola1,ortholog_one2one,1
ENSG00000034693,PEX3,ENSMUSG00000019809,Pex3,ortholog_one2one,1
ENSG00000118482,PHF3,ENSMUSG00000048874,Phf3,ortholog_one2one,1
ENSG00000100151,PICK1,ENSMUSG00000068206,Pick1,ortholog_one2one,1
ENSG00000112511,PHF1,ENSMUSG00000024193,Phf1,ortholog_one2one,1
ENSG00000180817,PPA1,ENSMUSG00000020089,Ppa1,ortholog_one2one,1
ENSG00000087495,PHACTR3,ENSMUSG00000027525,Phactr3,ortholog_one2one,1
ENSG00000132646,PCNA,ENSMUSG00000027342,Pcna,ortholog_one2one,1
ENSG00000152684,PELO,ENSMUSG00000042275,Pelo,ortholog_one2one,1
ENSG00000123360,PDE1B,ENSMUSG00000022489,Pde1b,ortholog_one2one,1
ENSG00000150867,PIP4K2A,ENSMUSG00000026737,Pip4k2a,ortholog_one2one,1
ENSG00000047315,POLR2B,ENSMUSG00000029250,Polr2b,ortholog_one2one,1
ENSG00000198729,PPP1R14C,ENSMUSG00000040653,Ppp1r14c,ortholog_one2one,1
ENSG00000255529,POLR2M,ENSMUSG00000032199,Polr2m,ortholog_one2one,1
ENSG00000253305,PCDHGB6,ENSMUSG00000103088,Pcdhgb6,ortholog_one2one,1
ENSG00000075651,PLD1,ENSMUSG00000027695,Pld1,ortholog_one2one,1
ENSG00000204965,PCDHA5,ENSMUSG00000103092,Pcdha5,ortholog_one2one,1
ENSG00000254221,PCDHGB1,ENSMUSG00000103037,Pcdhgb1,ortholog_one2one,1
ENSG00000104866,PPP1R37,ENSMUSG00000051403,Ppp1r37,ortholog_one2one,1
ENSG00000105185,PDCD5,ENSMUSG00000030417,Pdcd5,ortholog_one2one,1
ENSG00000108518,PFN1,ENSMUSG00000018293,Pfn1,ortholog_one2one,1
ENSG00000262576,PCDHGA4,ENSMUSG00000103677,Pcdhga4,ortholog_one2one,1
ENSG00000179761,PIPOX,ENSMUSG00000017453,Pipox,ortholog_one2one,1
ENSG00000103335,PIEZO1,ENSMUSG00000014444,Piezo1,ortholog_one2one,1
ENSG00000006757,PNPLA4,,,,NA
ENSG00000203880,PCMTD2,ENSMUSG00000027589,Pcmtd2,ortholog_one2one,1
ENSG00000145725,PPIP5K2,ENSMUSG00000040648,Ppip5k2,ortholog_one2one,1
ENSG00000102390,PBDC1,ENSMUSG00000031226,Pbdc1,ortholog_one2one,1
ENSG00000172943,PHF8,ENSMUSG00000041229,Phf8,ortholog_one2one,1
ENSG00000175287,PHYHD1,ENSMUSG00000079484,Phyhd1,ortholog_one2one,1
ENSG00000240184,PCDHGC3,ENSMUSG00000102918,Pcdhgc3,ortholog_one2one,1
ENSG00000140650,PMM2,ENSMUSG00000022711,Pmm2,ortholog_one2one,1
ENSG00000101346,POFUT1,ENSMUSG00000046020,Pofut1,ortholog_one2one,1
ENSG00000214517,PPME1,ENSMUSG00000030718,Ppme1,ortholog_one2one,1
ENSG00000044446,PHKA2,ENSMUSG00000031295,Phka2,ortholog_one2one,1
ENSG00000124181,PLCG1,ENSMUSG00000016933,Plcg1,ortholog_one2one,1
ENSG00000118898,PPL,ENSMUSG00000039457,Ppl,ortholog_one2one,1
ENSG00000123143,PKN1,ENSMUSG00000057672,Pkn1,ortholog_one2one,1
ENSG00000173868,PHOSPHO1,ENSMUSG00000050860,Phospho1,ortholog_one2one,1
ENSG00000104368,PLAT,ENSMUSG00000031538,Plat,ortholog_one2one,1
ENSG00000156973,PDE6D,ENSMUSG00000026239,Pde6d,ortholog_one2one,1
ENSG00000081853,PCDHGA2,ENSMUSG00000103332,Pcdhga2,ortholog_one2one,1
ENSG00000167103,PIP5KL1,ENSMUSG00000046854,Pip5kl1,ortholog_one2one,1
ENSG00000169499,PLEKHA2,ENSMUSG00000031557,Plekha2,ortholog_one2one,1
ENSG00000166794,PPIB,ENSMUSG00000032383,Ppib,ortholog_one2one,1
ENSG00000107679,PLEKHA1,ENSMUSG00000040268,Plekha1,ortholog_one2one,1
ENSG00000120913,PDLIM2,ENSMUSG00000022090,Pdlim2,ortholog_one2one,1
ENSG00000160539,PLPP7,ENSMUSG00000051373,Plpp7,ortholog_one2one,1
ENSG00000126249,PDCD2L,ENSMUSG00000002635,Pdcd2l,ortholog_one2one,1
ENSG00000139220,PPFIA2,ENSMUSG00000053825,Ppfia2,ortholog_one2one,1
ENSG00000147471,PLPBP,ENSMUSG00000031485,Plpbp,ortholog_one2one,1
ENSG00000013503,POLR3B,ENSMUSG00000034453,Polr3b,ortholog_one2one,1
ENSG00000154553,PDLIM3,ENSMUSG00000031636,Pdlim3,ortholog_one2one,1
ENSG00000165443,PHYHIPL,ENSMUSG00000037747,Phyhipl,ortholog_one2one,1
ENSG00000169851,PCDH7,ENSMUSG00000029108,Pcdh7,ortholog_one2one,1
ENSG00000179889,PDXDC1,ENSMUSG00000022680,Pdxdc1,ortholog_one2one,1
ENSG00000171566,PLRG1,ENSMUSG00000027998,Plrg1,ortholog_one2one,1
ENSG00000164040,PGRMC2,ENSMUSG00000049940,Pgrmc2,ortholog_one2one,1
ENSG00000115425,PECR,ENSMUSG00000026189,Pecr,ortholog_one2one,1
ENSG00000154822,PLCL2,ENSMUSG00000038910,Plcl2,ortholog_one2one,1
ENSG00000115556,PLCD4,ENSMUSG00000026173,Plcd4,ortholog_one2one,1
ENSG00000147588,PMP2,ENSMUSG00000052468,Pmp2,ortholog_one2one,1
ENSG00000111110,PPM1H,ENSMUSG00000034613,Ppm1h,ortholog_one2one,1
ENSG00000243232,PCDHAC2,ENSMUSG00000102697,Pcdhac2,ortholog_one2one,1
ENSG00000070087,PFN2,ENSMUSG00000027805,Pfn2,ortholog_one2one,1
ENSG00000099817,POLR2E,ENSMUSG00000004667,Polr2e,ortholog_one2one,1
ENSG00000126822,PLEKHG3,ENSMUSG00000052609,Plekhg3,ortholog_one2one,1
ENSG00000262209,PCDHGB3,,,,NA
ENSG00000167676,PLIN4,ENSMUSG00000002831,Plin4,ortholog_one2one,1
ENSG00000052126,PLEKHA5,ENSMUSG00000030231,Plekha5,ortholog_one2one,1
ENSG00000021300,PLEKHB1,ENSMUSG00000030701,Plekhb1,ortholog_one2one,1
ENSG00000261934,PCDHGA9,ENSMUSG00000102440,Pcdhga9,ortholog_one2one,1
ENSG00000165650,PDZD8,ENSMUSG00000074746,Pdzd8,ortholog_one2one,1
ENSG00000086717,PPEF1,ENSMUSG00000062168,Ppef1,ortholog_one2one,1
ENSG00000112137,PHACTR1,ENSMUSG00000054728,Phactr1,ortholog_one2one,1
ENSG00000106333,PCOLCE,ENSMUSG00000029718,Pcolce,ortholog_one2one,1
ENSG00000067992,PDK3,ENSMUSG00000035232,Pdk3,ortholog_one2one,1
ENSG00000120327,PCDHB14,ENSMUSG00000046191,Pcdhb20,ortholog_one2one,1
ENSG00000105223,PLD3,ENSMUSG00000003363,Pld3,ortholog_one2one,1
ENSG00000105851,PIK3CG,ENSMUSG00000020573,Pik3cg,ortholog_one2one,1
ENSG00000170525,PFKFB3,ENSMUSG00000026773,Pfkfb3,ortholog_one2one,1
ENSG00000105854,PON2,ENSMUSG00000032667,Pon2,ortholog_one2one,1
ENSG00000067840,PDZD4,ENSMUSG00000002006,Pdzd4,ortholog_one2one,1
ENSG00000090857,PDPR,ENSMUSG00000033624,Pdpr,ortholog_one2one,1
ENSG00000123560,PLP1,ENSMUSG00000031425,Plp1,ortholog_one2one,1
ENSG00000139197,PEX5,ENSMUSG00000005069,Pex5,ortholog_one2one,1
ENSG00000168490,PHYHIP,ENSMUSG00000003469,Phyhip,ortholog_one2one,1
ENSG00000088808,PPP1R13B,ENSMUSG00000021285,Ppp1r13b,ortholog_one2one,1
ENSG00000164951,PDP1,ENSMUSG00000049225,Pdp1,ortholog_one2one,1
ENSG00000110435,PDHX,ENSMUSG00000010914,Pdhx,ortholog_one2one,1
ENSG00000112033,PPARD,ENSMUSG00000002250,Ppard,ortholog_one2one,1
ENSG00000120265,PCMT1,ENSMUSG00000019795,Pcmt1,ortholog_one2one,1
ENSG00000099821,POLRMT,ENSMUSG00000020329,Polrmt,ortholog_one2one,1
ENSG00000102893,PHKB,ENSMUSG00000036879,Phkb,ortholog_one2one,1
ENSG00000166821,PEX11A,ENSMUSG00000030545,Pex11a,ortholog_one2one,1
ENSG00000127445,PIN1,ENSMUSG00000032171,Pin1,ortholog_one2many,1
ENSG00000127445,PIN1,ENSMUSG00000074997,Pin1rt1,ortholog_one2many,0
ENSG00000198805,PNP,ENSMUSG00000115338,Pnp,ortholog_one2many,1
ENSG00000198805,PNP,ENSMUSG00000068417,Pnp2,ortholog_one2many,1
ENSG00000215021,PHB2,ENSMUSG00000004264,Phb2,ortholog_one2one,1
ENSG00000112541,PDE10A,ENSMUSG00000023868,Pde10a,ortholog_one2one,1
ENSG00000204220,PFDN6,ENSMUSG00000024309,Pfdn6,ortholog_one2one,1
ENSG00000081842,PCDHA6,ENSMUSG00000103707,Pcdha6,ortholog_one2many,1
ENSG00000091622,PITPNM3,ENSMUSG00000040543,Pitpnm3,ortholog_one2one,1
ENSG00000144647,POMGNT2,ENSMUSG00000066235,Pomgnt2,ortholog_one2one,1
ENSG00000184203,PPP1R2,ENSMUSG00000121976,Ppp1r2-ps5,ortholog_many2many,0
ENSG00000184203,PPP1R2,ENSMUSG00000094843,Ppp1r2-ps1,ortholog_many2many,0
ENSG00000184203,PPP1R2,ENSMUSG00000095869,Ppp1r2-ps6,ortholog_many2many,0
ENSG00000184203,PPP1R2,ENSMUSG00000047714,Ppp1r2,ortholog_many2many,1
ENSG00000145675,PIK3R1,ENSMUSG00000041417,Pik3r1,ortholog_one2one,1
ENSG00000105520,PLPPR2,ENSMUSG00000040563,Plppr2,ortholog_one2one,1
ENSG00000100889,PCK2,ENSMUSG00000040618,Pck2,ortholog_one2one,1
ENSG00000143870,PDIA6,ENSMUSG00000020571,Pdia6,ortholog_one2one,1
ENSG00000165782,PIP4P1,ENSMUSG00000035953,Pip4p1,ortholog_one2one,1
ENSG00000121440,PDZRN3,ENSMUSG00000035357,Pdzrn3,ortholog_one2one,1
ENSG00000054690,PLEKHH1,ENSMUSG00000060716,Plekhh1,ortholog_one2one,1
ENSG00000113721,PDGFRB,ENSMUSG00000024620,Pdgfrb,ortholog_one2one,1
ENSG00000164050,PLXNB1,ENSMUSG00000053646,Plxnb1,ortholog_one2one,1
ENSG00000127838,PNKD,ENSMUSG00000026179,Pnkd,ortholog_one2one,1
ENSG00000198300,PEG3,ENSMUSG00000002265,Peg3,ortholog_one2one,1
ENSG00000078674,PCM1,ENSMUSG00000031592,Pcm1,ortholog_one2one,1
ENSG00000139289,PHLDA1,ENSMUSG00000020205,Phlda1,ortholog_one2one,1
ENSG00000032444,PNPLA6,ENSMUSG00000004565,Pnpla6,ortholog_one2one,1
ENSG00000122733,PHF24,ENSMUSG00000036062,Phf24,ortholog_one2one,1
ENSG00000159337,PLA2G4D,ENSMUSG00000070719,Pla2g4d,ortholog_one2one,1
ENSG00000171453,POLR1C,ENSMUSG00000067148,Polr1c,ortholog_one2one,1
ENSG00000155099,PIP4P2,ENSMUSG00000028221,Pip4p2,ortholog_one2one,1
ENSG00000242419,PCDHGC4,ENSMUSG00000023036,Pcdhgc4,ortholog_one2one,1
ENSG00000160972,PPP1R16A,ENSMUSG00000033819,Ppp1r16a,ortholog_one2one,1
ENSG00000108439,PNPO,ENSMUSG00000018659,Pnpo,ortholog_one2one,1
ENSG00000137168,PPIL1,ENSMUSG00000024007,Ppil1,ortholog_one2one,1
ENSG00000124587,PEX6,ENSMUSG00000002763,Pex6,ortholog_one2one,1
ENSG00000139946,PELI2,ENSMUSG00000021846,Peli2,ortholog_one2one,1
ENSG00000149782,PLCB3,ENSMUSG00000024960,Plcb3,ortholog_one2one,1
ENSG00000107537,PHYH,ENSMUSG00000026664,Phyh,ortholog_one2one,1
ENSG00000121879,PIK3CA,ENSMUSG00000027665,Pik3ca,ortholog_one2one,1
ENSG00000118762,PKD2,ENSMUSG00000034462,Pkd2,ortholog_one2one,1
ENSG00000138650,PCDH10,ENSMUSG00000049100,Pcdh10,ortholog_one2one,1
ENSG00000168300,PCMTD1,ENSMUSG00000051285,Pcmtd1,ortholog_one2one,1
ENSG00000070047,PHRF1,ENSMUSG00000038611,Phrf1,ortholog_one2one,1
ENSG00000105647,PIK3R2,ENSMUSG00000031834,Pik3r2,ortholog_one2one,1
ENSG00000254122,PCDHGB7,ENSMUSG00000104063,Pcdhgb7,ortholog_one2one,1
ENSG00000131013,PPIL4,ENSMUSG00000015757,Ppil4,ortholog_one2one,1
ENSG00000166289,PLEKHF1,ENSMUSG00000074170,Plekhf1,ortholog_one2one,1
ENSG00000155252,PI4K2A,ENSMUSG00000025178,Pi4k2a,ortholog_one2one,1
ENSG00000090975,PITPNM2,ENSMUSG00000029406,Pitpnm2,ortholog_one2one,1
ENSG00000107242,PIP5K1B,ENSMUSG00000024867,Pip5k1b,ortholog_one2one,1
ENSG00000100614,PPM1A,ENSMUSG00000021096,Ppm1a,ortholog_one2one,1
ENSG00000253846,PCDHGA10,ENSMUSG00000102222,Pcdhga10,ortholog_one2one,1
ENSG00000165434,PGM2L1,ENSMUSG00000030729,Pgm2l1,ortholog_one2one,1
ENSG00000121892,PDS5A,ENSMUSG00000029202,Pds5a,ortholog_one2one,1
ENSG00000168781,PPIP5K1,ENSMUSG00000033526,Ppip5k1,ortholog_one2one,1
ENSG00000196262,PPIA,,,,NA
ENSG00000253159,PCDHGA12,ENSMUSG00000102428,Pcdhga12,ortholog_one2one,1
ENSG00000107020,PLGRKT,ENSMUSG00000016495,Plgrkt,ortholog_one2one,1
ENSG00000221866,PLXNA4,ENSMUSG00000029765,Plxna4,ortholog_one2one,1
ENSG00000004142,POLDIP2,ENSMUSG00000001100,Poldip2,ortholog_one2one,1
ENSG00000249915,PDCD6,ENSMUSG00000021576,Pdcd6,ortholog_one2one,1
ENSG00000256525,POLG2,ENSMUSG00000020718,Polg2,ortholog_one2one,1
ENSG00000175985,PLEKHD1,ENSMUSG00000066438,Plekhd1,ortholog_one2one,1
ENSG00000107959,PITRM1,ENSMUSG00000021193,Pitrm1,ortholog_one2one,1
ENSG00000162407,PLPP3,ENSMUSG00000028517,Plpp3,ortholog_one2one,1
ENSG00000110841,PPFIBP1,ENSMUSG00000016487,Ppfibp1,ortholog_one2one,1
ENSG00000079739,PGM1,ENSMUSG00000025791,Pgm1,ortholog_one2one,1
ENSG00000112419,PHACTR2,ENSMUSG00000062866,Phactr2,ortholog_one2one,1
ENSG00000240764,PCDHGC5,ENSMUSG00000102543,Pcdhgc5,ortholog_one2one,1
ENSG00000058600,POLR3E,ENSMUSG00000030880,Polr3e,ortholog_one2one,1
ENSG00000115946,PNO1,ENSMUSG00000020116,Pno1,ortholog_one2one,1
ENSG00000122008,POLK,ENSMUSG00000021668,Polk,ortholog_one2one,1
ENSG00000184207,PGP,ENSMUSG00000043445,Pgp,ortholog_one2one,1
ENSG00000137055,PLAA,ENSMUSG00000028577,Plaa,ortholog_one2one,1
ENSG00000118557,PMFBP1,ENSMUSG00000031727,Pmfbp1,ortholog_one2one,1
ENSG00000107438,PDLIM1,ENSMUSG00000055044,Pdlim1,ortholog_one2one,1
ENSG00000166428,PLD4,ENSMUSG00000052160,Pld4,ortholog_one2one,1
ENSG00000163644,PPM1K,ENSMUSG00000037826,Ppm1k,ortholog_one2one,1
ENSG00000155629,PIK3AP1,ENSMUSG00000025017,Pik3ap1,ortholog_one2one,1
ENSG00000114698,PLSCR4,ENSMUSG00000032377,Plscr4,ortholog_one2one,1
ENSG00000242265,PEG10,,,,NA
ENSG00000138777,PPA2,ENSMUSG00000028013,Ppa2,ortholog_one2one,1
ENSG00000155660,PDIA4,ENSMUSG00000025823,Pdia4,ortholog_one2one,1
ENSG00000062822,POLD1,ENSMUSG00000038644,Pold1,ortholog_one2one,1
ENSG00000163110,PDLIM5,ENSMUSG00000028273,Pdlim5,ortholog_one2one,1
ENSG00000115762,PLEKHB2,ENSMUSG00000026123,Plekhb2,ortholog_one2one,1
ENSG00000019144,PHLDB1,ENSMUSG00000048537,Phldb1,ortholog_one2one,1
ENSG00000160447,PKN3,ENSMUSG00000026785,Pkn3,ortholog_one2one,1
ENSG00000004399,PLXND1,ENSMUSG00000030123,Plxnd1,ortholog_one2one,1
ENSG00000253873,PCDHGA11,ENSMUSG00000102742,Pcdhga11,ortholog_one2one,1
ENSG00000087157,PGS1,ENSMUSG00000017715,Pgs1,ortholog_one2one,1
ENSG00000128567,PODXL,ENSMUSG00000025608,Podxl,ortholog_one2one,0
ENSG00000105355,PLIN3,ENSMUSG00000024197,Plin3,ortholog_one2one,1
ENSG00000102978,POLR2C,ENSMUSG00000031783,Polr2c,ortholog_one2one,1
ENSG00000133401,PDZD2,ENSMUSG00000022197,Pdzd2,ortholog_one2one,1
ENSG00000250120,PCDHA10,ENSMUSG00000103770,Pcdha9,ortholog_one2one,1
ENSG00000164088,PPM1M,ENSMUSG00000020253,Ppm1m,ortholog_one2one,1
ENSG00000185813,PCYT2,ENSMUSG00000025137,Pcyt2,ortholog_one2one,1
ENSG00000113448,PDE4D,ENSMUSG00000021699,Pde4d,ortholog_one2one,1
ENSG00000114268,PFKFB4,ENSMUSG00000025648,Pfkfb4,ortholog_one2one,1
ENSG00000113068,PFDN1,ENSMUSG00000024346,Pfdn1,ortholog_one2one,1
ENSG00000170927,PKHD1,ENSMUSG00000043760,Pkhd1,ortholog_one2one,1
ENSG00000104872,PIH1D1,ENSMUSG00000003423,Pih1d1,ortholog_one2one,1
ENSG00000128513,POT1,ENSMUSG00000024174,Pot1b,ortholog_one2many,0
ENSG00000128513,POT1,ENSMUSG00000029676,Pot1a,ortholog_one2many,1
ENSG00000007541,PIGQ,ENSMUSG00000025728,Pigq,ortholog_one2one,1
ENSG00000132570,PCBD2,ENSMUSG00000021496,Pcbd2,ortholog_one2one,1
ENSG00000057294,PKP2,ENSMUSG00000041957,Pkp2,ortholog_one2one,1
ENSG00000162896,PIGR,ENSMUSG00000026417,Pigr,ortholog_one2one,1
ENSG00000138035,PNPT1,ENSMUSG00000020464,Pnpt1,ortholog_one2one,1
ENSG00000106086,PLEKHA8,ENSMUSG00000005225,Plekha8,ortholog_one2one,1
ENSG00000123836,PFKFB2,ENSMUSG00000026409,Pfkfb2,ortholog_one2one,1
ENSG00000116095,PLEKHA3,ENSMUSG00000002733,Plekha3,ortholog_one2one,1
ENSG00000164219,PGGT1B,ENSMUSG00000024477,Pggt1b,ortholog_one2one,1
ENSG00000084072,PPIE,ENSMUSG00000028651,Ppie,ortholog_one2one,1
ENSG00000164530,PI16,ENSMUSG00000024011,Pi16,ortholog_one2one,1
ENSG00000106628,POLD2,ENSMUSG00000020471,Pold2,ortholog_one2one,1
ENSG00000130313,PGLS,ENSMUSG00000031807,Pgls,ortholog_one2one,1
ENSG00000176485,PLAAT3,ENSMUSG00000060675,Plaat3,ortholog_one2one,1
ENSG00000189184,PCDH18,ENSMUSG00000037892,Pcdh18,ortholog_one2one,1
ENSG00000178921,PFAS,ENSMUSG00000020899,Pfas,ortholog_one2one,1
ENSG00000253537,PCDHGA7,ENSMUSG00000103472,Pcdhga7,ortholog_one2one,1
ENSG00000129219,PLD2,ENSMUSG00000020828,Pld2,ortholog_one2one,1
ENSG00000186472,PCLO,ENSMUSG00000061601,Pclo,ortholog_one2one,1
ENSG00000125207,PIWIL1,ENSMUSG00000029423,Piwil1,ortholog_one2one,1
ENSG00000156873,PHKG2,ENSMUSG00000030815,Phkg2,ortholog_one2one,1
ENSG00000166228,PCBD1,ENSMUSG00000020098,Pcbd1,ortholog_one2one,1
ENSG00000089220,PEBP1,ENSMUSG00000047104,Pbp2,ortholog_one2one,0
ENSG00000105819,PMPCB,ENSMUSG00000029017,Pmpcb,ortholog_one2one,1
ENSG00000174238,PITPNA,ENSMUSG00000017781,Pitpna,ortholog_one2one,1
ENSG00000154217,PITPNC1,,,,NA
ENSG00000138032,PPM1B,ENSMUSG00000061130,Ppm1b,ortholog_one2one,1
ENSG00000141934,PLPP2,ENSMUSG00000052151,Plpp2,ortholog_one2one,1
ENSG00000114554,PLXNA1,ENSMUSG00000030084,Plxna1,ortholog_one2one,1
ENSG00000146281,PM20D2,ENSMUSG00000054659,Pm20d2,ortholog_one2one,1
ENSG00000166689,PLEKHA7,ENSMUSG00000045659,Plekha7,ortholog_one2one,1
ENSG00000120594,PLXDC2,ENSMUSG00000026748,Plxdc2,ortholog_one2one,1
ENSG00000150275,PCDH15,ENSMUSG00000052613,Pcdh15,ortholog_one2one,1
ENSG00000120278,PLEKHG1,ENSMUSG00000040624,Plekhg1,ortholog_one2one,1
ENSG00000065989,PDE4A,ENSMUSG00000032177,Pde4a,ortholog_one2one,1
ENSG00000110697,PITPNM1,ENSMUSG00000024851,Pitpnm1,ortholog_one2one,1
ENSG00000182013,PNMA8A,ENSMUSG00000041141,Pnma8a,ortholog_one2one,1
ENSG00000116005,PCYOX1,ENSMUSG00000029998,Pcyox1,ortholog_one2one,1
ENSG00000163964,PIGX,ENSMUSG00000023791,Pigx,ortholog_one2one,1
ENSG00000161217,PCYT1A,ENSMUSG00000005615,Pcyt1a,ortholog_one2one,1
ENSG00000131435,PDLIM4,ENSMUSG00000020388,Pdlim4,ortholog_one2one,1
ENSG00000131771,PPP1R1B,ENSMUSG00000061718,Ppp1r1b,ortholog_one2one,1
ENSG00000196923,PDLIM7,ENSMUSG00000021493,Pdlim7,ortholog_one2one,1
ENSG00000285437,POLR2J3,,,,NA
ENSG00000249158,PCDHA11,ENSMUSG00000102206,Pcdha11,ortholog_one2one,1
ENSG00000100731,PCNX1,ENSMUSG00000021140,Pcnx1,ortholog_one2one,1
ENSG00000177084,POLE,ENSMUSG00000007080,Pole,ortholog_one2one,1
ENSG00000105650,PDE4C,ENSMUSG00000031842,Pde4c,ortholog_one2one,1
ENSG00000106244,PDAP1,ENSMUSG00000029623,Pdap1,ortholog_one2one,1
ENSG00000115252,PDE1A,ENSMUSG00000059173,Pde1a,ortholog_one2one,1
ENSG00000198961,PJA2,ENSMUSG00000024083,Pja2,ortholog_one2one,1
ENSG00000113231,PDE8B,ENSMUSG00000021684,Pde8b,ortholog_one2one,1
ENSG00000011405,PIK3C2A,ENSMUSG00000030660,Pik3c2a,ortholog_one2one,1
ENSG00000130997,POLN,ENSMUSG00000045102,Poln,ortholog_one2one,1
ENSG00000145882,PCYOX1L,ENSMUSG00000024579,Pcyox1l,ortholog_one2one,1
ENSG00000164776,PHKG1,ENSMUSG00000025537,Phkg1,ortholog_one2one,1
ENSG00000172531,PPP1CA,ENSMUSG00000040385,Ppp1ca,ortholog_one2one,1
ENSG00000197111,PCBP2,ENSMUSG00000056851,Pcbp2,ortholog_one2one,1
ENSG00000253731,PCDHGA6,ENSMUSG00000103793,Pcdhga6,ortholog_one2one,1
ENSG00000177380,PPFIA3,ENSMUSG00000003863,Ppfia3,ortholog_one2one,1
ENSG00000173599,PC,ENSMUSG00000024892,Pcx,ortholog_one2one,1
ENSG00000105499,PLA2G4C,ENSMUSG00000033847,Pla2g4c,ortholog_one2one,1
ENSG00000186298,PPP1CC,ENSMUSG00000004455,Ppp1cc,ortholog_one2one,1
ENSG00000073921,PICALM,ENSMUSG00000039361,Picalm,ortholog_one2one,1
ENSG00000143224,PPOX,ENSMUSG00000062729,Ppox,ortholog_one2one,1
ENSG00000108733,PEX12,ENSMUSG00000018733,Pex12,ortholog_one2one,1
ENSG00000152556,PFKM,ENSMUSG00000033065,Pfkm,ortholog_one2one,1
ENSG00000175426,PCSK1,ENSMUSG00000021587,Pcsk1,ortholog_one2one,1
ENSG00000005882,PDK2,ENSMUSG00000038967,Pdk2,ortholog_one2one,1
ENSG00000156453,PCDH1,ENSMUSG00000051375,Pcdh1,ortholog_one2one,1
ENSG00000068137,PLEKHH3,ENSMUSG00000035172,Plekhh3,ortholog_one2one,1
ENSG00000127948,POR,ENSMUSG00000005514,Por,ortholog_one2one,1
ENSG00000105258,POLR2I,ENSMUSG00000019738,Polr2i,ortholog_one2one,1
ENSG00000067113,PLPP1,ENSMUSG00000021759,Plpp1,ortholog_one2one,1
ENSG00000131626,PPFIA1,ENSMUSG00000037519,Ppfia1,ortholog_one2one,1
ENSG00000058272,PPP1R12A,ENSMUSG00000019907,Ppp1r12a,ortholog_one2one,1
ENSG00000039650,PNKP,ENSMUSG00000002963,Pnkp,ortholog_one2one,1
ENSG00000178385,PLEKHM3,ENSMUSG00000051344,Plekhm3,ortholog_one2one,1
ENSG00000162869,PPP1R21,ENSMUSG00000034709,Ppp1r21,ortholog_one2one,1
ENSG00000166387,PPFIBP2,ENSMUSG00000036528,Ppfibp2,ortholog_one2one,1
ENSG00000197329,PELI1,ENSMUSG00000020134,Peli1,ortholog_one2one,1
ENSG00000174516,PELI3,ENSMUSG00000024901,Peli3,ortholog_one2one,1
ENSG00000106331,PAX4,ENSMUSG00000029706,Pax4,ortholog_one2one,1
ENSG00000213639,PPP1CB,ENSMUSG00000014956,Ppp1cb,ortholog_one2one,1
ENSG00000104883,PEX11G,ENSMUSG00000069633,Pex11g,ortholog_one2one,1
ENSG00000125503,PPP1R12C,ENSMUSG00000019254,Ppp1r12c,ortholog_one2one,1
ENSG00000114805,PLCH1,ENSMUSG00000036834,Plch1,ortholog_one2one,1
ENSG00000172572,PDE3A,ENSMUSG00000041741,Pde3a,ortholog_one2one,1
ENSG00000166908,PIP4K2C,ENSMUSG00000025417,Pip4k2c,ortholog_one2one,1
ENSG00000127980,PEX1,ENSMUSG00000005907,Pex1,ortholog_one2one,1
ENSG00000254245,PCDHGA3,ENSMUSG00000104346,Pcdhga3,ortholog_one2one,1
ENSG00000186642,PDE2A,ENSMUSG00000110195,Pde2a,ortholog_one2one,1
ENSG00000132915,PDE6A,ENSMUSG00000024575,Pde6a,ortholog_one2one,1
ENSG00000149527,PLCH2,ENSMUSG00000029055,Plch2,ortholog_one2one,1
ENSG00000174840,PDE12,ENSMUSG00000043702,Pde12,ortholog_one2one,1
ENSG00000204956,PCDHGA1,ENSMUSG00000103144,Pcdhga1,ortholog_one2one,1
ENSG00000187091,PLCD1,ENSMUSG00000010660,Plcd1,ortholog_one2one,1
ENSG00000197121,PGAP1,ENSMUSG00000073678,Pgap1,ortholog_one2one,1
ENSG00000163389,POGLUT1,ENSMUSG00000034064,Poglut1,ortholog_one2one,1
ENSG00000051382,PIK3CB,ENSMUSG00000032462,Pik3cb,ortholog_one2one,1
ENSG00000121680,PEX16,ENSMUSG00000027222,Pex16,ortholog_one2one,1
ENSG00000177425,PAWR,ENSMUSG00000035873,Pawr,ortholog_one2one,1
ENSG00000114631,PODXL2,ENSMUSG00000033152,Podxl2,ortholog_one2one,1
ENSG00000136040,PLXNC1,ENSMUSG00000074785,Plxnc1,ortholog_one2one,1
ENSG00000179598,PLD6,ENSMUSG00000043648,Pld6,ortholog_one2one,1
ENSG00000166889,PATL1,ENSMUSG00000046139,Patl1,ortholog_one2one,1
ENSG00000144824,PHLDB2,ENSMUSG00000033149,Phldb2,ortholog_one2one,1
ENSG00000087111,PIGS,ENSMUSG00000041958,Pigs,ortholog_one2one,1
ENSG00000114757,PEX5L,ENSMUSG00000027674,Pex5l,ortholog_one2one,1
ENSG00000170248,PDCD6IP,,,,NA
ENSG00000123349,PFDN5,ENSMUSG00000001289,Pfdn5,ortholog_one2one,1
ENSG00000142657,PGD,ENSMUSG00000028961,Pgd,ortholog_one2one,1
ENSG00000127125,PPCS,ENSMUSG00000028636,Ppcs,ortholog_one2one,1
ENSG00000161714,PLCD3,ENSMUSG00000020937,Plcd3,ortholog_one2one,1
ENSG00000225190,PLEKHM1,ENSMUSG00000034247,Plekhm1,ortholog_one2one,1
ENSG00000142655,PEX14,ENSMUSG00000028975,Pex14,ortholog_one2one,1
ENSG00000171680,PLEKHG5,ENSMUSG00000039713,Plekhg5,ortholog_one2one,1
ENSG00000144283,PKP4,ENSMUSG00000026991,Pkp4,ortholog_one2one,1
ENSG00000023902,PLEKHO1,ENSMUSG00000015745,Plekho1,ortholog_one2one,1
ENSG00000163882,POLR2H,ENSMUSG00000021018,Polr2h,ortholog_one2one,1
ENSG00000162517,PEF1,ENSMUSG00000028779,Pef1,ortholog_one2one,1
ENSG00000163590,PPM1L,ENSMUSG00000027784,Ppm1l,ortholog_one2one,1
ENSG00000115539,PDCL3,ENSMUSG00000026078,Pdcl3,ortholog_one2one,1
ENSG00000196455,PIK3R4,ENSMUSG00000032571,Pik3r4,ortholog_one2one,1
ENSG00000152256,PDK1,ENSMUSG00000006494,Pdk1,ortholog_one2one,1
ENSG00000178104,PDE4DIP,ENSMUSG00000038170,Pde4dip,ortholog_one2one,1
ENSG00000142892,PIGK,ENSMUSG00000039047,Pigk,ortholog_one2one,1
ENSG00000081277,PKP1,ENSMUSG00000026413,Pkp1,ortholog_one2one,1
ENSG00000131779,PEX11B,ENSMUSG00000028102,Pex11b,ortholog_one2one,1
ENSG00000153823,PID1,ENSMUSG00000045658,Pid1,ortholog_one2one,1
ENSG00000065243,PKN2,ENSMUSG00000004591,Pkn2,ortholog_one2one,1
ENSG00000064933,PMS1,ENSMUSG00000026098,Pms1,ortholog_one2one,1
ENSG00000115241,PPM1G,ENSMUSG00000029147,Ppm1g,ortholog_one2one,1
ENSG00000133056,PIK3C2B,ENSMUSG00000026447,Pik3c2b,ortholog_one2one,1
ENSG00000068654,POLR1A,ENSMUSG00000049553,Polr1a,ortholog_one2one,1
ENSG00000138398,PPIG,ENSMUSG00000042133,Ppig,ortholog_one2one,1
ENSG00000240344,PPIL3,ENSMUSG00000026035,Ppil3,ortholog_one2one,1
ENSG00000152527,PLEKHH2,ENSMUSG00000040852,Plekhh2,ortholog_one2one,1
ENSG00000174307,PHLDA3,ENSMUSG00000041801,Phlda3,ortholog_one2one,1
ENSG00000076356,PLXNA2,ENSMUSG00000026640,Plxna2,ortholog_one2one,1
ENSG00000060642,PIGV,ENSMUSG00000043257,Pigv,ortholog_one2one,1
ENSG00000115020,PIKFYVE,ENSMUSG00000025949,Pikfyve,ortholog_one2one,1
ENSG00000132849,PATJ,ENSMUSG00000061859,Patj,ortholog_one2one,1
ENSG00000162735,PEX19,ENSMUSG00000003464,Pex19,ortholog_one2one,1
ENSG00000162928,PEX13,ENSMUSG00000020283,Pex13,ortholog_one2one,1
ENSG00000160783,PMF1,ENSMUSG00000028066,Pmf1,ortholog_one2one,1
ENSG00000163346,PBXIP1,ENSMUSG00000042613,Pbxip1,ortholog_one2one,1
ENSG00000184588,PDE4B,ENSMUSG00000028525,Pde4b,ortholog_one2one,1
ENSG00000157911,PEX10,ENSMUSG00000029047,Pex10,ortholog_one2one,1
ENSG00000083444,PLOD1,ENSMUSG00000019055,Plod1,ortholog_one2one,1
ENSG00000117600,PLPPR4,ENSMUSG00000044667,Plppr4,ortholog_one2one,1
ENSG00000143847,PPFIA4,ENSMUSG00000026458,Ppfia4,ortholog_one2one,1
ENSG00000163344,PMVK,ENSMUSG00000027952,Pmvk,ortholog_one2one,1
ENSG00000143850,PLEKHA6,ENSMUSG00000041757,Plekha6,ortholog_one2one,1
ENSG00000116786,PLEKHM2,ENSMUSG00000028917,Plekhm2,ortholog_one2one,1
ENSG00000162734,PEA15,ENSMUSG00000013698,Pea15a,ortholog_one2one,1
ENSG00000171960,PPIH,ENSMUSG00000033036,Ppihl,ortholog_one2many,0
ENSG00000171960,PPIH,ENSMUSG00000060288,Ppih,ortholog_one2many,1
ENSG00000155367,PPM1J,ENSMUSG00000002228,Ppm1j,ortholog_one2one,1
ENSG00000180287,PLD5,ENSMUSG00000055214,Pld5,ortholog_one2one,1
ENSG00000143256,PFDN2,ENSMUSG00000006412,Pfdn2,ortholog_one2one,1
ENSG00000057757,PITHD1,ENSMUSG00000028669,Pithd1,ortholog_one2one,1
ENSG00000143398,PIP5K1A,ENSMUSG00000028126,Pip5k1a,ortholog_one2one,1
ENSG00000135749,PCNX2,ENSMUSG00000060212,Pcnx2,ortholog_one2one,1
ENSG00000092621,PHGDH,ENSMUSG00000053398,Phgdh,ortholog_one2one,1
ENSG00000143393,PI4KB,ENSMUSG00000038861,Pi4kb,ortholog_one2one,1
ENSG00000077157,PPP1R12B,ENSMUSG00000073557,Ppp1r12b,ortholog_one2one,1
ENSG00000171608,PIK3CD,ENSMUSG00000039936,Pik3cd,ortholog_one2one,1
ENSG00000177614,PGBD5,ENSMUSG00000050751,Pgbd5,ortholog_one2one,1
ENSG00000242875,RBMY1B,ENSMUSG00000093918,Rbmyf5,ortholog_many2many,0
ENSG00000242875,RBMY1B,ENSMUSG00000095948,Rbmyf8,ortholog_many2many,0
ENSG00000242875,RBMY1B,ENSMUSG00000093987,Rbmyf7,ortholog_many2many,0
ENSG00000242875,RBMY1B,ENSMUSG00000094511,Rbmyf6,ortholog_many2many,0
ENSG00000242875,RBMY1B,ENSMUSG00000096520,Rbmyf9,ortholog_many2many,0
ENSG00000242875,RBMY1B,ENSMUSG00000101667,Rbmyf4,ortholog_many2many,0
ENSG00000242875,RBMY1B,ENSMUSG00000102053,Rbmyf1,ortholog_many2many,0
ENSG00000242875,RBMY1B,ENSMUSG00000094658,Rbmy,ortholog_many2many,0
ENSG00000242875,RBMY1B,ENSMUSG00000095852,Rbmyf2,ortholog_many2many,0
ENSG00000242875,RBMY1B,ENSMUSG00000091987,Rbmyf3,ortholog_many2many,0
ENSG00000281221,PSMC4,,,,NA
ENSG00000291470,PTP4A3,,,,NA
ENSG00000284916,PSME1,,,,NA
ENSG00000284889,PSME2,,,,NA
ENSG00000285193,RABGGTA,,,,NA
ENSG00000281540,RCC2,,,,NA
ENSG00000284792,PTEN,,,,NA
ENSG00000280477,RASA3,,,,NA
ENSG00000292308,PRAG1,,,,NA
ENSG00000263247,PRR4,,,,NA
ENSG00000282269,PRR4,,,,NA
ENSG00000282367,PTDSS2,,,,NA
ENSG00000277823,PRH1,,,,NA
ENSG00000139687,RB1,ENSMUSG00000022105,Rb1,ortholog_one2one,1
ENSG00000102760,RGCC,ENSMUSG00000022018,Rgcc,ortholog_one2one,1
ENSG00000275338,RAB11FIP3,,,,NA
ENSG00000278326,PPP4R4,,,,NA
ENSG00000274442,PRPF8,,,,NA
ENSG00000136161,RCBTB2,ENSMUSG00000022106,Rcbtb2,ortholog_one2one,1
ENSG00000175718,RBMXL3,ENSMUSG00000073894,Rbmxl2,ortholog_one2many,0
ENSG00000248405,PRR5-ARHGAP8,,,,NA
ENSG00000275903,PSMB3,,,,NA
ENSG00000160310,PRMT2,ENSMUSG00000020230,Prmt2,ortholog_one2one,1
ENSG00000275117,PRPF31,,,,NA
ENSG00000276826,RDH13,,,,NA
ENSG00000276341,RDH13,,,,NA
ENSG00000277154,PRPF31,,,,NA
ENSG00000274651,PRPF31,,,,NA
ENSG00000277953,PRPF31,,,,NA
ENSG00000274504,RDH13,,,,NA
ENSG00000278149,RDH13,,,,NA
ENSG00000017797,RALBP1,ENSMUSG00000024096,Ralbp1,ortholog_one2one,1
ENSG00000130032,PRRG3,ENSMUSG00000033361,Prrg3,ortholog_one2one,1
ENSG00000277804,PRTN3,,,,NA
ENSG00000274144,PRPF31,,,,NA
ENSG00000165059,PRKACG,,,,NA
ENSG00000206418,RAB12,ENSMUSG00000023460,Rab12,ortholog_one2one,1
ENSG00000159200,RCAN1,ENSMUSG00000022951,Rcan1,ortholog_one2one,1
ENSG00000275125,PRXL2B,,,,NA
ENSG00000278284,RDH13,,,,NA
ENSG00000262418,PTPRC,,,,NA
ENSG00000276684,RDH13,,,,NA
ENSG00000273944,RDH13,,,,NA
ENSG00000275885,PRPF31,,,,NA
ENSG00000274894,PRPF31,,,,NA
ENSG00000275474,RDH13,,,,NA
ENSG00000276421,PRPF31,,,,NA
ENSG00000176381,PRR18,ENSMUSG00000055945,Prr18,ortholog_one2one,1
ENSG00000125249,RAP2A,ENSMUSG00000051615,Rap2a,ortholog_one2one,1
ENSG00000175354,PTPN2,ENSMUSG00000024539,Ptpn2,ortholog_one2one,1
ENSG00000292155,RETSAT,,,,NA
ENSG00000171867,PRNP,ENSMUSG00000079037,Prnp,ortholog_one2one,1
ENSG00000274418,RDH13,,,,NA
ENSG00000277707,PRPF31,,,,NA
ENSG00000102054,RBBP7,ENSMUSG00000031353,Rbbp7,ortholog_one2one,1
ENSG00000134444,RELCH,ENSMUSG00000026319,Relch,ortholog_one2one,1
ENSG00000041353,RAB27B,ENSMUSG00000024511,Rab27b,ortholog_one2one,1
ENSG00000182872,RBM10,ENSMUSG00000031060,Rbm10,ortholog_one2one,1
ENSG00000101773,RBBP8,ENSMUSG00000041238,Rbbp8,ortholog_one2one,1
ENSG00000124209,RAB22A,ENSMUSG00000027519,Rab22a,ortholog_one2one,1
ENSG00000099901,RANBP1,ENSMUSG00000005732,Ranbp1,ortholog_one2one,1
ENSG00000146676,PURB,ENSMUSG00000094483,Purb,ortholog_one2one,1
ENSG00000281184,PSMB1,,,,NA
ENSG00000273993,PTPRK,,,,NA
ENSG00000100239,PPP6R2,ENSMUSG00000036561,Ppp6r2,ortholog_one2one,1
ENSG00000282185,PTPRN2,,,,NA
ENSG00000049769,PPP1R3F,ENSMUSG00000039556,Ppp1r3f,ortholog_one2one,1
ENSG00000274247,PRSS1,,,,NA
ENSG00000238056,PRRT1,,,,NA
ENSG00000125818,PSMF1,ENSMUSG00000032869,Psmf1,ortholog_one2one,1
ENSG00000147485,PXDNL,,,,NA
ENSG00000276657,PYCR3,,,,NA
ENSG00000101911,PRPS2,ENSMUSG00000025742,Prps2,ortholog_one2one,1
ENSG00000229071,PRRT1,,,,NA
ENSG00000120899,PTK2B,ENSMUSG00000059456,Ptk2b,ortholog_one2one,1
ENSG00000175097,RAG2,ENSMUSG00000032864,Rag2,ortholog_one2one,1
ENSG00000275575,PTP4A3,,,,NA
ENSG00000136144,RCBTB1,ENSMUSG00000035469,Rcbtb1,ortholog_one2one,1
ENSG00000225141,PRRT1,,,,NA
ENSG00000292222,PRAF2,,,,NA
ENSG00000156471,PTDSS1,ENSMUSG00000021518,Ptdss1,ortholog_one2one,1
ENSG00000185989,RASA3,ENSMUSG00000031453,Rasa3,ortholog_one2one,1
ENSG00000181467,RAP2B,ENSMUSG00000036894,Rap2b,ortholog_one2one,1
ENSG00000237825,RGL2,,,,NA
ENSG00000224841,RGL2,,,,NA
ENSG00000231370,PRRC2A,,,,NA
ENSG00000128340,RAC2,ENSMUSG00000033220,Rac2,ortholog_one2one,1
ENSG00000123595,RAB9A,ENSMUSG00000079316,Rab9,ortholog_one2one,1
ENSG00000225164,PRRC2A,,,,NA
ENSG00000104695,PPP2CB,ENSMUSG00000009630,Ppp2cb,ortholog_one2one,1
ENSG00000288516,PRKACA,,,,NA
ENSG00000079974,RABL2B,ENSMUSG00000022621,Rabl2,ortholog_one2many,1
ENSG00000123570,RAB9B,ENSMUSG00000043463,Rab9b,ortholog_one2one,1
ENSG00000147274,RBMX,ENSMUSG00000049235,Gm7324,ortholog_many2many,0
ENSG00000147274,RBMX,ENSMUSG00000037070,Rbmxl1,ortholog_many2many,0
ENSG00000121390,PSPC1,ENSMUSG00000021938,Pspc1,ortholog_one2one,1
ENSG00000139746,RBM26,ENSMUSG00000022119,Rbm26,ortholog_one2one,1
ENSG00000219607,PPP1R3G,ENSMUSG00000050423,Ppp1r3g,ortholog_one2one,1
ENSG00000130701,RBBP8NL,ENSMUSG00000038980,Rbbp8nl,ortholog_one2one,1
ENSG00000124126,PREX1,ENSMUSG00000039621,Prex1,ortholog_one2one,1
ENSG00000185920,PTCH1,ENSMUSG00000021466,Ptch1,ortholog_one2one,1
ENSG00000183010,PYCR1,ENSMUSG00000025140,Pycr1,ortholog_one2one,1
ENSG00000125826,RBCK1,ENSMUSG00000027466,Rbck1,ortholog_one2one,1
ENSG00000243279,PRAF2,ENSMUSG00000031149,Praf2,ortholog_one2one,1
ENSG00000101182,PSMA7,ENSMUSG00000027566,Psma7,ortholog_one2one,1
ENSG00000172007,RAB33B,ENSMUSG00000027739,Rab33b,ortholog_one2one,1
ENSG00000119414,PPP6C,ENSMUSG00000026753,Ppp6c,ortholog_one2one,1
ENSG00000146282,RARS2,ENSMUSG00000028292,Rars2,ortholog_one2one,1
ENSG00000111215,PRR4,,,,NA
ENSG00000101146,RAE1,ENSMUSG00000027509,Rae1,ortholog_one2one,1
ENSG00000225748,PRRC2A,,,,NA
ENSG00000235956,PRRT1,,,,NA
ENSG00000109756,RAPGEF2,ENSMUSG00000062232,Rapgef2,ortholog_one2one,1
ENSG00000229488,PRRT1,,,,NA
ENSG00000226618,PRRC2A,,,,NA
ENSG00000168461,RAB31,ENSMUSG00000056515,Rab31,ortholog_one2one,1
ENSG00000126457,PRMT1,ENSMUSG00000109324,Prmt1,ortholog_one2one,1
ENSG00000119314,PTBP3,ENSMUSG00000028382,Ptbp3,ortholog_one2one,1
ENSG00000206331,PRRT1,,,,NA
ENSG00000227122,PRRT1,,,,NA
ENSG00000161057,PSMC2,ENSMUSG00000028932,Psmc2,ortholog_one2one,1
ENSG00000105618,PRPF31,ENSMUSG00000008373,Prpf31,ortholog_one2one,1
ENSG00000231825,PRRC2A,,,,NA
ENSG00000156675,RAB11FIP1,ENSMUSG00000031488,Rab11fip1,ortholog_one2one,1
ENSG00000206282,RGL2,,,,NA
ENSG00000154845,PPP4R1,ENSMUSG00000061950,Ppp4r1,ortholog_one2one,1
ENSG00000206427,PRRC2A,,,,NA
ENSG00000120910,PPP3CC,ENSMUSG00000022092,Ppp3cc,ortholog_one2one,1
ENSG00000132670,PTPRA,ENSMUSG00000027303,Ptpra,ortholog_one2one,1
ENSG00000228736,RGL2,,,,NA
ENSG00000058335,RASGRF1,ENSMUSG00000032356,Rasgrf1,ortholog_one2one,1
ENSG00000146587,RBAK,ENSMUSG00000061898,Rbak,ortholog_one2one,1
ENSG00000188559,RALGAPA2,ENSMUSG00000037110,Ralgapa2,ortholog_one2one,1
ENSG00000173482,PTPRM,ENSMUSG00000033278,Ptprm,ortholog_one2one,1
ENSG00000108352,RAPGEFL1,ENSMUSG00000038020,Rapgefl1,ortholog_one2one,1
ENSG00000148334,PTGES2,ENSMUSG00000026820,Ptges2,ortholog_one2one,1
ENSG00000169750,RAC3,ENSMUSG00000018012,Rac3,ortholog_one2one,1
ENSG00000100994,PYGB,ENSMUSG00000033059,Pygb,ortholog_one2one,1
ENSG00000056586,RC3H2,ENSMUSG00000075376,Rc3h2,ortholog_one2one,1
ENSG00000163558,PRKCI,ENSMUSG00000037643,Prkci,ortholog_one2one,1
ENSG00000119396,RAB14,ENSMUSG00000026878,Rab14,ortholog_one2one,1
ENSG00000101265,RASSF2,ENSMUSG00000027339,Rassf2,ortholog_one2one,1
ENSG00000152229,PSTPIP2,ENSMUSG00000025429,Pstpip2,ortholog_one2one,1
ENSG00000166128,RAB8B,ENSMUSG00000036943,Rab8b,ortholog_one2one,1
ENSG00000131051,RBM39,ENSMUSG00000027620,Rbm39,ortholog_one2one,1
ENSG00000105649,RAB3A,ENSMUSG00000031840,Rab3a,ortholog_one2one,1
ENSG00000101546,RBFA,ENSMUSG00000024570,Rbfa,ortholog_one2one,1
ENSG00000111218,PRMT8,ENSMUSG00000030350,Prmt8,ortholog_one2one,1
ENSG00000102317,RBM3,ENSMUSG00000031167,Rbm3,ortholog_one2one,1
ENSG00000008018,PSMB1,ENSMUSG00000014769,Psmb1,ortholog_one2one,1
ENSG00000111725,PRKAB1,ENSMUSG00000029513,Prkab1,ortholog_one2one,1
ENSG00000163933,RFT1,ENSMUSG00000052395,Rft1,ortholog_one2one,1
ENSG00000135002,RFK,ENSMUSG00000024712,Rfk,ortholog_one2one,1
ENSG00000105538,RASIP1,ENSMUSG00000044562,Rasip1,ortholog_one2one,1
ENSG00000100387,RBX1,ENSMUSG00000022400,Rbx1,ortholog_one2one,1
ENSG00000105894,PTN,ENSMUSG00000029838,Ptn,ortholog_one2one,1
ENSG00000158079,PTPDC1,ENSMUSG00000038042,Ptpdc1,ortholog_one2one,1
ENSG00000172775,PSME3IP1,ENSMUSG00000031774,Psme3ip1,ortholog_one2one,1
ENSG00000185532,PRKG1,ENSMUSG00000052920,Prkg1,ortholog_one2one,1
ENSG00000165672,PRDX3,ENSMUSG00000024997,Prdx3,ortholog_one2one,1
ENSG00000130175,PRKCSH,ENSMUSG00000003402,Prkcsh,ortholog_one2one,1
ENSG00000111540,RAB5B,ENSMUSG00000000711,Rab5b,ortholog_one2one,1
ENSG00000106588,PSMA2,ENSMUSG00000015671,Psma2,ortholog_one2one,1
ENSG00000125970,RALY,ENSMUSG00000027593,Raly,ortholog_one2one,1
ENSG00000166024,R3HCC1L,ENSMUSG00000025184,R3hcc1l,ortholog_one2one,1
ENSG00000134594,RAB33A,ENSMUSG00000031104,Rab33a,ortholog_one2one,1
ENSG00000109113,RAB34,ENSMUSG00000002059,Rab34,ortholog_one2one,1
ENSG00000100228,RAB36,ENSMUSG00000020175,Rab36,ortholog_one2one,1
ENSG00000105514,RAB3D,ENSMUSG00000019066,Rab3d,ortholog_one2one,1
ENSG00000122378,PRXL2A,ENSMUSG00000021792,Prxl2a,ortholog_one2one,1
ENSG00000196642,RABL6,ENSMUSG00000015087,Rabl6,ortholog_one2one,1
ENSG00000138698,RAP1GDS1,ENSMUSG00000028149,Rap1gds1,ortholog_one2one,1
ENSG00000172733,PURG,ENSMUSG00000049184,Purg,ortholog_one2one,1
ENSG00000235194,PPP1R3E,ENSMUSG00000072494,Ppp1r3e,ortholog_one2one,1
ENSG00000169891,REPS2,ENSMUSG00000040855,Reps2,ortholog_one2one,1
ENSG00000101417,PXMP4,ENSMUSG00000000876,Pxmp4,ortholog_one2one,1
ENSG00000147224,PRPS1,ENSMUSG00000031432,Prps1,ortholog_one2many,1
ENSG00000147224,PRPS1,ENSMUSG00000079104,Prps1l3,ortholog_one2many,0
ENSG00000123892,RAB38,ENSMUSG00000030559,Rab38,ortholog_one2one,1
ENSG00000107560,RAB11FIP2,ENSMUSG00000040022,Rab11fip2,ortholog_one2one,1
ENSG00000139547,RDH16,ENSMUSG00000069456,Rdh16,ortholog_one2many,1
ENSG00000139547,RDH16,ENSMUSG00000089789,Rdh1,ortholog_one2many,1
ENSG00000139547,RDH16,ENSMUSG00000056148,Rdh9,ortholog_one2many,1
ENSG00000139547,RDH16,ENSMUSG00000074639,Rdh16f2,ortholog_one2many,1
ENSG00000139547,RDH16,ENSMUSG00000040134,Rdh7,ortholog_one2many,0
ENSG00000139547,RDH16,ENSMUSG00000054052,Rdh19,ortholog_one2many,1
ENSG00000100949,RABGGTA,ENSMUSG00000040472,Rabggta,ortholog_one2one,1
ENSG00000004534,RBM6,ENSMUSG00000032582,Rbm6,ortholog_one2one,1
ENSG00000112655,PTK7,ENSMUSG00000023972,Ptk7,ortholog_one2one,1
ENSG00000170471,RALGAPB,ENSMUSG00000027652,Ralgapb,ortholog_one2one,1
ENSG00000117906,RCN2,ENSMUSG00000032320,Rcn2,ortholog_one2one,1
ENSG00000070159,PTPN3,ENSMUSG00000038764,Ptpn3,ortholog_one2one,1
ENSG00000105122,RASAL3,ENSMUSG00000052142,Rasal3,ortholog_one2one,1
ENSG00000244462,RBM12,,,,NA
ENSG00000101084,RAB5IF,ENSMUSG00000027637,Rab5if,ortholog_one2one,1
ENSG00000068971,PPP2R5B,ENSMUSG00000024777,Ppp2r5b,ortholog_one2one,1
ENSG00000196396,PTPN1,ENSMUSG00000027540,Ptpn1,ortholog_one2one,1
ENSG00000173039,RELA,ENSMUSG00000024927,Rela,ortholog_one2one,1
ENSG00000100890,PRORP,ENSMUSG00000021023,Prorp,ortholog_one2one,1
ENSG00000124232,RBPJL,ENSMUSG00000017007,Rbpjl,ortholog_one2one,1
ENSG00000174903,RAB1B,ENSMUSG00000024870,Rab1b,ortholog_one2one,1
ENSG00000010438,PRSS3,ENSMUSG00000071521,Try10,ortholog_many2many,0
ENSG00000010438,PRSS3,ENSMUSG00000071519,Prss3,ortholog_many2many,0
ENSG00000010438,PRSS3,ENSMUSG00000071517,Prss3l,ortholog_many2many,0
ENSG00000010438,PRSS3,ENSMUSG00000058119,Prss1l,ortholog_many2many,0
ENSG00000010438,PRSS3,ENSMUSG00000054106,Try4,ortholog_many2many,1
ENSG00000010438,PRSS3,ENSMUSG00000036938,Try5,ortholog_many2many,0
ENSG00000010438,PRSS3,ENSMUSG00000062751,Prss1,ortholog_many2many,0
ENSG00000010438,PRSS3,ENSMUSG00000057163,Prss2,ortholog_many2many,0
ENSG00000136930,PSMB7,ENSMUSG00000026750,Psmb7,ortholog_one2one,1
ENSG00000164620,RELL2,ENSMUSG00000044024,Rell2,ortholog_one2one,1
ENSG00000149177,PTPRJ,ENSMUSG00000025314,Ptprj,ortholog_one2one,1
ENSG00000011485,PPP5C,ENSMUSG00000003099,Ppp5c,ortholog_one2one,1
ENSG00000119318,RAD23B,ENSMUSG00000028426,Rad23b,ortholog_one2one,1
ENSG00000237441,RGL2,ENSMUSG00000041354,Rgl2,ortholog_one2one,1
ENSG00000152932,RAB3C,ENSMUSG00000021700,Rab3c,ortholog_one2one,1
ENSG00000129084,PSMA1,ENSMUSG00000030751,Psma1,ortholog_one2one,1
ENSG00000154001,PPP2R5E,ENSMUSG00000021051,Ppp2r5e,ortholog_one2one,1
ENSG00000118508,RAB32,,,,NA
ENSG00000009413,REV3L,ENSMUSG00000019841,Rev3l,ortholog_one2one,1
ENSG00000068831,RASGRP2,ENSMUSG00000032946,Rasgrp2,ortholog_one2one,1
ENSG00000288701,PRRC2B,ENSMUSG00000039262,Prrc2b,ortholog_one2one,1
ENSG00000057657,PRDM1,ENSMUSG00000038151,Prdm1,ortholog_one2one,1
ENSG00000172348,RCAN2,ENSMUSG00000039601,Rcan2,ortholog_one2one,1
ENSG00000141378,PTRH2,ENSMUSG00000072582,Ptrh2,ortholog_one2one,1
ENSG00000100401,RANGAP1,ENSMUSG00000022391,Rangap1,ortholog_one2one,1
ENSG00000172575,RASGRP1,ENSMUSG00000027347,Rasgrp1,ortholog_one2one,1
ENSG00000198915,RASGEF1A,ENSMUSG00000030134,Rasgef1a,ortholog_one2one,1
ENSG00000184672,RALYL,ENSMUSG00000039717,Ralyl,ortholog_one2one,1
ENSG00000169398,PTK2,ENSMUSG00000022607,Ptk2,ortholog_one2one,1
ENSG00000196090,PTPRT,ENSMUSG00000053141,Ptprt,ortholog_one2one,1
ENSG00000112640,PPP2R5D,ENSMUSG00000059409,Ppp2r5d,ortholog_one2one,1
ENSG00000107317,PTGDS,ENSMUSG00000015090,Ptgds,ortholog_one2one,1
ENSG00000188647,PTAR1,ENSMUSG00000074925,Ptar1,ortholog_one2one,1
ENSG00000101161,PRPF6,ENSMUSG00000002455,Prpf6,ortholog_one2one,1
ENSG00000165476,REEP3,ENSMUSG00000019873,Reep3,ortholog_one2one,1
ENSG00000078304,PPP2R5C,ENSMUSG00000017843,Ppp2r5c,ortholog_one2one,1
ENSG00000111737,RAB35,ENSMUSG00000029518,Rab35,ortholog_one2one,1
ENSG00000080815,PSEN1,ENSMUSG00000019969,Psen1,ortholog_one2one,1
ENSG00000151576,QTRT2,ENSMUSG00000022704,Qtrt2,ortholog_one2one,1
ENSG00000182175,RGMA,ENSMUSG00000070509,Rgma,ortholog_one2one,1
ENSG00000184489,PTP4A3,ENSMUSG00000059895,Ptp4a3,ortholog_one2one,1
ENSG00000027075,PRKCH,ENSMUSG00000021108,Prkch,ortholog_one2one,1
ENSG00000105426,PTPRS,ENSMUSG00000013236,Ptprs,ortholog_one2one,1
ENSG00000163704,PRRT3,ENSMUSG00000045009,Prrt3,ortholog_one2one,1
ENSG00000136045,PWP1,ENSMUSG00000001785,Pwp1,ortholog_one2one,1
ENSG00000106772,PRUNE2,ENSMUSG00000039126,Prune2,ortholog_one2one,1
ENSG00000119383,PTPA,ENSMUSG00000039515,Ptpa,ortholog_one2one,1
ENSG00000144724,PTPRG,ENSMUSG00000121513,Ptprg,ortholog_one2one,1
ENSG00000174231,PRPF8,ENSMUSG00000020850,Prpf8,ortholog_one2one,1
ENSG00000069974,RAB27A,ENSMUSG00000032202,Rab27a,ortholog_one2one,1
ENSG00000141084,RANBP10,ENSMUSG00000037415,Ranbp10,ortholog_one2one,1
ENSG00000100033,PRODH,ENSMUSG00000003526,Prodh,ortholog_one2many,1
ENSG00000158987,RAPGEF6,ENSMUSG00000037533,Rapgef6,ortholog_one2one,1
ENSG00000100911,PSME2,ENSMUSG00000078153,Psme2b,ortholog_one2many,0
ENSG00000100911,PSME2,ENSMUSG00000079197,Psme2,ortholog_one2many,1
ENSG00000132356,PRKAA1,ENSMUSG00000050697,Prkaa1,ortholog_one2one,1
ENSG00000104388,RAB2A,ENSMUSG00000047187,Rab2a,ortholog_one2one,1
ENSG00000010017,RANBP9,ENSMUSG00000038546,Ranbp9,ortholog_one2one,1
ENSG00000104679,R3HCC1,ENSMUSG00000034194,R3hcc1,ortholog_one2one,1
ENSG00000167461,RAB8A,ENSMUSG00000003037,Rab8a,ortholog_one2one,1
ENSG00000153233,PTPRR,ENSMUSG00000020151,Ptprr,ortholog_one2one,1
ENSG00000072062,PRKACA,ENSMUSG00000005469,Prkaca,ortholog_one2one,1
ENSG00000115685,PPP1R7,,,,NA
ENSG00000155961,RAB39B,ENSMUSG00000031202,Rab39b,ortholog_one2one,1
ENSG00000042445,RETSAT,ENSMUSG00000056666,Retsat,ortholog_one2one,1
ENSG00000169410,PTPN9,ENSMUSG00000032290,Ptpn9,ortholog_one2one,1
ENSG00000104524,PYCR3,ENSMUSG00000022571,Pycr3,ortholog_one2one,1
ENSG00000085377,PREP,ENSMUSG00000019849,Prep,ortholog_one2one,1
ENSG00000162924,REL,ENSMUSG00000020275,Rel,ortholog_one2one,1
ENSG00000106853,PTGR1,ENSMUSG00000028378,Ptgr1,ortholog_one2one,1
ENSG00000179950,PUF60,ENSMUSG00000002524,Puf60,ortholog_one2one,1
ENSG00000046889,PREX2,ENSMUSG00000048960,Prex2,ortholog_one2one,1
ENSG00000137040,RANBP6,ENSMUSG00000074909,Ranbp6,ortholog_one2one,1
ENSG00000173933,RBM4,ENSMUSG00000094936,Rbm4,ortholog_one2one,1
ENSG00000055917,PUM2,ENSMUSG00000020594,Pum2,ortholog_one2one,1
ENSG00000204478,PRAMEF20,ENSMUSG00000094855,,ortholog_many2many,0
ENSG00000204478,PRAMEF20,ENSMUSG00000095996,Pramel60,ortholog_many2many,0
ENSG00000204478,PRAMEF20,ENSMUSG00000050810,Oog3,ortholog_many2many,0
ENSG00000204478,PRAMEF20,ENSMUSG00000070616,Gm13040,ortholog_many2many,0
ENSG00000204478,PRAMEF20,ENSMUSG00000059218,Pramel26,ortholog_many2many,0
ENSG00000204478,PRAMEF20,ENSMUSG00000070619,Pramel31,ortholog_many2many,0
ENSG00000204478,PRAMEF20,ENSMUSG00000072814,Pramel54,ortholog_many2many,0
ENSG00000204478,PRAMEF20,ENSMUSG00000078512,Pramel11,ortholog_many2many,0
ENSG00000204478,PRAMEF20,ENSMUSG00000066027,Pramel51,ortholog_many2many,0
ENSG00000204478,PRAMEF20,ENSMUSG00000073721,Pramel15,ortholog_many2many,0
ENSG00000204478,PRAMEF20,ENSMUSG00000078513,Pramel22,ortholog_many2many,0
ENSG00000204478,PRAMEF20,ENSMUSG00000094383,,ortholog_many2many,0
ENSG00000204478,PRAMEF20,ENSMUSG00000096756,,ortholog_many2many,0
ENSG00000204478,PRAMEF20,ENSMUSG00000094791,,ortholog_many2many,0
ENSG00000204478,PRAMEF20,ENSMUSG00000078508,Pramel30,ortholog_many2many,0
ENSG00000204478,PRAMEF20,ENSMUSG00000096259,Pramel38,ortholog_many2many,0
ENSG00000204478,PRAMEF20,ENSMUSG00000029451,Pramel27,ortholog_many2many,0
ENSG00000204478,PRAMEF20,ENSMUSG00000078511,Pramel16,ortholog_many2many,0
ENSG00000204478,PRAMEF20,ENSMUSG00000079423,Pramel57,ortholog_many2many,0
ENSG00000204478,PRAMEF20,ENSMUSG00000078509,Pramel14,ortholog_many2many,0
ENSG00000204478,PRAMEF20,ENSMUSG00000096680,,ortholog_many2many,0
ENSG00000204478,PRAMEF20,ENSMUSG00000094172,,ortholog_many2many,0
ENSG00000204478,PRAMEF20,ENSMUSG00000096066,Pramel46,ortholog_many2many,0
ENSG00000204478,PRAMEF20,ENSMUSG00000072821,Pramel53,ortholog_many2many,0
ENSG00000204478,PRAMEF20,ENSMUSG00000091585,,ortholog_many2many,0
ENSG00000204478,PRAMEF20,ENSMUSG00000095409,Gm13043,ortholog_many2many,0
ENSG00000204478,PRAMEF20,ENSMUSG00000094043,Pramel49,ortholog_many2many,0
ENSG00000204478,PRAMEF20,ENSMUSG00000074720,,ortholog_many2many,0
ENSG00000204478,PRAMEF20,ENSMUSG00000092166,Pramel45,ortholog_many2many,0
ENSG00000204478,PRAMEF20,ENSMUSG00000066688,Pramel21,ortholog_many2many,0
ENSG00000204478,PRAMEF20,ENSMUSG00000078626,Gm12790,ortholog_many2many,0
ENSG00000204478,PRAMEF20,ENSMUSG00000094303,,ortholog_many2many,0
ENSG00000204478,PRAMEF20,ENSMUSG00000096139,Pramel50,ortholog_many2many,0
ENSG00000204478,PRAMEF20,ENSMUSG00000094722,,ortholog_many2many,0
ENSG00000204478,PRAMEF20,ENSMUSG00000036749,Pramel5,ortholog_many2many,0
ENSG00000204478,PRAMEF20,ENSMUSG00000095666,,ortholog_many2many,0
ENSG00000204478,PRAMEF20,ENSMUSG00000095475,,ortholog_many2many,0
ENSG00000204478,PRAMEF20,ENSMUSG00000096276,Gm2042,ortholog_many2many,0
ENSG00000204478,PRAMEF20,ENSMUSG00000094836,,ortholog_many2many,0
ENSG00000204478,PRAMEF20,ENSMUSG00000078625,Prame62,ortholog_many2many,0
ENSG00000204478,PRAMEF20,ENSMUSG00000025838,Pramel6,ortholog_many2many,0
ENSG00000204478,PRAMEF20,ENSMUSG00000046862,Pramel12,ortholog_many2many,0
ENSG00000204478,PRAMEF20,ENSMUSG00000094337,,ortholog_many2many,0
ENSG00000204478,PRAMEF20,ENSMUSG00000096728,,ortholog_many2many,0
ENSG00000204478,PRAMEF20,ENSMUSG00000066030,Oog2,ortholog_many2many,0
ENSG00000204478,PRAMEF20,ENSMUSG00000041805,Pramel1,ortholog_many2many,0
ENSG00000204478,PRAMEF20,ENSMUSG00000046435,Pramel24,ortholog_many2many,0
ENSG00000204478,PRAMEF20,ENSMUSG00000096576,Oog1,ortholog_many2many,0
ENSG00000204478,PRAMEF20,ENSMUSG00000095763,,ortholog_many2many,0
ENSG00000204478,PRAMEF20,ENSMUSG00000037028,Pramel18,ortholog_many2many,0
ENSG00000204478,PRAMEF20,ENSMUSG00000095074,Pramel42,ortholog_many2many,0
ENSG00000204478,PRAMEF20,ENSMUSG00000079424,Pramel47,ortholog_many2many,0
ENSG00000204478,PRAMEF20,ENSMUSG00000046133,C130073F10Rik,ortholog_many2many,0
ENSG00000204478,PRAMEF20,ENSMUSG00000070617,Pramel23,ortholog_many2many,0
ENSG00000204478,PRAMEF20,ENSMUSG00000074011,Pramel41,ortholog_many2many,0
ENSG00000204478,PRAMEF20,ENSMUSG00000038330,Pramel32,ortholog_many2many,0
ENSG00000204478,PRAMEF20,ENSMUSG00000070618,Pramel20,ortholog_many2many,0
ENSG00000204478,PRAMEF20,ENSMUSG00000095503,Pramel43,ortholog_many2many,0
ENSG00000204478,PRAMEF20,ENSMUSG00000094741,,ortholog_many2many,0
ENSG00000204478,PRAMEF20,ENSMUSG00000070890,Pramel19,ortholog_many2many,0
ENSG00000204478,PRAMEF20,ENSMUSG00000073723,Pramel61,ortholog_many2many,0
ENSG00000204478,PRAMEF20,ENSMUSG00000025839,Pramel7,ortholog_many2many,0
ENSG00000204478,PRAMEF20,ENSMUSG00000028591,Pramel13,ortholog_many2many,0
ENSG00000204478,PRAMEF20,ENSMUSG00000096236,,ortholog_many2many,0
ENSG00000204478,PRAMEF20,ENSMUSG00000094887,,ortholog_many2many,0
ENSG00000204478,PRAMEF20,ENSMUSG00000035201,Pramel17,ortholog_many2many,0
ENSG00000204478,PRAMEF20,ENSMUSG00000095954,Pramel56,ortholog_many2many,0
ENSG00000204478,PRAMEF20,ENSMUSG00000094195,Pramel44,ortholog_many2many,0
ENSG00000204478,PRAMEF20,ENSMUSG00000078510,Pramel28,ortholog_many2many,0
ENSG00000204478,PRAMEF20,ENSMUSG00000046262,Pramel29,ortholog_many2many,0
ENSG00000204478,PRAMEF20,ENSMUSG00000095505,,ortholog_many2many,0
ENSG00000204478,PRAMEF20,ENSMUSG00000070686,Pramel34,ortholog_many2many,0
ENSG00000204478,PRAMEF20,ENSMUSG00000066031,Pramel25,ortholog_many2many,0
ENSG00000204478,PRAMEF20,ENSMUSG00000096550,Gm16367,ortholog_many2many,0
ENSG00000204478,PRAMEF20,ENSMUSG00000073724,Pramel4,ortholog_many2many,0
ENSG00000204478,PRAMEF20,ENSMUSG00000095523,,ortholog_many2many,0
ENSG00000204478,PRAMEF20,ENSMUSG00000107392,Pramel35,ortholog_many2many,0
ENSG00000204478,PRAMEF20,ENSMUSG00000072813,Pramel55,ortholog_many2many,0
ENSG00000204478,PRAMEF20,ENSMUSG00000096154,Gm13057,ortholog_many2many,0
ENSG00000204478,PRAMEF20,ENSMUSG00000096044,Pramel33,ortholog_many2many,0
ENSG00000204478,PRAMEF20,ENSMUSG00000095718,Pramel40,ortholog_many2many,0
ENSG00000204478,PRAMEF20,ENSMUSG00000095570,,ortholog_many2many,0
ENSG00000204478,PRAMEF20,ENSMUSG00000070677,Pramel48,ortholog_many2many,0
ENSG00000204478,PRAMEF20,ENSMUSG00000072822,Pramel37,ortholog_many2many,0
ENSG00000204478,PRAMEF20,ENSMUSG00000047799,Oog4,ortholog_many2many,0
ENSG00000204478,PRAMEF20,ENSMUSG00000094474,,ortholog_many2many,0
ENSG00000204478,PRAMEF20,ENSMUSG00000096230,Pramel36,ortholog_many2many,0
ENSG00000135597,REPS1,ENSMUSG00000019854,Reps1,ortholog_one2one,1
ENSG00000149923,PPP4C,ENSMUSG00000030697,Ppp4c,ortholog_one2one,1
ENSG00000123131,PRDX4,ENSMUSG00000025289,Prdx4,ortholog_one2one,1
ENSG00000095261,PSMD5,ENSMUSG00000026869,Psmd5,ortholog_one2one,1
ENSG00000101843,PSMD10,ENSMUSG00000031429,Psmd10,ortholog_one2one,1
ENSG00000155093,PTPRN2,ENSMUSG00000056553,Ptprn2,ortholog_one2one,1
ENSG00000112531,QKI,ENSMUSG00000062078,Qki,ortholog_one2one,1
ENSG00000221914,PPP2R2A,ENSMUSG00000022052,Ppp2r2a,ortholog_one2one,1
ENSG00000051180,RAD51,ENSMUSG00000027323,Rad51,ortholog_one2one,1
ENSG00000172053,QARS1,ENSMUSG00000032604,Qars1,ortholog_one2one,1
ENSG00000166501,PRKCB,ENSMUSG00000052889,Prkcb,ortholog_one2one,1
ENSG00000123728,RAP2C,ENSMUSG00000050029,Rap2c,ortholog_one2one,1
ENSG00000126464,PRR12,ENSMUSG00000046574,Prr12,ortholog_one2one,1
ENSG00000041357,PSMA4,ENSMUSG00000032301,Psma4,ortholog_one2one,1
ENSG00000005249,PRKAR2B,ENSMUSG00000002997,Prkar2b,ortholog_one2one,1
ENSG00000185627,PSMD13,ENSMUSG00000025487,Psmd13,ortholog_one2one,1
ENSG00000214022,REPIN1,ENSMUSG00000052751,Repin1,ortholog_one2one,1
ENSG00000108671,PSMD11,ENSMUSG00000017428,Psmd11,ortholog_one2one,1
ENSG00000075785,RAB7A,ENSMUSG00000079477,Rab7,ortholog_one2one,0
ENSG00000139998,RAB15,ENSMUSG00000021062,Rab15,ortholog_one2one,1
ENSG00000070950,RAD18,ENSMUSG00000030254,Rad18,ortholog_one2one,1
ENSG00000174915,PTDSS2,ENSMUSG00000025495,Ptdss2,ortholog_one2one,1
ENSG00000142507,PSMB6,ENSMUSG00000018286,Psmb6,ortholog_one2one,1
ENSG00000113522,RAD50,ENSMUSG00000020380,Rad50,ortholog_one2one,1
ENSG00000185345,PRKN,ENSMUSG00000023826,Prkn,ortholog_one2one,1
ENSG00000092871,RFFL,ENSMUSG00000020696,Rffl,ortholog_one2one,1
ENSG00000139988,RDH12,ENSMUSG00000021123,Rdh12,ortholog_one2one,1
ENSG00000164985,PSIP1,ENSMUSG00000028484,Psip1,ortholog_one2one,1
ENSG00000100902,PSMA6,ENSMUSG00000021024,Psma6,ortholog_one2one,1
ENSG00000137710,RDX,ENSMUSG00000032050,Rdx,ortholog_one2one,1
ENSG00000135945,REV1,ENSMUSG00000026082,Rev1,ortholog_one2one,1
ENSG00000100567,PSMA3,ENSMUSG00000060073,Psma3,ortholog_one2one,1
ENSG00000181827,RFX7,ENSMUSG00000037674,Rfx7,ortholog_one2one,1
ENSG00000154710,RABGEF1,ENSMUSG00000025340,Rabgef1,ortholog_one2one,1
ENSG00000153707,PTPRD,ENSMUSG00000028399,Ptprd,ortholog_one2one,1
ENSG00000138738,PRDM5,ENSMUSG00000029913,Prdm5,ortholog_one2one,1
ENSG00000023287,RB1CC1,ENSMUSG00000025907,Rb1cc1,ortholog_one2one,1
ENSG00000175166,PSMD2,ENSMUSG00000006998,Psmd2,ortholog_one2one,1
ENSG00000181929,PRKAG1,ENSMUSG00000067713,Prkag1,ortholog_one2one,1
ENSG00000011478,QPCTL,ENSMUSG00000030407,Qpctl,ortholog_one2one,1
ENSG00000086589,RBM22,ENSMUSG00000024604,Rbm22,ortholog_one2one,1
ENSG00000100804,PSMB5,ENSMUSG00000022193,Psmb5,ortholog_one2one,1
ENSG00000103035,PSMD7,ENSMUSG00000039067,Psmd7,ortholog_one2one,1
ENSG00000119707,RBM25,ENSMUSG00000010608,Rbm25,ortholog_one2one,1
ENSG00000184304,PRKD1,ENSMUSG00000002688,Prkd1,ortholog_one2one,1
ENSG00000079337,RAPGEF3,ENSMUSG00000022469,Rapgef3,ortholog_one2one,1
ENSG00000239306,RBM14,ENSMUSG00000006456,Rbm14,ortholog_one2one,1
ENSG00000275342,PRAG1,ENSMUSG00000050271,Prag1,ortholog_one2one,1
ENSG00000130348,QRSL1,ENSMUSG00000019863,Qrsl1,ortholog_one2one,1
ENSG00000137502,RAB30,ENSMUSG00000030643,Rab30,ortholog_one2one,1
ENSG00000112245,PTP4A1,ENSMUSG00000144322,Ptp4a1,ortholog_one2one,1
ENSG00000152894,PTPRK,ENSMUSG00000019889,Ptprk,ortholog_one2one,1
ENSG00000074211,PPP2R2C,ENSMUSG00000029120,Ppp2r2c,ortholog_one2one,1
ENSG00000106617,PRKAG2,ENSMUSG00000028944,Prkag2,ortholog_one2one,1
ENSG00000156011,PSD3,ENSMUSG00000030465,Psd3,ortholog_one2one,1
ENSG00000204983,PRSS1,ENSMUSG00000071521,Try10,ortholog_many2many,1
ENSG00000204983,PRSS1,ENSMUSG00000071519,Prss3,ortholog_many2many,0
ENSG00000204983,PRSS1,ENSMUSG00000071517,Prss3l,ortholog_many2many,0
ENSG00000204983,PRSS1,ENSMUSG00000058119,Prss1l,ortholog_many2many,1
ENSG00000204983,PRSS1,ENSMUSG00000054106,Try4,ortholog_many2many,1
ENSG00000204983,PRSS1,ENSMUSG00000036938,Try5,ortholog_many2many,0
ENSG00000204983,PRSS1,ENSMUSG00000062751,Prss1,ortholog_many2many,1
ENSG00000204983,PRSS1,ENSMUSG00000057163,Prss2,ortholog_many2many,1
ENSG00000099256,PRTFDC1,,,,NA
ENSG00000198218,QRICH1,ENSMUSG00000006673,Qrich1,ortholog_one2one,1
ENSG00000154153,RETREG1,ENSMUSG00000022270,Retreg1,ortholog_one2one,1
ENSG00000110075,PPP6R3,ENSMUSG00000024908,Ppp6r3,ortholog_one2one,1
ENSG00000127314,RAP1B,ENSMUSG00000052681,Rap1b,ortholog_one2one,1
ENSG00000105568,PPP2R1A,,,,NA
ENSG00000167578,RAB4B,ENSMUSG00000053291,Rab4b,ortholog_one2one,1
ENSG00000165630,PRPF18,ENSMUSG00000039449,Prpf18,ortholog_one2one,1
ENSG00000155903,RASA2,ENSMUSG00000032413,Rasa2,ortholog_one2one,1
ENSG00000158528,PPP1R9A,ENSMUSG00000032827,Ppp1r9a,ortholog_one2one,1
ENSG00000198056,PRIM1,ENSMUSG00000025395,Prim1,ortholog_one2one,1
ENSG00000187024,PTRH1,ENSMUSG00000053746,Ptrh1,ortholog_one2one,1
ENSG00000106278,PTPRZ1,ENSMUSG00000068748,Ptprz1,ortholog_one2one,1
ENSG00000167964,RAB26,ENSMUSG00000079657,Rab26,ortholog_one2one,1
ENSG00000179262,RAD23A,ENSMUSG00000003813,Rad23a,ortholog_one2one,1
ENSG00000135069,PSAT1,ENSMUSG00000024640,Psat1,ortholog_one2one,1
ENSG00000197746,PSAP,ENSMUSG00000004207,Psap,ortholog_one2one,1
ENSG00000164244,PRRC1,ENSMUSG00000024594,Prrc1,ortholog_one2one,1
ENSG00000011304,PTBP1,ENSMUSG00000006498,Ptbp1,ortholog_one2one,1
ENSG00000204628,RACK1,ENSMUSG00000020372,Rack1,ortholog_one2one,1
ENSG00000164169,PRMT9,ENSMUSG00000037134,Prmt9,ortholog_one2one,1
ENSG00000092010,PSME1,ENSMUSG00000022216,Psme1,ortholog_one2one,1
ENSG00000107263,RAPGEF1,ENSMUSG00000039844,Rapgef1,ortholog_one2one,1
ENSG00000174373,RALGAPA1,ENSMUSG00000021027,Ralgapa1,ortholog_one2one,1
ENSG00000065675,PRKCQ,ENSMUSG00000026778,Prkcq,ortholog_one2one,1
ENSG00000031823,RANBP3,ENSMUSG00000002372,Ranbp3,ortholog_one2one,1
ENSG00000204314,PRRT1,ENSMUSG00000015476,Prrt1,ortholog_one2one,1
ENSG00000113643,RARS1,ENSMUSG00000018848,Rars1,ortholog_one2one,1
ENSG00000204469,PRRC2A,ENSMUSG00000024393,Prrc2a,ortholog_one2one,1
ENSG00000204764,RANBP17,ENSMUSG00000040594,Ranbp17,ortholog_one2one,1
ENSG00000114302,PRKAR2A,ENSMUSG00000032601,Prkar2a,ortholog_one2one,1
ENSG00000136238,RAC1,ENSMUSG00000001847,Rac1,ortholog_one2one,1
ENSG00000136828,RALGPS1,ENSMUSG00000038831,Ralgps1,ortholog_one2one,1
ENSG00000111679,PTPN6,ENSMUSG00000004266,Ptpn6,ortholog_one2one,1
ENSG00000121350,PYROXD1,ENSMUSG00000041671,Pyroxd1,ortholog_one2one,1
ENSG00000119698,PPP4R4,ENSMUSG00000021209,Ppp4r4,ortholog_one2one,1
ENSG00000011454,RABGAP1,ENSMUSG00000035437,Rabgap1,ortholog_one2one,1
ENSG00000137509,PRCP,ENSMUSG00000061119,Prcp,ortholog_one2one,1
ENSG00000118873,RAB3GAP2,ENSMUSG00000039318,Rab3gap2,ortholog_one2one,1
ENSG00000138069,RAB1A,ENSMUSG00000020149,Rab1a,ortholog_one2one,1
ENSG00000156475,PPP2R2B,ENSMUSG00000024500,Ppp2r2b,ortholog_one2one,1
ENSG00000253729,PRKDC,ENSMUSG00000022672,Prkdc,ortholog_one2one,1
ENSG00000167994,RAB3IL1,ENSMUSG00000024663,Rab3il1,ortholog_one2one,1
ENSG00000135870,RC3H1,ENSMUSG00000040423,Rc3h1,ortholog_one2one,1
ENSG00000132334,PTPRE,ENSMUSG00000041836,Ptpre,ortholog_one2one,1
ENSG00000172780,RAB43,ENSMUSG00000030055,Rab43,ortholog_one2one,1
ENSG00000129472,RAB2B,ENSMUSG00000022159,Rab2b,ortholog_one2one,1
ENSG00000167815,PRDX2,ENSMUSG00000005161,Prdx2,ortholog_one2one,1
ENSG00000049449,RCN1,ENSMUSG00000005973,Rcn1,ortholog_one2one,1
ENSG00000163629,PTPN13,ENSMUSG00000034573,Ptpn13,ortholog_one2one,1
ENSG00000105808,RASA4,ENSMUSG00000004952,Rasa4,ortholog_one2many,1
ENSG00000197562,RAB40C,ENSMUSG00000025730,Rab40c,ortholog_one2one,1
ENSG00000146005,PSD2,ENSMUSG00000024347,Psd2,ortholog_one2one,1
ENSG00000059915,PSD,ENSMUSG00000037126,Psd,ortholog_one2one,1
ENSG00000127328,RAB3IP,ENSMUSG00000064181,Rab3ip,ortholog_one2one,1
ENSG00000029725,RABEP1,ENSMUSG00000020817,Rabep1,ortholog_one2one,1
ENSG00000136237,RAPGEF5,ENSMUSG00000041992,Rapgef5,ortholog_one2one,1
ENSG00000108946,PRKAR1A,ENSMUSG00000020612,Prkar1a,ortholog_one2one,1
ENSG00000205517,RGL3,ENSMUSG00000040146,Rgl3,ortholog_one2one,1
ENSG00000151552,QDPR,ENSMUSG00000015806,Qdpr,ortholog_one2one,1
ENSG00000173692,PSMD1,ENSMUSG00000026229,Psmd1,ortholog_one2one,1
ENSG00000157927,RADIL,ENSMUSG00000029576,Radil,ortholog_one2one,1
ENSG00000160439,RDH13,ENSMUSG00000008435,Rdh13,ortholog_one2one,1
ENSG00000113575,PPP2CA,ENSMUSG00000020349,Ppp2ca,ortholog_one2one,1
ENSG00000131188,PRR7,ENSMUSG00000034686,Prr7,ortholog_one2one,1
ENSG00000126838,PZP,ENSMUSG00000030131,Mug2,ortholog_many2many,1
ENSG00000126838,PZP,ENSMUSG00000108022,Mug5,ortholog_many2many,1
ENSG00000126838,PZP,ENSMUSG00000059908,Mug1,ortholog_many2many,1
ENSG00000035928,RFC1,ENSMUSG00000029191,Rfc1,ortholog_one2one,1
ENSG00000168118,RAB4A,ENSMUSG00000019478,Rab4a,ortholog_one2one,1
ENSG00000157778,PSMG3,ENSMUSG00000029551,Psmg3,ortholog_one2one,1
ENSG00000113319,RASGRF2,ENSMUSG00000021708,Rasgrf2,ortholog_one2one,1
ENSG00000144642,RBMS3,ENSMUSG00000039607,Rbms3,ortholog_one2one,1
ENSG00000138669,PRKG2,ENSMUSG00000029334,Prkg2,ortholog_one2one,1
ENSG00000185238,PRMT3,ENSMUSG00000030505,Prmt3,ortholog_one2one,1
ENSG00000177548,RABEP2,ENSMUSG00000030727,Rabep2,ortholog_one2one,1
ENSG00000112210,RAB23,ENSMUSG00000004768,Rab23,ortholog_one2one,1
ENSG00000108344,PSMD3,ENSMUSG00000017221,Psmd3,ortholog_one2one,1
ENSG00000213339,QTRT1,ENSMUSG00000002825,Qtrt1,ortholog_one2one,1
ENSG00000143344,RGL1,ENSMUSG00000026482,Rgl1,ortholog_one2one,1
ENSG00000157869,RAB28,ENSMUSG00000029128,Rab28,ortholog_one2one,1
ENSG00000139890,REM2,ENSMUSG00000022176,Rem2,ortholog_one2one,1
ENSG00000100504,PYGL,ENSMUSG00000021069,Pygl,ortholog_one2one,1
ENSG00000049883,PTCD2,ENSMUSG00000021650,Ptcd2,ortholog_one2one,1
ENSG00000126583,PRKCG,ENSMUSG00000078816,Prkcg,ortholog_one2one,1
ENSG00000150687,PRSS23,ENSMUSG00000039405,Prss23,ortholog_one2one,1
ENSG00000090565,RAB11FIP3,ENSMUSG00000037098,Rab11fip3,ortholog_one2one,1
ENSG00000100519,PSMC6,ENSMUSG00000021832,Psmc6,ortholog_one2one,1
ENSG00000110958,PTGES3,ENSMUSG00000071072,Ptges3,ortholog_one2one,1
ENSG00000115839,RAB3GAP1,ENSMUSG00000036104,Rab3gap1,ortholog_one2one,1
ENSG00000131381,RBSN,ENSMUSG00000014550,Rbsn,ortholog_one2one,1
ENSG00000159788,RGS12,ENSMUSG00000029101,Rgs12,ortholog_one2one,1
ENSG00000168297,PXK,ENSMUSG00000033885,Pxk,ortholog_one2one,1
ENSG00000107758,PPP3CB,ENSMUSG00000021816,Ppp3cb,ortholog_one2one,1
ENSG00000134533,RERG,ENSMUSG00000030222,Rerg,ortholog_one2one,1
ENSG00000127947,PTPN12,ENSMUSG00000028771,Ptpn12,ortholog_one2one,1
ENSG00000175470,PPP2R2D,ENSMUSG00000041769,Ppp2r2d,ortholog_one2one,1
ENSG00000131238,PPT1,ENSMUSG00000134847,,ortholog_one2one,0
ENSG00000132359,RAP1GAP2,ENSMUSG00000038807,Rap1gap2,ortholog_one2one,1
ENSG00000078328,RBFOX1,ENSMUSG00000008658,Rbfox1,ortholog_one2one,1
ENSG00000100462,PRMT5,ENSMUSG00000023110,Prmt5,ortholog_one2one,1
ENSG00000068976,PYGM,ENSMUSG00000032648,Pygm,ortholog_one2one,1
ENSG00000167371,PRRT2,ENSMUSG00000045114,Prrt2,ortholog_one2one,1
ENSG00000184007,PTP4A2,ENSMUSG00000028788,Ptp4a2,ortholog_one2one,1
ENSG00000196415,PRTN3,ENSMUSG00000057729,Prtn3,ortholog_one2one,1
ENSG00000165916,PSMC3,ENSMUSG00000002102,Psmc3,ortholog_one2one,1
ENSG00000188191,PRKAR1B,ENSMUSG00000025855,Prkar1b,ortholog_one2one,1
ENSG00000132155,RAF1,ENSMUSG00000000441,Raf1,ortholog_one2one,1
ENSG00000132563,REEP2,ENSMUSG00000038555,Reep2,ortholog_one2one,1
ENSG00000171862,PTEN,,,,NA
ENSG00000138814,PPP3CA,ENSMUSG00000028161,Ppp3ca,ortholog_one2one,1
ENSG00000274523,RCC1L,ENSMUSG00000061979,Rcc1l,ortholog_one2one,1
ENSG00000100764,PSMC1,ENSMUSG00000021178,Psmc1,ortholog_one2one,1
ENSG00000148840,PPRC1,ENSMUSG00000055491,Pprc1,ortholog_one2one,1
ENSG00000143811,PYCR2,ENSMUSG00000026520,Pycr2,ortholog_one2one,1
ENSG00000108774,RAB5C,ENSMUSG00000019173,Rab5c,ortholog_one2one,1
ENSG00000072042,RDH11,ENSMUSG00000066441,Rdh11,ortholog_one2one,1
ENSG00000131467,PSME3,ENSMUSG00000078652,Psme3,ortholog_one2one,1
ENSG00000117592,PRDX6,ENSMUSG00000026701,Prdx6,ortholog_one2many,1
ENSG00000117592,PRDX6,ENSMUSG00000050114,Prdx6b,ortholog_one2many,0
ENSG00000105063,PPP6R1,ENSMUSG00000052296,Ppp6r1,ortholog_one2one,1
ENSG00000141127,PRPSAP2,ENSMUSG00000020528,Prpsap2,ortholog_one2one,1
ENSG00000099246,RAB18,ENSMUSG00000073639,Rab18,ortholog_one2one,1
ENSG00000145715,RASA1,ENSMUSG00000021549,Rasa1,ortholog_one2one,1
ENSG00000172794,RAB37,ENSMUSG00000020732,Rab37,ortholog_one2one,1
ENSG00000139174,PRICKLE1,ENSMUSG00000036158,Prickle1,ortholog_one2one,1
ENSG00000169435,RASSF6,ENSMUSG00000029370,Rassf6,ortholog_one2one,1
ENSG00000179331,RAB39A,ENSMUSG00000055069,Rab39,ortholog_one2one,1
ENSG00000181826,RELL1,ENSMUSG00000047881,Rell1,ortholog_one2one,1
ENSG00000115255,REEP6,,,,NA
ENSG00000099341,PSMD8,ENSMUSG00000030591,Psmd8,ortholog_one2one,1
ENSG00000131378,RFTN1,ENSMUSG00000039316,Rftn1,ortholog_one2one,1
ENSG00000144840,RABL3,ENSMUSG00000022827,Rabl3,ortholog_one2one,1
ENSG00000185129,PURA,ENSMUSG00000043991,Pura,ortholog_one2one,1
ENSG00000169228,RAB24,ENSMUSG00000034789,Rab24,ortholog_one2one,1
ENSG00000170473,PYM1,ENSMUSG00000064030,Pym1,ortholog_one2one,1
ENSG00000039560,RAI14,ENSMUSG00000022246,Rai14,ortholog_one2one,1
ENSG00000161542,PRPSAP1,ENSMUSG00000015869,Prpsap1,ortholog_one2one,1
ENSG00000179295,PTPN11,ENSMUSG00000043733,Ptpn11,ortholog_one2one,1
ENSG00000164080,RAD54L2,ENSMUSG00000040661,Rad54l2,ortholog_one2one,1
ENSG00000196504,PRPF40A,ENSMUSG00000061136,Prpf40a,ortholog_one2one,1
ENSG00000126432,PRDX5,ENSMUSG00000024953,Prdx5,ortholog_one2one,1
ENSG00000185236,RAB11B,ENSMUSG00000077450,Rab11b,ortholog_one2one,1
ENSG00000183248,PRR36,ENSMUSG00000064125,Prr36,ortholog_one2one,0
ENSG00000129625,REEP5,ENSMUSG00000005873,Reep5,ortholog_one2one,1
ENSG00000080371,RAB21,ENSMUSG00000020132,Rab21,ortholog_one2one,1
ENSG00000138073,PREB,ENSMUSG00000045302,Preb,ortholog_one2one,1
ENSG00000154229,PRKCA,ENSMUSG00000050965,Prkca,ortholog_one2one,1
ENSG00000132341,RAN,ENSMUSG00000029430,Ran,ortholog_one2one,1
ENSG00000013275,PSMC4,ENSMUSG00000030603,Psmc4,ortholog_one2one,1
ENSG00000154917,RAB6B,ENSMUSG00000032549,Rab6b,ortholog_one2one,1
ENSG00000197170,PSMD12,ENSMUSG00000020720,Psmd12,ortholog_one2one,1
ENSG00000110801,PSMD9,ENSMUSG00000029440,Psmd9,ortholog_one2one,1
ENSG00000177192,PUS1,ENSMUSG00000029507,Pus1,ortholog_one2one,1
ENSG00000006451,RALA,ENSMUSG00000008859,Rala,ortholog_one2one,1
ENSG00000162409,PRKAA2,ENSMUSG00000028518,Prkaa2,ortholog_one2one,1
ENSG00000141542,RAB40B,ENSMUSG00000025170,Rab40b,ortholog_one2one,1
ENSG00000143106,PSMA5,ENSMUSG00000068749,Psma5,ortholog_one2one,1
ENSG00000167281,RBFOX3,ENSMUSG00000025576,Rbfox3,ortholog_one2one,1
ENSG00000196850,PPTC7,ENSMUSG00000038582,Pptc7,ortholog_one2one,1
ENSG00000004700,RECQL,ENSMUSG00000030243,Recql,ortholog_one2one,1
ENSG00000173914,RBM4B,ENSMUSG00000033760,Rbm4b,ortholog_one2one,1
ENSG00000132698,RAB25,ENSMUSG00000008601,Rab25,ortholog_one2one,1
ENSG00000089159,PXN,ENSMUSG00000029528,Pxn,ortholog_one2one,1
ENSG00000143545,RAB13,ENSMUSG00000027935,Rab13,ortholog_one2one,1
ENSG00000108819,PPP1R9B,ENSMUSG00000038976,Ppp1r9b,ortholog_one2one,1
ENSG00000176894,PXMP2,ENSMUSG00000029499,Pxmp2,ortholog_one2one,1
ENSG00000151490,PTPRO,ENSMUSG00000030223,Ptpro,ortholog_one2one,1
ENSG00000179912,R3HDM2,ENSMUSG00000025404,R3hdm2,ortholog_one2one,1
ENSG00000240857,RDH14,ENSMUSG00000020621,Rdh14,ortholog_one2one,1
ENSG00000141699,RETREG3,ENSMUSG00000017802,Retreg3,ortholog_one2one,1
ENSG00000110536,PTPMT1,ENSMUSG00000063235,Ptpmt1,ortholog_one2one,1
ENSG00000110107,PRPF19,ENSMUSG00000024735,Prpf19,ortholog_one2one,1
ENSG00000277791,PSMB3,ENSMUSG00000069744,Psmb3,ortholog_one2one,1
ENSG00000110786,PTPN5,ENSMUSG00000030854,Ptpn5,ortholog_one2one,1
ENSG00000163637,PRICKLE2,ENSMUSG00000030020,Prickle2,ortholog_one2one,1
ENSG00000159352,PSMD4,ENSMUSG00000005625,Psmd4,ortholog_one2one,1
ENSG00000231887,PRH1,,,,NA
ENSG00000087191,PSMC5,ENSMUSG00000020708,Psmc5,ortholog_one2one,1
ENSG00000076201,PTPN23,ENSMUSG00000036057,Ptpn23,ortholog_one2one,1
ENSG00000114115,RBP1,ENSMUSG00000046402,Rbp1,ortholog_one2one,1
ENSG00000175582,RAB6A,ENSMUSG00000030704,Rab6a,ortholog_one2one,1
ENSG00000111445,RFC5,ENSMUSG00000029363,Rfc5,ortholog_one2one,1
ENSG00000184924,PTRHD1,ENSMUSG00000096199,Ptrhd1,ortholog_one2one,1
ENSG00000132300,PTCD3,ENSMUSG00000063884,Ptcd3,ortholog_one2one,1
ENSG00000111344,RASAL1,ENSMUSG00000029602,Rasal1,ortholog_one2one,1
ENSG00000153201,RANBP2,ENSMUSG00000003226,Ranbp2,ortholog_one2one,1
ENSG00000091428,RAPGEF4,ENSMUSG00000049044,Rapgef4,ortholog_one2one,1
ENSG00000157916,RER1,ENSMUSG00000029048,Rer1,ortholog_one2one,1
ENSG00000081237,PTPRC,ENSMUSG00000026395,Ptprc,ortholog_one2one,1
ENSG00000163636,PSMD6,ENSMUSG00000021737,Psmd6,ortholog_one2one,1
ENSG00000137713,PPP2R1B,ENSMUSG00000032058,Ppp2r1b,ortholog_one2one,1
ENSG00000163918,RFC4,ENSMUSG00000022881,Rfc4,ortholog_one2one,1
ENSG00000054356,PTPRN,ENSMUSG00000026204,Ptprn,ortholog_one2one,1
ENSG00000221823,PPP3R1,ENSMUSG00000033953,Ppp3r1,ortholog_one2one,1
ENSG00000159377,PSMB4,ENSMUSG00000005779,Psmb4,ortholog_one2one,1
ENSG00000068615,REEP1,ENSMUSG00000052852,Reep1,ortholog_one2one,1
ENSG00000163932,PRKCD,ENSMUSG00000021948,Prkcd,ortholog_one2one,1
ENSG00000142949,PTPRF,ENSMUSG00000033295,Ptprf,ortholog_one2one,1
ENSG00000171132,PRKCE,ENSMUSG00000045038,Prkce,ortholog_one2one,1
ENSG00000068878,PSME4,ENSMUSG00000040850,Psme4,ortholog_one2one,1
ENSG00000144566,RAB5A,ENSMUSG00000017831,Rab5a,ortholog_one2one,1
ENSG00000266094,RASSF5,ENSMUSG00000026430,Rassf5,ortholog_one2one,1
ENSG00000185304,RGPD2,,,,NA
ENSG00000138078,PREPL,ENSMUSG00000024127,Prepl,ortholog_one2one,1
ENSG00000117523,PRRC2C,ENSMUSG00000040225,Prrc2c,ortholog_one2one,1
ENSG00000169972,PUSL1,ENSMUSG00000051557,Pusl1,ortholog_one2one,1
ENSG00000180228,PRKRA,ENSMUSG00000002731,Prkra,ortholog_one2one,1
ENSG00000116260,QSOX1,ENSMUSG00000033684,Qsox1,ortholog_one2one,1
ENSG00000135631,RAB11FIP5,ENSMUSG00000051343,Rab11fip5,ortholog_one2one,1
ENSG00000048991,R3HDM1,ENSMUSG00000056211,R3hdm1,ortholog_one2one,1
ENSG00000144118,RALB,ENSMUSG00000004451,Ralb,ortholog_one2one,1
ENSG00000183155,RABIF,ENSMUSG00000042229,Rabif,ortholog_one2one,1
ENSG00000143363,PRUNE1,ENSMUSG00000015711,Prune1,ortholog_one2one,1
ENSG00000115233,PSMD14,ENSMUSG00000026914,Psmd14,ortholog_one2one,1
ENSG00000075391,RASAL2,ENSMUSG00000070565,Rasal2,ortholog_one2one,1
ENSG00000117450,PRDX1,ENSMUSG00000028691,Prdx1,ortholog_one2one,1
ENSG00000084733,RAB10,ENSMUSG00000020671,Rab10,ortholog_one2one,1
ENSG00000173166,RAPH1,ENSMUSG00000026014,Raph1,ortholog_one2one,1
ENSG00000088179,PTPN4,ENSMUSG00000026384,Ptpn4,ortholog_one2one,1
ENSG00000162944,RFTN2,ENSMUSG00000025978,Rftn2,ortholog_one2one,1
ENSG00000144567,RETREG2,ENSMUSG00000049339,Retreg2,ortholog_one2one,1
ENSG00000169629,RGPD8,,,,NA
ENSG00000116191,RALGPS2,ENSMUSG00000026594,Ralgps2,ortholog_one2one,1
ENSG00000116731,PRDM2,ENSMUSG00000057637,Prdm2,ortholog_one2one,1
ENSG00000162521,RBBP4,ENSMUSG00000057236,Rbbp4,ortholog_one2one,1
ENSG00000169213,RAB3B,ENSMUSG00000003411,Rab3b,ortholog_one2one,1
ENSG00000188783,PRELP,ENSMUSG00000041577,Prelp,ortholog_one2one,1
ENSG00000265241,RBM8A,ENSMUSG00000038374,Rbm8a,ortholog_one2many,1
ENSG00000265241,RBM8A,ENSMUSG00000078184,Rbm8a2,ortholog_one2many,0
ENSG00000117280,RAB29,ENSMUSG00000026433,Rab29,ortholog_one2one,1
ENSG00000179051,RCC2,ENSMUSG00000040945,Rcc2,ortholog_one2one,1
ENSG00000142599,RERE,ENSMUSG00000039852,Rere,ortholog_one2one,1
ENSG00000060656,PTPRU,ENSMUSG00000028909,Ptpru,ortholog_one2one,1
ENSG00000142611,PRDM16,ENSMUSG00000039410,Prdm16,ortholog_one2one,1
ENSG00000152061,RABGAP1L,ENSMUSG00000026721,Rabgap1l,ortholog_one2one,1
ENSG00000076864,RAP1GAP,ENSMUSG00000041351,Rap1gap,ortholog_one2one,1
ENSG00000131791,PRKAB2,ENSMUSG00000038205,Prkab2,ortholog_one2one,1
ENSG00000126067,PSMB2,ENSMUSG00000028837,Psmb2,ortholog_one2one,1
ENSG00000142875,PRKACB,ENSMUSG00000005034,Prkacb,ortholog_one2one,1
ENSG00000116473,RAP1A,ENSMUSG00000068798,Rap1a,ortholog_one2one,1
ENSG00000066027,PPP2R5A,ENSMUSG00000026626,Ppp2r5a,ortholog_one2one,1
ENSG00000157870,PRXL2B,ENSMUSG00000029059,Prxl2b,ortholog_one2one,1
ENSG00000117569,PTBP2,ENSMUSG00000028134,Ptbp2,ortholog_one2one,1
ENSG00000137955,RABGGTB,ENSMUSG00000038975,Rabggtb,ortholog_one2one,1
ENSG00000067606,PRKCZ,ENSMUSG00000029053,Prkcz,ortholog_one2one,1
ENSG00000134247,PTGFRN,ENSMUSG00000027864,Ptgfrn,ortholog_one2one,1
ENSG00000134644,PUM1,ENSMUSG00000028580,Pum1,ortholog_one2one,1
ENSG00000280858,RPL7A,,,,NA
ENSG00000284984,RHOU,,,,NA
ENSG00000129824,RPS4Y1,,,,NA
ENSG00000285152,RNF31,,,,NA
ENSG00000281877,RPS6KA1,,,,NA
ENSG00000288455,SEMA7A,,,,NA
ENSG00000280831,RPS25,,,,NA
ENSG00000291554,RTP1,,,,NA
ENSG00000291539,SEL1L2,,,,NA
ENSG00000284260,RUFY1,,,,NA
ENSG00000283104,SARS2,,,,NA
ENSG00000291931,RPS2,,,,NA
ENSG00000291973,RPN2,,,,NA
ENSG00000292297,RP1L1,,,,NA
ENSG00000276230,RNH1,,,,NA
ENSG00000166634,SERPINB12,ENSMUSG00000059956,Serpinb12,ortholog_one2one,1
ENSG00000156304,SCAF4,ENSMUSG00000022983,Scaf4,ortholog_one2one,1
ENSG00000282307,SERPINF1,,,,NA
ENSG00000277377,SERPINA1,,,,NA
ENSG00000274821,SERPINA2,,,,NA
ENSG00000282302,SEPTIN9,,,,NA
ENSG00000132631,SCP2D1,ENSMUSG00000027431,Scp2d1,ortholog_one2one,1
ENSG00000263310,SALL3,,,,NA
ENSG00000136155,SCEL,ENSMUSG00000022123,Scel,ortholog_one2one,1
ENSG00000277015,SALL3,,,,NA
ENSG00000100003,SEC14L2,ENSMUSG00000003585,Sec14l2,ortholog_one2one,1
ENSG00000278494,RRN3,,,,NA
ENSG00000101782,RIOK3,ENSMUSG00000024404,Riok3,ortholog_one2one,1
ENSG00000101278,RPS10P5,,,,NA
ENSG00000057149,SERPINB3,ENSMUSG00000058017,Serpinb3d,ortholog_many2many,1
ENSG00000057149,SERPINB3,ENSMUSG00000044594,Serpinb3a,ortholog_many2many,1
ENSG00000057149,SERPINB3,ENSMUSG00000073602,Serpinb3b,ortholog_many2many,1
ENSG00000057149,SERPINB3,ENSMUSG00000073601,Serpinb3c,ortholog_many2many,1
ENSG00000152214,RIT2,ENSMUSG00000057455,Rit2,ortholog_one2one,1
ENSG00000274626,RPS9,,,,NA
ENSG00000134590,RTL8C,ENSMUSG00000051851,Rtl8c,ortholog_one2many,1
ENSG00000134590,RTL8C,ENSMUSG00000067924,Rtl8b,ortholog_one2many,0
ENSG00000134590,RTL8C,ENSMUSG00000067925,Rtl8a,ortholog_one2many,0
ENSG00000277359,RPS9,,,,NA
ENSG00000274646,RPS9,,,,NA
ENSG00000274005,RPS9,,,,NA
ENSG00000206073,SERPINB4,ENSMUSG00000058017,Serpinb3d,ortholog_many2many,1
ENSG00000206073,SERPINB4,ENSMUSG00000044594,Serpinb3a,ortholog_many2many,1
ENSG00000206073,SERPINB4,ENSMUSG00000073602,Serpinb3b,ortholog_many2many,1
ENSG00000206073,SERPINB4,ENSMUSG00000073601,Serpinb3c,ortholog_many2many,1
ENSG00000278788,SBNO2,,,,NA
ENSG00000265681,RPL17,,,,NA
ENSG00000277079,RPS9,,,,NA
ENSG00000155876,RRAGA,ENSMUSG00000070934,Rraga,ortholog_one2one,1
ENSG00000101098,RIMS4,ENSMUSG00000035226,Rims4,ortholog_one2one,1
ENSG00000101115,SALL4,ENSMUSG00000027547,Sall4,ortholog_one2one,1
ENSG00000263290,SCAMP3,,,,NA
ENSG00000275323,RPS9,,,,NA
ENSG00000285069,SESN2,,,,NA
ENSG00000278270,RPS9,,,,NA
ENSG00000278081,RPS9,,,,NA
ENSG00000118705,RPN2,ENSMUSG00000027642,Rpn2,ortholog_one2one,1
ENSG00000179918,SEPHS2,ENSMUSG00000049091,Sephs2,ortholog_one2one,1
ENSG00000151835,SACS,ENSMUSG00000048279,Sacs,ortholog_one2one,1
ENSG00000270800,RPS10-NUDT3,,,,NA
ENSG00000274950,RPS9,,,,NA
ENSG00000181433,SAGE1,,,,NA
ENSG00000128228,SDF2L1,ENSMUSG00000022769,Sdf2l1,ortholog_one2one,1
ENSG00000083750,RRAGB,ENSMUSG00000041658,Rragb,ortholog_one2one,1
ENSG00000189001,SBSN,ENSMUSG00000046056,Sbsn,ortholog_one2one,0
ENSG00000171858,RPS21,ENSMUSG00000039001,Rps21,ortholog_one2one,1
ENSG00000276111,SDCCAG8,,,,NA
ENSG00000292158,RPS3A,,,,NA
ENSG00000160307,S100B,ENSMUSG00000033208,S100b,ortholog_one2one,1
ENSG00000258628,RHPN2P1,,,,NA
ENSG00000099995,SF3A1,ENSMUSG00000002129,Sf3a1,ortholog_one2one,1
ENSG00000146555,SDK1,ENSMUSG00000039683,Sdk1,ortholog_one2one,1
ENSG00000007314,SCN4A,ENSMUSG00000001027,Scn4a,ortholog_one2one,1
ENSG00000183638,RP1L1,ENSMUSG00000046049,Rp1l1,ortholog_one2one,0
ENSG00000132972,RNF17,ENSMUSG00000000365,Rnf17,ortholog_one2one,1
ENSG00000236967,RNF39,,,,NA
ENSG00000132541,RIDA,ENSMUSG00000022323,Rida,ortholog_one2one,1
ENSG00000183421,RIPK4,ENSMUSG00000005251,Ripk4,ortholog_one2one,1
ENSG00000223767,RNF5,,,,NA
ENSG00000120925,RNF170,ENSMUSG00000013878,Rnf170,ortholog_one2one,1
ENSG00000101049,SGK2,ENSMUSG00000017868,Sgk2,ortholog_one2one,1
ENSG00000198034,RPS4X,ENSMUSG00000031320,Rps4x,ortholog_one2one,1
ENSG00000008853,RHOBTB2,ENSMUSG00000022075,Rhobtb2,ortholog_one2one,1
ENSG00000274287,SCRIB,,,,NA
ENSG00000101310,SEC23B,ENSMUSG00000027429,Sec23b,ortholog_one2one,1
ENSG00000198089,SFI1,ENSMUSG00000023764,Sfi1,ortholog_one2one,1
ENSG00000256463,SALL3,ENSMUSG00000024565,Sall3,ortholog_one2one,1
ENSG00000131871,SELENOS,ENSMUSG00000075701,Selenos,ortholog_one2one,1
ENSG00000171700,RGS19,ENSMUSG00000002458,Rgs19,ortholog_one2one,1
ENSG00000227171,RNF39,,,,NA
ENSG00000228520,RING1,,,,NA
ENSG00000101251,SEL1L2,ENSMUSG00000074764,Sel1l2,ortholog_one2one,1
ENSG00000223367,RPS18,,,,NA
ENSG00000101347,SAMHD1,ENSMUSG00000027639,Samhd1,ortholog_one2one,1
ENSG00000176623,RMDN1,ENSMUSG00000028229,Rmdn1,ortholog_one2one,1
ENSG00000235022,RNF39,,,,NA
ENSG00000130255,RPL36,,,,NA
ENSG00000235650,RPS18,,,,NA
ENSG00000150459,SAP18,ENSMUSG00000061104,Sap18b,ortholog_one2many,0
ENSG00000150459,SAP18,ENSMUSG00000021963,Sap18,ortholog_one2many,1
ENSG00000100095,SEZ6L,ENSMUSG00000058153,Sez6l,ortholog_one2one,1
ENSG00000101654,RNMT,ENSMUSG00000009535,Rnmt,ortholog_one2one,1
ENSG00000226788,RING1,,,,NA
ENSG00000228405,RNF5,,,,NA
ENSG00000137824,RMDN3,ENSMUSG00000070730,Rmdn3,ortholog_one2one,1
ENSG00000143878,RHOB,ENSMUSG00000054364,Rhob,ortholog_one2one,1
ENSG00000064932,SBNO2,ENSMUSG00000035673,Sbno2,ortholog_one2one,1
ENSG00000122026,RPL21,,,,NA
ENSG00000156482,RPL30,ENSMUSG00000058600,Rpl30,ortholog_one2one,1
ENSG00000140519,RHCG,ENSMUSG00000030549,Rhcg,ortholog_one2one,1
ENSG00000137154,RPS6,,,,NA
ENSG00000174444,RPL4,ENSMUSG00000032399,Rpl4,ortholog_one2one,1
ENSG00000204618,RNF39,ENSMUSG00000036492,Rnf39,ortholog_one2one,1
ENSG00000132824,SERINC3,ENSMUSG00000017707,Serinc3,ortholog_one2one,1
ENSG00000069667,RORA,ENSMUSG00000032238,Rora,ortholog_one2one,1
ENSG00000105640,RPL18A,ENSMUSG00000045128,Rpl18a,ortholog_one2one,1
ENSG00000140612,SEC11A,ENSMUSG00000025724,Sec11a,ortholog_one2one,1
ENSG00000125844,RRBP1,ENSMUSG00000027422,Rrbp1,ortholog_one2one,1
ENSG00000137575,SDCBP,ENSMUSG00000028249,Sdcbp,ortholog_one2one,1
ENSG00000145391,SETD7,ENSMUSG00000037111,Setd7,ortholog_one2one,1
ENSG00000230332,RNF39,,,,NA
ENSG00000112701,SENP6,ENSMUSG00000034252,Senp6,ortholog_one2one,1
ENSG00000147604,RPL7,,,,NA
ENSG00000108298,RPL19,ENSMUSG00000017404,Rpl19,ortholog_one2one,1
ENSG00000227794,RPS18,,,,NA
ENSG00000133818,RRAS2,ENSMUSG00000055723,Rras2,ortholog_one2one,1
ENSG00000206500,RNF39,,,,NA
ENSG00000145284,SCD5,,,,NA
ENSG00000176225,RTTN,ENSMUSG00000023066,Rttn,ortholog_one2one,1
ENSG00000133318,RTN3,ENSMUSG00000024758,Rtn3,ortholog_one2one,1
ENSG00000166562,SEC11C,ENSMUSG00000024516,Sec11c,ortholog_one2one,1
ENSG00000138623,SEMA7A,ENSMUSG00000038264,Sema7a,ortholog_one2one,1
ENSG00000235107,RING1,,,,NA
ENSG00000230467,RNF39,,,,NA
ENSG00000225452,RNF5,,,,NA
ENSG00000135249,RINT1,ENSMUSG00000028999,Rint1,ortholog_one2one,1
ENSG00000111961,SASH1,ENSMUSG00000015305,Sash1,ortholog_one2one,1
ENSG00000136942,RPL35,ENSMUSG00000078193,Rpl35rt,ortholog_one2many,0
ENSG00000136942,RPL35,ENSMUSG00000062997,Rpl35,ortholog_one2many,1
ENSG00000106803,SEC61B,ENSMUSG00000053317,Sec61b,ortholog_one2one,1
ENSG00000228907,RNF5,,,,NA
ENSG00000159579,RSPRY1,ENSMUSG00000050079,Rspry1,ortholog_one2one,1
ENSG00000100316,RPL3,ENSMUSG00000060036,Rpl3,ortholog_one2one,1
ENSG00000227277,RNF5,,,,NA
ENSG00000231115,RING1,,,,NA
ENSG00000162244,RPL29,ENSMUSG00000078240,Rpl27rt,ortholog_one2many,0
ENSG00000162244,RPL29,ENSMUSG00000048758,Rpl29,ortholog_one2many,1
ENSG00000226225,RPS18,,,,NA
ENSG00000058262,SEC61A1,ENSMUSG00000030082,Sec61a1,ortholog_one2one,1
ENSG00000237733,RNF39,,,,NA
ENSG00000141425,RPRD1A,ENSMUSG00000040446,Rprd1a,ortholog_one2one,1
ENSG00000123453,SARDH,ENSMUSG00000009614,Sardh,ortholog_one2one,1
ENSG00000096150,RPS18,,,,NA
ENSG00000092200,RPGRIP1,ENSMUSG00000057132,Rpgrip1,ortholog_one2one,1
ENSG00000166405,RIC3,ENSMUSG00000048330,Ric3,ortholog_one2one,1
ENSG00000141452,RMC1,ENSMUSG00000024410,Rmc1,ortholog_one2one,1
ENSG00000104237,RP1,ENSMUSG00000025900,Rp1,ortholog_one2one,1
ENSG00000258597,SERPINA2,ENSMUSG00000021081,Serpina1f,ortholog_one2one,0
ENSG00000089009,RPL6,ENSMUSG00000029614,Rpl6,ortholog_one2one,1
ENSG00000183574,RNF5,,,,NA
ENSG00000172809,RPL38,ENSMUSG00000057322,Rpl38,ortholog_one2one,1
ENSG00000206287,RING1,,,,NA
ENSG00000102218,RP2,ENSMUSG00000060090,Rp2,ortholog_one2one,1
ENSG00000149273,RPS3,ENSMUSG00000030744,Rps3,ortholog_one2one,1
ENSG00000100347,SAMM50,ENSMUSG00000022437,Samm50,ortholog_one2one,1
ENSG00000182899,RPL35A,ENSMUSG00000060636,Rpl35a,ortholog_one2one,1
ENSG00000172602,RND1,ENSMUSG00000054855,Rnd1,ortholog_one2one,1
ENSG00000140522,RLBP1,ENSMUSG00000039194,Rlbp1,ortholog_one2one,1
ENSG00000168137,SETD5,ENSMUSG00000034269,Setd5,ortholog_one2one,1
ENSG00000067900,ROCK1,ENSMUSG00000024290,Rock1,ortholog_one2one,1
ENSG00000118518,RNF146,ENSMUSG00000038876,Rnf146,ortholog_one2one,1
ENSG00000085415,SEH1L,ENSMUSG00000079614,Seh1l,ortholog_one2one,1
ENSG00000023191,RNH1,ENSMUSG00000038650,Rnh1,ortholog_one2one,1
ENSG00000136193,SCRN1,ENSMUSG00000019124,Scrn1,ortholog_one2one,1
ENSG00000138593,SECISBP2L,ENSMUSG00000035093,Secisbp2l,ortholog_one2one,1
ENSG00000213079,SCAF8,ENSMUSG00000046201,Scaf8,ortholog_one2one,1
ENSG00000138674,SEC31A,ENSMUSG00000035325,Sec31a,ortholog_one2one,1
ENSG00000204227,RING1,ENSMUSG00000024325,Ring1,ortholog_one2one,1
ENSG00000085721,RRN3,ENSMUSG00000022682,Rrn3,ortholog_one2one,1
ENSG00000198794,SCAMP5,ENSMUSG00000040722,Scamp5,ortholog_one2one,1
ENSG00000147403,RPL10,,,,NA
ENSG00000170468,RIOX1,ENSMUSG00000046791,Riox1,ortholog_one2one,1
ENSG00000124226,RNF114,ENSMUSG00000006418,Rnf114,ortholog_one2one,1
ENSG00000213741,RPS29,,,,NA
ENSG00000011275,RNF216,ENSMUSG00000045078,Rnf216,ortholog_one2one,1
ENSG00000092108,SCFD1,ENSMUSG00000020952,Scfd1,ortholog_one2one,1
ENSG00000140386,SCAPER,ENSMUSG00000034007,Scaper,ortholog_one2one,1
ENSG00000075223,SEMA3C,ENSMUSG00000028780,Sema3c,ortholog_one2one,1
ENSG00000103494,RPGRIP1L,ENSMUSG00000033282,Rpgrip1l,ortholog_one2one,1
ENSG00000101413,RPRD1B,ENSMUSG00000027651,Rprd1b,ortholog_one2one,1
ENSG00000197958,RPL12,ENSMUSG00000038900,Rpl12,ortholog_one2one,1
ENSG00000284194,SCO2,ENSMUSG00000091780,Sco2,ortholog_one2one,1
ENSG00000205937,RNPS1,ENSMUSG00000034681,Rnps1,ortholog_one2one,1
ENSG00000109475,RPL34,ENSMUSG00000062006,Rpl34,ortholog_one2one,1
ENSG00000087365,SF3B2,ENSMUSG00000024853,Sf3b2,ortholog_one2one,1
ENSG00000073169,SELENOO,ENSMUSG00000035757,Selenoo,ortholog_one2one,1
ENSG00000148303,RPL7A,ENSMUSG00000062647,Rpl7a,ortholog_one2one,1
ENSG00000133872,SARAF,ENSMUSG00000031532,Saraf,ortholog_one2one,1
ENSG00000087302,RTRAF,ENSMUSG00000021807,Rtraf,ortholog_one2one,1
ENSG00000166532,RIMKLB,ENSMUSG00000040649,Rimklb,ortholog_one2one,1
ENSG00000114650,SCAP,ENSMUSG00000032485,Scap,ortholog_one2one,1
ENSG00000070423,RNF126,ENSMUSG00000035890,Rnf126,ortholog_one2one,1
ENSG00000132386,SERPINF1,ENSMUSG00000000753,Serpinf1,ortholog_one2one,1
ENSG00000168385,SEPTIN2,ENSMUSG00000026276,Septin2,ortholog_one2one,1
ENSG00000187742,SECISBP2,ENSMUSG00000035139,Secisbp2,ortholog_one2one,1
ENSG00000121542,SEC22A,ENSMUSG00000034473,Sec22a,ortholog_one2one,1
ENSG00000141576,RNF157,ENSMUSG00000052949,Rnf157,ortholog_one2one,1
ENSG00000175792,RUVBL1,ENSMUSG00000030079,Ruvbl1,ortholog_one2one,1
ENSG00000124145,SDC4,ENSMUSG00000017009,Sdc4,ortholog_one2one,1
ENSG00000183576,SETD3,ENSMUSG00000056770,Setd3,ortholog_one2one,1
ENSG00000100167,SEPTIN3,ENSMUSG00000022456,Septin3,ortholog_one2one,1
ENSG00000100241,SBF1,ENSMUSG00000036529,Sbf1,ortholog_one2one,1
ENSG00000039523,RIPOR1,ENSMUSG00000038604,Ripor1,ortholog_one2one,1
ENSG00000188322,SBK1,ENSMUSG00000042978,Sbk1,ortholog_one2one,1
ENSG00000130590,SAMD10,ENSMUSG00000038605,Samd10,ortholog_one2one,1
ENSG00000142541,RPL13A,ENSMUSG00000074129,Rpl13a,ortholog_one2one,1
ENSG00000007384,RHBDF1,ENSMUSG00000020282,Rhbdf1,ortholog_one2one,1
ENSG00000151466,SCLT1,ENSMUSG00000059834,Sclt1,ortholog_one2one,1
ENSG00000138758,SEPTIN11,ENSMUSG00000058013,Septin11,ortholog_one2one,1
ENSG00000122335,SERAC1,ENSMUSG00000015659,Serac1,ortholog_one2one,1
ENSG00000156990,RPUSD3,ENSMUSG00000051169,Rpusd3,ortholog_one2one,1
ENSG00000071537,SEL1L,ENSMUSG00000020964,Sel1l,ortholog_one2one,1
ENSG00000107819,SFXN3,ENSMUSG00000025212,Sfxn3,ortholog_one2one,1
ENSG00000184702,SEPTIN5,ENSMUSG00000072214,Septin5,ortholog_one2one,1
ENSG00000177098,SCN4B,ENSMUSG00000046480,Scn4b,ortholog_one2one,1
ENSG00000104112,SCG3,ENSMUSG00000032181,Scg3,ortholog_one2one,1
ENSG00000089169,RPH3A,ENSMUSG00000029608,Rph3a,ortholog_one2one,1
ENSG00000166257,SCN3B,ENSMUSG00000049281,Scn3b,ortholog_one2one,1
ENSG00000124570,SERPINB6,ENSMUSG00000042842,Serpinb6b,ortholog_one2many,0
ENSG00000124570,SERPINB6,ENSMUSG00000052180,Serpinb6c,ortholog_one2many,0
ENSG00000124570,SERPINB6,ENSMUSG00000060147,Serpinb6a,ortholog_one2many,1
ENSG00000124570,SERPINB6,ENSMUSG00000047889,Serpinb6d,ortholog_one2many,0
ENSG00000124570,SERPINB6,ENSMUSG00000069248,Serpinb6e,ortholog_one2many,0
ENSG00000198863,RUNDC1,ENSMUSG00000035007,Rundc1,ortholog_one2one,1
ENSG00000040608,RTN4R,ENSMUSG00000043811,Rtn4r,ortholog_one2one,1
ENSG00000135919,SERPINE2,ENSMUSG00000026249,Serpine2,ortholog_one2one,1
ENSG00000103184,SEC14L5,ENSMUSG00000091712,Sec14l5,ortholog_one2one,1
ENSG00000189091,SF3B3,ENSMUSG00000033732,Sf3b3,ortholog_one2one,1
ENSG00000099194,SCD,ENSMUSG00000050195,Scd4,ortholog_one2many,1
ENSG00000099194,SCD,ENSMUSG00000025203,Scd2,ortholog_one2many,1
ENSG00000138942,RNF185,ENSMUSG00000020448,Rnf185,ortholog_one2one,1
ENSG00000186479,RGS7BP,ENSMUSG00000021719,Rgs7bp,ortholog_one2one,1
ENSG00000083845,RPS5,ENSMUSG00000012848,Rps5,ortholog_one2one,1
ENSG00000186468,RPS23,ENSMUSG00000049517,Rps23,ortholog_one2one,1
ENSG00000100220,RTCB,ENSMUSG00000001783,Rtcb,ortholog_one2one,1
ENSG00000124782,RREB1,ENSMUSG00000039087,Rreb1,ortholog_one2one,1
ENSG00000140688,RUSF1,ENSMUSG00000030780,Rusf1,ortholog_one2one,1
ENSG00000168356,SCN11A,ENSMUSG00000034115,Scn11a,ortholog_one2one,1
ENSG00000174938,SEZ6L2,ENSMUSG00000030683,Sez6l2,ortholog_one2one,1
ENSG00000183605,SFXN4,ENSMUSG00000063698,Sfxn4,ortholog_one2one,1
ENSG00000126858,RHOT1,ENSMUSG00000017686,Rhot1,ortholog_one2one,1
ENSG00000165502,RPL36AL,ENSMUSG00000104043,Gm6525,ortholog_one2one,0
ENSG00000089157,RPLP0,,,,NA
ENSG00000145592,RPL37,ENSMUSG00000041841,Rpl37,ortholog_one2one,1
ENSG00000156671,SAMD8,ENSMUSG00000021770,Samd8,ortholog_one2one,1
ENSG00000196636,SDHAF3,ENSMUSG00000042505,Sdhaf3,ortholog_one2one,0
ENSG00000105372,RPS19,ENSMUSG00000040952,Rps19,ortholog_one2one,1
ENSG00000126458,RRAS,ENSMUSG00000038387,Rras,ortholog_one2one,1
ENSG00000025039,RRAGD,ENSMUSG00000028278,Rragd,ortholog_one2one,1
ENSG00000188026,RILPL1,ENSMUSG00000029392,Rilpl1,ortholog_one2one,1
ENSG00000181852,RNF41,ENSMUSG00000025373,Rnf41,ortholog_one2one,1
ENSG00000075826,SEC31B,ENSMUSG00000051984,Sec31b,ortholog_one2one,1
ENSG00000187231,SESTD1,ENSMUSG00000042272,Sestd1,ortholog_one2one,1
ENSG00000180900,SCRIB,ENSMUSG00000022568,Scrib,ortholog_one2one,1
ENSG00000233927,RPS28,ENSMUSG00000067288,Rps28,ortholog_one2one,1
ENSG00000136531,SCN2A,ENSMUSG00000075318,Scn2a,ortholog_one2one,1
ENSG00000126785,RHOJ,ENSMUSG00000046768,Rhoj,ortholog_one2one,1
ENSG00000148396,SEC16A,ENSMUSG00000026924,Sec16a,ortholog_one2one,1
ENSG00000161016,RPL8,ENSMUSG00000003970,Rpl8,ortholog_one2one,1
ENSG00000155827,RNF20,ENSMUSG00000028309,Rnf20,ortholog_one2one,1
ENSG00000112306,RPS12,ENSMUSG00000061983,Rps12,ortholog_one2one,1
ENSG00000196136,SERPINA3,ENSMUSG00000066364,Serpina3b,ortholog_one2many,1
ENSG00000196136,SERPINA3,ENSMUSG00000066361,Serpina3c,ortholog_one2many,0
ENSG00000196136,SERPINA3,ENSMUSG00000079013,Serpina3j,ortholog_one2many,1
ENSG00000196136,SERPINA3,ENSMUSG00000079014,Serpina3i,ortholog_one2many,1
ENSG00000196136,SERPINA3,ENSMUSG00000066363,Serpina3f,ortholog_one2many,1
ENSG00000196136,SERPINA3,ENSMUSG00000079012,Serpina3m,ortholog_one2many,1
ENSG00000196136,SERPINA3,ENSMUSG00000041536,Serpina3a,ortholog_one2many,1
ENSG00000196136,SERPINA3,ENSMUSG00000058207,Serpina3k,ortholog_one2many,1
ENSG00000196136,SERPINA3,ENSMUSG00000041481,Serpina3g,ortholog_one2many,0
ENSG00000196136,SERPINA3,ENSMUSG00000021091,Serpina3n,ortholog_one2many,1
ENSG00000122545,SEPTIN7,ENSMUSG00000001833,Septin7,ortholog_one2one,1
ENSG00000108830,RND2,ENSMUSG00000001313,Rnd2,ortholog_one2one,1
ENSG00000125354,SEPTIN6,ENSMUSG00000050379,Septin6,ortholog_one2one,1
ENSG00000169439,SDC2,ENSMUSG00000022261,Sdc2,ortholog_one2one,1
ENSG00000119335,SET,ENSMUSG00000054766,Set,ortholog_one2one,1
ENSG00000227500,SCAMP4,ENSMUSG00000113949,Scamp4,ortholog_one2one,1
ENSG00000085365,SCAMP1,ENSMUSG00000021687,Scamp1,ortholog_one2one,1
ENSG00000132432,SEC61G,ENSMUSG00000078974,Sec61g,ortholog_one2one,0
ENSG00000109618,SEPSECS,ENSMUSG00000029173,Sepsecs,ortholog_one2one,1
ENSG00000108107,RPL28,ENSMUSG00000030432,Rpl28,ortholog_one2one,1
ENSG00000067836,ROGDI,ENSMUSG00000022540,Rogdi,ortholog_one2one,1
ENSG00000173611,SCAI,ENSMUSG00000035236,Scai,ortholog_one2one,1
ENSG00000177189,RPS6KA3,ENSMUSG00000031309,Rps6ka3,ortholog_one2one,1
ENSG00000130347,RTN4IP1,ENSMUSG00000019864,Rtn4ip1,ortholog_one2one,1
ENSG00000171490,RSL1D1,ENSMUSG00000005846,Rsl1d1,ortholog_one2one,1
ENSG00000131263,RLIM,ENSMUSG00000056537,Rlim,ortholog_one2one,1
ENSG00000198918,RPL39,,,,NA
ENSG00000008952,SEC62,ENSMUSG00000027706,Sec62,ortholog_one2one,1
ENSG00000175793,SFN,ENSMUSG00000047281,Sfn,ortholog_one2one,1
ENSG00000156313,RPGR,ENSMUSG00000031174,Rpgr,ortholog_one2one,0
ENSG00000137872,SEMA6D,ENSMUSG00000027200,Sema6d,ortholog_one2one,1
ENSG00000150961,SEC24D,ENSMUSG00000039234,Sec24d,ortholog_one2one,1
ENSG00000048392,RRM2B,ENSMUSG00000022292,Rrm2b,ortholog_one2one,1
ENSG00000166441,RPL27A,,,,NA
ENSG00000117152,RGS4,ENSMUSG00000038530,Rgs4,ortholog_one2one,1
ENSG00000204308,RNF5,ENSMUSG00000015478,Rnf5,ortholog_one2one,1
ENSG00000147509,RGS20,ENSMUSG00000002459,Rgs20,ortholog_one2one,1
ENSG00000167526,RPL13,ENSMUSG00000000740,Rpl13,ortholog_one2one,1
ENSG00000148484,RSU1,ENSMUSG00000026727,Rsu1,ortholog_one2one,1
ENSG00000113615,SEC24A,ENSMUSG00000036391,Sec24a,ortholog_one2one,1
ENSG00000133028,SCO1,ENSMUSG00000069844,Sco1,ortholog_one2one,1
ENSG00000205413,SAMD9,,,,NA
ENSG00000139970,RTN1,ENSMUSG00000021087,Rtn1,ortholog_one2one,1
ENSG00000103932,RPAP1,ENSMUSG00000034032,Rpap1,ortholog_one2one,1
ENSG00000092098,RNF31,ENSMUSG00000047098,Rnf31,ortholog_one2one,1
ENSG00000154134,ROBO3,ENSMUSG00000032128,Robo3,ortholog_one2one,1
ENSG00000188846,RPL14,ENSMUSG00000025794,Rpl14,ortholog_one2one,1
ENSG00000134419,RPS15A,ENSMUSG00000008683,Rps15a,ortholog_one2one,1
ENSG00000170624,SGCD,ENSMUSG00000020354,Sgcd,ortholog_one2one,1
ENSG00000107651,SEC23IP,ENSMUSG00000055319,Sec23ip,ortholog_one2one,1
ENSG00000164402,SEPTIN8,ENSMUSG00000018398,Septin8,ortholog_one2one,1
ENSG00000164292,RHOBTB3,ENSMUSG00000021589,Rhobtb3,ortholog_one2one,1
ENSG00000105711,SCN1B,ENSMUSG00000019194,Scn1b,ortholog_one2one,1
ENSG00000135094,SDS,ENSMUSG00000029597,Sds,ortholog_one2one,1
ENSG00000140988,RPS2,,,,NA
ENSG00000125744,RTN2,ENSMUSG00000030401,Rtn2,ortholog_one2one,1
ENSG00000086475,SEPHS1,ENSMUSG00000026662,Sephs1,ortholog_one2one,1
ENSG00000164300,SERINC5,ENSMUSG00000021703,Serinc5,ortholog_one2one,1
ENSG00000163481,RNF25,ENSMUSG00000026171,Rnf25,ortholog_one2one,1
ENSG00000103549,RNF40,ENSMUSG00000030816,Rnf40,ortholog_one2one,1
ENSG00000198838,RYR3,ENSMUSG00000057378,Ryr3,ortholog_one2one,1
ENSG00000137275,RIPK1,ENSMUSG00000021408,Ripk1,ortholog_one2one,1
ENSG00000168077,SCARA3,ENSMUSG00000034463,Scara3,ortholog_one2one,1
ENSG00000140983,RHOT2,ENSMUSG00000025733,Rhot2,ortholog_one2one,1
ENSG00000204130,RUFY2,ENSMUSG00000020070,Rufy2,ortholog_one2one,1
ENSG00000104835,SARS2,ENSMUSG00000070699,Sars2,ortholog_one2one,1
ENSG00000185924,RTN4RL1,ENSMUSG00000045287,Rtn4rl1,ortholog_one2one,1
ENSG00000100599,RIN3,ENSMUSG00000044456,Rin3,ortholog_one2one,1
ENSG00000132581,SDF2,ENSMUSG00000002064,Sdf2,ortholog_one2one,1
ENSG00000141314,RHBDL3,ENSMUSG00000017692,Rhbdl3,ortholog_one2one,1
ENSG00000008988,RPS20,,,,NA
ENSG00000079841,RIMS1,ENSMUSG00000041670,Rims1,ortholog_one2one,1
ENSG00000176406,RIMS2,ENSMUSG00000037386,Rims2,ortholog_one2one,1
ENSG00000177570,SAMD12,ENSMUSG00000058656,Samd12,ortholog_one2one,1
ENSG00000170381,SEMA3E,ENSMUSG00000063531,Sema3e,ortholog_one2one,1
ENSG00000184178,SCFD2,ENSMUSG00000062110,Scfd2,ortholog_one2one,1
ENSG00000211450,SELENOH,,,,NA
ENSG00000115310,RTN4,ENSMUSG00000020458,Rtn4,ortholog_one2one,1
ENSG00000104312,RIPK2,ENSMUSG00000041135,Ripk2,ortholog_one2one,1
ENSG00000114391,RPL24,ENSMUSG00000098274,Rpl24,ortholog_one2one,1
ENSG00000132554,RGS22,ENSMUSG00000037627,Rgs22,ortholog_one2one,1
ENSG00000131469,RPL27,ENSMUSG00000063316,Rpl27,ortholog_one2one,1
ENSG00000145916,RMND5B,ENSMUSG00000001054,Rmnd5b,ortholog_one2one,1
ENSG00000013392,RWDD2A,ENSMUSG00000032417,Rwdd2a,ortholog_one2one,1
ENSG00000021355,SERPINB1,ENSMUSG00000079049,Serpinb1c,ortholog_one2many,0
ENSG00000021355,SERPINB1,ENSMUSG00000044734,Serpinb1a,ortholog_one2many,1
ENSG00000021355,SERPINB1,ENSMUSG00000051029,Serpinb1b,ortholog_one2many,0
ENSG00000013561,RNF14,ENSMUSG00000060450,Rnf14,ortholog_one2one,1
ENSG00000137876,RSL24D1,,,,NA
ENSG00000160633,SAFB,ENSMUSG00000071054,Safb,ortholog_one2one,1
ENSG00000158106,RHPN1,ENSMUSG00000022580,Rhpn1,ortholog_one2one,1
ENSG00000073578,SDHA,ENSMUSG00000021577,Sdha,ortholog_one2one,1
ENSG00000139725,RHOF,ENSMUSG00000029449,Rhof,ortholog_one2one,1
ENSG00000170542,SERPINB9,ENSMUSG00000057726,Serpinb9g,ortholog_one2many,0
ENSG00000170542,SERPINB9,ENSMUSG00000021404,Serpinb9c,ortholog_one2many,1
ENSG00000170542,SERPINB9,ENSMUSG00000045827,Serpinb9,ortholog_one2many,0
ENSG00000170542,SERPINB9,ENSMUSG00000054266,Serpinb9d,ortholog_one2many,0
ENSG00000170542,SERPINB9,ENSMUSG00000071452,Serpinb9h,ortholog_one2many,0
ENSG00000170542,SERPINB9,ENSMUSG00000038327,Serpinb9f,ortholog_one2many,0
ENSG00000170542,SERPINB9,ENSMUSG00000062342,Serpinb9e,ortholog_one2many,0
ENSG00000170542,SERPINB9,ENSMUSG00000021403,Serpinb9b,ortholog_one2many,0
ENSG00000100445,SDR39U1,ENSMUSG00000022223,Sdr39u1,ortholog_one2one,1
ENSG00000173821,RNF213,ENSMUSG00000070327,Rnf213,ortholog_one2one,1
ENSG00000137818,RPLP1,,,,NA
ENSG00000075213,SEMA3A,ENSMUSG00000028883,Sema3a,ortholog_one2one,1
ENSG00000187764,SEMA4D,ENSMUSG00000021451,Sema4d,ortholog_one2one,1
ENSG00000106399,RPA3,ENSMUSG00000012483,Rpa3,ortholog_one2one,1
ENSG00000111897,SERINC1,ENSMUSG00000019877,Serinc1,ortholog_one2one,1
ENSG00000111913,RIPOR2,ENSMUSG00000036006,Ripor2,ortholog_one2one,1
ENSG00000198626,RYR2,ENSMUSG00000021313,Ryr2,ortholog_one2one,1
ENSG00000103269,RHBDL1,ENSMUSG00000025735,Rhbdl1,ortholog_one2one,1
ENSG00000163682,RPL9,,,,NA
ENSG00000100934,SEC23A,ENSMUSG00000020986,Sec23a,ortholog_one2one,1
ENSG00000155366,RHOC,ENSMUSG00000002233,Rhoc,ortholog_one2one,1
ENSG00000138802,SEC24B,ENSMUSG00000001052,Sec24b,ortholog_one2one,1
ENSG00000080546,SESN1,ENSMUSG00000038332,Sesn1,ortholog_one2one,1
ENSG00000137815,RTF1,ENSMUSG00000027304,Rtf1,ortholog_one2one,1
ENSG00000152700,SAR1B,ENSMUSG00000020386,Sar1b,ortholog_one2one,1
ENSG00000189171,S100A13,ENSMUSG00000042312,S100a13,ortholog_one2one,1
ENSG00000137996,RTCA,ENSMUSG00000000339,Rtca,ortholog_one2one,1
ENSG00000108443,RPS6KB1,ENSMUSG00000020516,Rps6kb1,ortholog_one2one,1
ENSG00000142937,RPS8,ENSMUSG00000047675,Rps8,ortholog_one2one,1
ENSG00000025796,SEC63,ENSMUSG00000019802,Sec63,ortholog_one2one,1
ENSG00000145425,RPS3A,ENSMUSG00000028081,Rps3a1,ortholog_one2one,1
ENSG00000067560,RHOA,ENSMUSG00000007815,Rhoa,ortholog_one2one,1
ENSG00000177105,RHOG,ENSMUSG00000073982,Rhog,ortholog_one2one,1
ENSG00000182552,RWDD4,ENSMUSG00000031568,Rwdd4a,ortholog_one2one,1
ENSG00000117748,RPA2,ENSMUSG00000028884,Rpa2,ortholog_one2one,1
ENSG00000213064,SFT2D2,ENSMUSG00000040848,Sft2d2,ortholog_one2one,1
ENSG00000198755,RPL10A,ENSMUSG00000037805,Rpl10a,ortholog_one2one,1
ENSG00000149131,SERPING1,ENSMUSG00000023224,Serping1,ortholog_one2one,1
ENSG00000142186,SCYL1,ENSMUSG00000024941,Scyl1,ortholog_one2one,1
ENSG00000186522,SEPTIN10,ENSMUSG00000019917,Septin10,ortholog_one2one,1
ENSG00000155906,RMND1,ENSMUSG00000019763,Rmnd1,ortholog_one2one,1
ENSG00000110700,RPS13,ENSMUSG00000090862,Rps13,ortholog_one2one,1
ENSG00000138760,SCARB2,ENSMUSG00000029426,Scarb2,ortholog_one2one,1
ENSG00000197249,SERPINA1,ENSMUSG00000079015,Serpina1c,ortholog_one2many,1
ENSG00000197249,SERPINA1,ENSMUSG00000071177,Serpina1d,ortholog_one2many,1
ENSG00000197249,SERPINA1,ENSMUSG00000072849,Serpina1e,ortholog_one2many,1
ENSG00000197249,SERPINA1,ENSMUSG00000066366,Serpina1a,ortholog_one2many,1
ENSG00000197249,SERPINA1,ENSMUSG00000071178,Serpina1b,ortholog_one2many,1
ENSG00000100784,RPS6KA5,ENSMUSG00000021180,Rps6ka5,ortholog_one2one,1
ENSG00000179134,SAMD4B,ENSMUSG00000109336,Samd4b,ortholog_one2one,1
ENSG00000198853,RUSC2,ENSMUSG00000035969,Rusc2,ortholog_one2one,1
ENSG00000182010,RTKN2,ENSMUSG00000037846,Rtkn2,ortholog_one2one,1
ENSG00000197756,RPL37A,,,,NA
ENSG00000183207,RUVBL2,ENSMUSG00000003868,Ruvbl2,ortholog_one2one,1
ENSG00000176986,SEC24C,,,,NA
ENSG00000161970,RPL26,,,,NA
ENSG00000171509,RXFP1,ENSMUSG00000034009,Rxfp1,ortholog_one2one,1
ENSG00000092421,SEMA6A,ENSMUSG00000019647,Sema6a,ortholog_one2one,1
ENSG00000108370,RGS9,ENSMUSG00000020599,Rgs9,ortholog_one2one,1
ENSG00000141295,SCRN2,ENSMUSG00000020877,Scrn2,ortholog_one2one,1
ENSG00000103449,SALL1,ENSMUSG00000031665,Sall1,ortholog_one2one,1
ENSG00000164466,SFXN1,ENSMUSG00000021474,Sfxn1,ortholog_one2one,1
ENSG00000174748,RPL15,ENSMUSG00000012405,Rpl15,ortholog_one2one,1
ENSG00000163902,RPN1,ENSMUSG00000030062,Rpn1,ortholog_one2one,1
ENSG00000144713,RPL32,ENSMUSG00000057841,Rpl32,ortholog_one2one,1
ENSG00000142534,RPS11,ENSMUSG00000003429,Rps11,ortholog_one2one,1
ENSG00000136021,SCYL2,ENSMUSG00000069539,Scyl2,ortholog_one2one,1
ENSG00000107290,SETX,ENSMUSG00000043535,Setx,ortholog_one2one,1
ENSG00000177409,SAMD9L,ENSMUSG00000047735,Samd9l,ortholog_one2one,1
ENSG00000141564,RPTOR,ENSMUSG00000025583,Rptor,ortholog_one2one,1
ENSG00000111832,RWDD1,ENSMUSG00000019782,Rwdd1,ortholog_one2one,1
ENSG00000176783,RUFY1,ENSMUSG00000020375,Rufy1,ortholog_one2one,1
ENSG00000071242,RPS6KA2,ENSMUSG00000023809,Rps6ka2,ortholog_one2one,1
ENSG00000164587,RPS14,ENSMUSG00000024608,Rps14,ortholog_one2one,1
ENSG00000163069,SGCB,ENSMUSG00000029156,Sgcb,ortholog_one2one,1
ENSG00000120742,SERP1,ENSMUSG00000027808,Serp1,ortholog_one2one,1
ENSG00000196218,RYR1,ENSMUSG00000030592,Ryr1,ortholog_one2one,1
ENSG00000018189,RUFY3,ENSMUSG00000029291,Rufy3,ortholog_one2one,1
ENSG00000175077,RTP1,ENSMUSG00000033383,Rtp1,ortholog_one2one,1
ENSG00000197728,RPS26,,,,NA
ENSG00000020577,SAMD4A,ENSMUSG00000021838,Samd4,ortholog_one2one,1
ENSG00000185008,ROBO2,ENSMUSG00000052516,Robo2,ortholog_one2one,1
ENSG00000138018,SELENOI,ENSMUSG00000075703,Selenoi,ortholog_one2one,1
ENSG00000006747,SCIN,ENSMUSG00000002565,Scin,ortholog_one2one,1
ENSG00000118181,RPS25,ENSMUSG00000009927,Rps25,ortholog_one2one,1
ENSG00000148688,RPP30,ENSMUSG00000024800,Rpp30,ortholog_one2one,1
ENSG00000126524,SBDS,ENSMUSG00000025337,Sbds,ortholog_one2one,1
ENSG00000198843,SELENOT,ENSMUSG00000075700,Selenot,ortholog_one2one,1
ENSG00000115268,RPS15,ENSMUSG00000063457,Rps15,ortholog_one2one,1
ENSG00000063177,RPL18,ENSMUSG00000059070,Rpl18,ortholog_one2one,1
ENSG00000142230,SAE1,ENSMUSG00000052833,Sae1,ortholog_one2one,1
ENSG00000111785,RIC8B,ENSMUSG00000035620,Ric8b,ortholog_one2one,1
ENSG00000153993,SEMA3D,ENSMUSG00000040254,Sema3d,ortholog_one2one,1
ENSG00000022840,RNF10,ENSMUSG00000041740,Rnf10,ortholog_one2one,1
ENSG00000065665,SEC61A2,ENSMUSG00000025816,Sec61a2,ortholog_one2one,1
ENSG00000105784,RUNDC3B,ENSMUSG00000040570,Rundc3b,ortholog_one2one,1
ENSG00000182732,RGS6,ENSMUSG00000021219,Rgs6,ortholog_one2one,1
ENSG00000112077,RHAG,ENSMUSG00000023926,Rhag,ortholog_one2one,1
ENSG00000178980,SELENOW,ENSMUSG00000041571,Selenow,ortholog_one2one,1
ENSG00000106615,RHEB,ENSMUSG00000028945,Rheb,ortholog_one2one,1
ENSG00000113269,RNF130,ENSMUSG00000020376,Rnf130,ortholog_one2one,1
ENSG00000138326,RPS24,ENSMUSG00000025290,Rps24,ortholog_one2one,1
ENSG00000079332,SAR1A,ENSMUSG00000020088,Sar1a,ortholog_one2one,1
ENSG00000211456,SACM1L,ENSMUSG00000025240,Sacm1l,ortholog_one2one,1
ENSG00000005486,RHBDD2,ENSMUSG00000039917,Rhbdd2,ortholog_one2one,1
ENSG00000169220,RGS14,ENSMUSG00000052087,Rgs14,ortholog_one2one,1
ENSG00000091844,RGS17,ENSMUSG00000019775,Rgs17,ortholog_one2one,1
ENSG00000127990,SGCE,ENSMUSG00000004631,Sgce,ortholog_one2one,1
ENSG00000198242,RPL23A,ENSMUSG00000058546,Rpl23a,ortholog_one2one,1
ENSG00000231500,RPS18,ENSMUSG00000008668,Rps18,ortholog_one2one,1
ENSG00000047936,ROS1,ENSMUSG00000019893,Ros1,ortholog_one2one,1
ENSG00000075856,SART3,ENSMUSG00000018974,Sart3,ortholog_one2one,1
ENSG00000119231,SENP5,ENSMUSG00000022772,Senp5,ortholog_one2one,1
ENSG00000129657,SEC14L1,ENSMUSG00000020823,Sec14l1,ortholog_one2one,1
ENSG00000145423,SFRP2,ENSMUSG00000027996,Sfrp2,ortholog_one2one,1
ENSG00000168066,SF1,ENSMUSG00000024949,Sf1,ortholog_one2one,1
ENSG00000149575,SCN2B,ENSMUSG00000070304,Scn2b,ortholog_one2one,1
ENSG00000061936,SFSWAP,ENSMUSG00000029439,Sfswap,ortholog_one2one,1
ENSG00000079387,SENP1,ENSMUSG00000033075,Senp1,ortholog_one2one,1
ENSG00000157020,SEC13,ENSMUSG00000030298,Sec13,ortholog_one2one,1
ENSG00000129197,RPAIN,ENSMUSG00000018449,Rpain,ortholog_one2one,1
ENSG00000167257,RNF214,ENSMUSG00000042790,Rnf214,ortholog_one2one,1
ENSG00000131941,RHPN2,ENSMUSG00000030494,Rhpn2,ortholog_one2one,1
ENSG00000170889,RPS9,ENSMUSG00000006333,Rps9,ortholog_one2one,1
ENSG00000186907,RTN4RL2,ENSMUSG00000050896,Rtn4rl2,ortholog_one2one,1
ENSG00000128482,RNF112,ENSMUSG00000010086,Rnf112,ortholog_one2one,1
ENSG00000149212,SESN3,ENSMUSG00000032009,Sesn3,ortholog_one2one,1
ENSG00000139410,SDSL,ENSMUSG00000029596,Sdsl,ortholog_one2one,1
ENSG00000153253,SCN3A,ENSMUSG00000057182,Scn3a,ortholog_one2one,1
ENSG00000143947,RPS27A,ENSMUSG00000020460,Rps27a,ortholog_one2one,1
ENSG00000105193,RPS16,ENSMUSG00000037563,Rps16,ortholog_one2one,1
ENSG00000005175,RPAP3,ENSMUSG00000022466,Rpap3,ortholog_one2one,1
ENSG00000196876,SCN8A,ENSMUSG00000023033,Scn8a,ortholog_one2one,1
ENSG00000110315,RNF141,ENSMUSG00000030788,Rnf141,ortholog_one2one,1
ENSG00000143622,RIT1,ENSMUSG00000028057,Rit1,ortholog_one2one,1
ENSG00000265808,SEC22B,ENSMUSG00000027879,Sec22b,ortholog_one2one,1
ENSG00000164327,RICTOR,ENSMUSG00000050310,Rictor,ortholog_one2one,1
ENSG00000108387,SEPTIN4,,,,NA
ENSG00000134321,RSAD2,ENSMUSG00000020641,Rsad2,ortholog_one2one,1
ENSG00000170633,RNF34,ENSMUSG00000029474,Rnf34,ortholog_one2one,1
ENSG00000116521,SCAMP3,ENSMUSG00000028049,Scamp3,ortholog_one2one,1
ENSG00000175634,RPS6KB2,ENSMUSG00000024830,Rps6kb2,ortholog_one2one,1
ENSG00000175467,SART1,ENSMUSG00000039148,Sart1,ortholog_one2one,1
ENSG00000078808,SDF4,ENSMUSG00000029076,Sdf4,ortholog_one2one,1
ENSG00000184640,SEPTIN9,ENSMUSG00000059248,Septin9,ortholog_one2one,1
ENSG00000139697,SBNO1,ENSMUSG00000038095,Sbno1,ortholog_one2one,1
ENSG00000163536,SERPINI1,ENSMUSG00000027834,Serpini1,ortholog_one2one,1
ENSG00000167100,SAMD14,ENSMUSG00000047181,Samd14,ortholog_one2one,1
ENSG00000170989,S1PR1,ENSMUSG00000045092,S1pr1,ortholog_one2one,1
ENSG00000069188,SDK2,ENSMUSG00000041592,Sdk2,ortholog_one2one,1
ENSG00000196189,SEMA4A,ENSMUSG00000028064,Sema4a,ortholog_one2one,1
ENSG00000004139,SARM1,ENSMUSG00000050132,Sarm1,ortholog_one2one,1
ENSG00000122406,RPL5,,,,NA
ENSG00000125691,RPL23,ENSMUSG00000071415,Rpl23,ortholog_one2one,1
ENSG00000115524,SF3B1,ENSMUSG00000025982,Sf3b1,ortholog_one2one,1
ENSG00000109929,SC5D,ENSMUSG00000032018,Sc5d,ortholog_one2one,1
ENSG00000162302,RPS6KA4,ENSMUSG00000118668,Rps6ka4,ortholog_one2one,1
ENSG00000117616,RSRP1,ENSMUSG00000037266,Rsrp1,ortholog_one2one,1
ENSG00000169855,ROBO1,ENSMUSG00000022883,Robo1,ortholog_one2one,1
ENSG00000060709,RIMBP2,ENSMUSG00000029420,Rimbp2,ortholog_one2one,1
ENSG00000174791,RIN1,ENSMUSG00000024883,Rin1,ortholog_one2one,1
ENSG00000114993,RTKN,ENSMUSG00000034930,Rtkn,ortholog_one2one,1
ENSG00000163125,RPRD2,ENSMUSG00000028106,Rprd2,ortholog_one2one,1
ENSG00000132383,RPA1,ENSMUSG00000000751,Rpa1,ortholog_one2one,1
ENSG00000116560,SFPQ,ENSMUSG00000028820,Sfpq,ortholog_one2one,1
ENSG00000108309,RUNDC3A,ENSMUSG00000006575,Rundc3a,ortholog_one2one,1
ENSG00000167325,RRM1,ENSMUSG00000030978,Rrm1,ortholog_one2one,1
ENSG00000165526,RPUSD4,ENSMUSG00000032044,Rpusd4,ortholog_one2one,1
ENSG00000163785,RYK,ENSMUSG00000032547,Ryk,ortholog_one2one,1
ENSG00000177600,RPLP2,ENSMUSG00000118552,Rplp2-ps1,ortholog_one2many,0
ENSG00000177600,RPLP2,ENSMUSG00000025508,Rplp2,ortholog_one2many,1
ENSG00000136643,RPS6KC1,ENSMUSG00000089872,Rps6kc1,ortholog_one2one,1
ENSG00000133812,SBF2,ENSMUSG00000038371,Sbf2,ortholog_one2one,1
ENSG00000163191,S100A11,ENSMUSG00000027907,S100a11,ortholog_one2one,1
ENSG00000177963,RIC8A,ENSMUSG00000025485,Ric8a,ortholog_one2one,1
ENSG00000149257,SERPINH1,ENSMUSG00000070436,Serpinh1,ortholog_one2one,1
ENSG00000115841,RMDN2,ENSMUSG00000036368,Rmdn2,ortholog_one2one,1
ENSG00000164068,RNF123,ENSMUSG00000041528,Rnf123,ortholog_one2one,1
ENSG00000144040,SFXN5,ENSMUSG00000033720,Sfxn5,ortholog_one2one,1
ENSG00000168028,RPSA,ENSMUSG00000032518,Rpsa,ortholog_one2many,1
ENSG00000143556,S100A7,,,,NA
ENSG00000188672,RHCE,ENSMUSG00000028825,Rhd,ortholog_one2many,1
ENSG00000082996,RNF13,ENSMUSG00000036503,Rnf13,ortholog_one2one,1
ENSG00000071082,RPL31,ENSMUSG00000073702,Rpl31,ortholog_one2one,1
ENSG00000144285,SCN1A,ENSMUSG00000064329,Scn1a,ortholog_one2one,1
ENSG00000143379,SETDB1,ENSMUSG00000015697,Setdb1,ortholog_one2one,1
ENSG00000135622,SEMA4F,ENSMUSG00000000627,Sema4f,ortholog_one2one,1
ENSG00000143365,RORC,ENSMUSG00000028150,Rorc,ortholog_one2one,1
ENSG00000145016,RUBCN,ENSMUSG00000035629,Rubcn,ortholog_one2one,1
ENSG00000117676,RPS6KA1,ENSMUSG00000003644,Rps6ka1,ortholog_one2one,1
ENSG00000171951,SCG2,ENSMUSG00000050711,Scg2,ortholog_one2one,1
ENSG00000160753,RUSC1,ENSMUSG00000041263,Rusc1,ortholog_one2one,1
ENSG00000118473,SGIP1,ENSMUSG00000028524,Sgip1,ortholog_one2one,1
ENSG00000182901,RGS7,ENSMUSG00000026527,Rgs7,ortholog_one2one,1
ENSG00000171863,RPS7,ENSMUSG00000061477,Rps7,ortholog_one2one,1
ENSG00000171848,RRM2,ENSMUSG00000020649,Rrm2,ortholog_one2one,1
ENSG00000156876,SASS6,ENSMUSG00000027959,Sass6,ortholog_one2one,1
ENSG00000116574,RHOU,ENSMUSG00000039960,Rhou,ortholog_one2one,1
ENSG00000134318,ROCK2,ENSMUSG00000020580,Rock2,ortholog_one2one,1
ENSG00000135828,RNASEL,ENSMUSG00000066800,Rnasel,ortholog_one2one,1
ENSG00000168758,SEMA4C,ENSMUSG00000026121,Sema4c,ortholog_one2one,1
ENSG00000119729,RHOQ,ENSMUSG00000024143,Rhoq,ortholog_one2one,1
ENSG00000163220,S100A9,ENSMUSG00000056071,S100a9,ortholog_one2many,1
ENSG00000163220,S100A9,ENSMUSG00000121904,Gm63964,ortholog_one2many,0
ENSG00000163220,S100A9,ENSMUSG00000121905,Gm63953,ortholog_one2many,0
ENSG00000163220,S100A9,ENSMUSG00000096621,Gm5849,ortholog_one2many,0
ENSG00000163221,S100A12,,,,NA
ENSG00000162512,SDC3,ENSMUSG00000025743,Sdc3,ortholog_one2one,1
ENSG00000176393,RNPEP,ENSMUSG00000041926,Rnpep,ortholog_one2one,1
ENSG00000115128,SF3B6,ENSMUSG00000037361,Sf3b6,ortholog_one2one,1
ENSG00000153561,RMND5A,ENSMUSG00000002222,Rmnd5a,ortholog_one2one,1
ENSG00000177181,RIMKLA,ENSMUSG00000048899,Rimkla,ortholog_one2one,1
ENSG00000177954,RPS27,ENSMUSG00000050621,Rps27rt,ortholog_one2one,0
ENSG00000183291,SELENOF,ENSMUSG00000037072,Selenof,ortholog_one2one,1
ENSG00000142676,RPL11,ENSMUSG00000059291,Rpl11,ortholog_one2one,1
ENSG00000189334,S100A14,ENSMUSG00000042306,S100a14,ortholog_one2one,1
ENSG00000143653,SCCPDH,ENSMUSG00000038936,Sccpdh,ortholog_one2one,1
ENSG00000196154,S100A4,ENSMUSG00000001020,S100a4,ortholog_one2one,1
ENSG00000143416,SELENBP1,ENSMUSG00000068877,Selenbp2,ortholog_one2many,0
ENSG00000143416,SELENBP1,ENSMUSG00000068874,Selenbp1,ortholog_one2many,1
ENSG00000000457,SCYL3,ENSMUSG00000026584,Scyl3,ortholog_one2one,1
ENSG00000054282,SDCCAG8,ENSMUSG00000026504,Sdccag8,ortholog_one2one,1
ENSG00000116251,RPL22,ENSMUSG00000028936,Rpl22,ortholog_one2one,1
ENSG00000116171,SCP2,ENSMUSG00000028603,Scp2,ortholog_one2one,1
ENSG00000123091,RNF11,ENSMUSG00000028557,Rnf11,ortholog_one2many,1
ENSG00000188643,S100A16,ENSMUSG00000074457,S100a16,ortholog_one2one,1
ENSG00000197956,S100A6,ENSMUSG00000001025,S100a6,ortholog_one2one,1
ENSG00000160678,S100A1,ENSMUSG00000044080,S100a1,ortholog_one2one,1
ENSG00000143252,SDHC,ENSMUSG00000058076,Sdhc,ortholog_one2one,1
ENSG00000116747,RO60,ENSMUSG00000018199,Ro60,ortholog_one2one,1
ENSG00000197747,S100A10,ENSMUSG00000041959,S100a10,ortholog_one2one,1
ENSG00000031698,SARS1,ENSMUSG00000068739,Sars1,ortholog_one2one,1
ENSG00000143546,S100A8,ENSMUSG00000056054,S100a8,ortholog_one2one,1
ENSG00000116954,RRAGC,ENSMUSG00000028646,Rragc,ortholog_one2one,1
ENSG00000117016,RIMS3,ENSMUSG00000032890,Rims3,ortholog_one2one,1
ENSG00000130766,SESN2,ENSMUSG00000028893,Sesn2,ortholog_one2one,1
ENSG00000117118,SDHB,ENSMUSG00000009863,Sdhb,ortholog_one2one,1
ENSG00000142864,SERBP1,ENSMUSG00000036371,Serbp1,ortholog_one2one,1
ENSG00000292254,SHANK3,,,,NA
ENSG00000292334,SLC25A6,,,,NA
ENSG00000281917,SLC16A1,,,,NA
ENSG00000282739,SLC25A26,,,,NA
ENSG00000228741,SPATA13,,,,NA
ENSG00000178235,SLITRK1,ENSMUSG00000075478,Slitrk1,ortholog_one2one,1
ENSG00000284099,SQSTM1,,,,NA
ENSG00000291608,SH3GL3,,,,NA
ENSG00000283100,SIRT2,,,,NA
ENSG00000291971,SRC,,,,NA
ENSG00000260873,SNTB2,,,,NA
ENSG00000278550,SLC43A2,,,,NA
ENSG00000285281,SGPP1,,,,NA
ENSG00000134595,SOX3,ENSMUSG00000045179,Sox3,ortholog_one2one,1
ENSG00000273608,SRCIN1,,,,NA
ENSG00000173638,SLC19A1,ENSMUSG00000001436,Slc19a1,ortholog_one2one,1
ENSG00000141424,SLC39A6,ENSMUSG00000024270,Slc39a6,ortholog_one2one,1
ENSG00000133121,STARD13,ENSMUSG00000016128,Stard13,ortholog_one2one,1
ENSG00000283741,SMCR8,,,,NA
ENSG00000284320,SHMT1,,,,NA
ENSG00000136158,SPRY2,ENSMUSG00000022114,Spry2,ortholog_one2one,1
ENSG00000164933,SLC25A32,ENSMUSG00000022299,Slc25a32,ortholog_one2one,1
ENSG00000100138,SNU13,ENSMUSG00000063480,Snu13,ortholog_one2one,1
ENSG00000137877,SPTBN5,ENSMUSG00000074899,Sptbn5,ortholog_one2one,1
ENSG00000139514,SLC7A1,ENSMUSG00000041313,Slc7a1,ortholog_one2one,1
ENSG00000214929,SPATA31D1,ENSMUSG00000050876,Spata31d1a,ortholog_many2many,0
ENSG00000214929,SPATA31D1,ENSMUSG00000095300,Spata31e3,ortholog_many2many,0
ENSG00000214929,SPATA31D1,ENSMUSG00000121934,Gm8777,ortholog_many2many,0
ENSG00000214929,SPATA31D1,ENSMUSG00000114073,Spata31e1,ortholog_many2many,0
ENSG00000214929,SPATA31D1,ENSMUSG00000094918,Spata31e4,ortholog_many2many,0
ENSG00000214929,SPATA31D1,ENSMUSG00000048411,Spata31e5,ortholog_many2many,0
ENSG00000214929,SPATA31D1,ENSMUSG00000074849,Spata31d1c,ortholog_many2many,0
ENSG00000214929,SPATA31D1,ENSMUSG00000073722,Spata31e2,ortholog_many2many,0
ENSG00000263163,SLC27A3,,,,NA
ENSG00000165300,SLITRK5,ENSMUSG00000033214,Slitrk5,ortholog_one2one,1
ENSG00000271303,SRXN1,ENSMUSG00000032802,Srxn1,ortholog_one2one,1
ENSG00000284468,SLC25A24,,,,NA
ENSG00000185594,SPATA8,,,,NA
ENSG00000141646,SMAD4,ENSMUSG00000024515,Smad4,ortholog_one2one,1
ENSG00000101596,SMCHD1,ENSMUSG00000024054,Smchd1,ortholog_one2one,1
ENSG00000272901,SMDT1,,,,NA
ENSG00000275744,SLC2A11,,,,NA
ENSG00000272835,SMDT1,,,,NA
ENSG00000274112,SMDT1,,,,NA
ENSG00000133104,SPART,ENSMUSG00000036580,Spart,ortholog_one2one,1
ENSG00000156395,SORCS3,ENSMUSG00000063434,Sorcs3,ortholog_one2one,1
ENSG00000292130,SMPD4,,,,NA
ENSG00000271699,SNX29P2,,,,NA
ENSG00000292099,SLC25A12,,,,NA
ENSG00000100146,SOX10,ENSMUSG00000033006,Sox10,ortholog_one2one,1
ENSG00000181240,SLC25A41,ENSMUSG00000011486,Slc25a41,ortholog_one2one,1
ENSG00000142168,SOD1,ENSMUSG00000022982,Sod1,ortholog_one2one,1
ENSG00000139737,SLAIN1,ENSMUSG00000055717,Slain1,ortholog_one2one,1
ENSG00000146950,SHROOM2,ENSMUSG00000045180,Shroom2,ortholog_one2one,1
ENSG00000147164,SNX12,ENSMUSG00000046032,Snx12,ortholog_one2one,1
ENSG00000100359,SGSM3,ENSMUSG00000042303,Sgsm3,ortholog_one2one,1
ENSG00000292165,SH3D19,,,,NA
ENSG00000186212,SOWAHB,ENSMUSG00000045314,Sowahb,ortholog_one2one,1
ENSG00000275349,SMN1,,,,NA
ENSG00000159140,SON,ENSMUSG00000022961,Son,ortholog_one2one,1
ENSG00000164690,SHH,ENSMUSG00000002633,Shh,ortholog_one2one,1
ENSG00000185985,SLITRK2,ENSMUSG00000036790,Slitrk2,ortholog_one2one,1
ENSG00000262771,SSBP1,,,,NA
ENSG00000182957,SPATA13,ENSMUSG00000021990,Spata13,ortholog_one2one,1
ENSG00000276482,SLC12A7,,,,NA
ENSG00000090402,SI,ENSMUSG00000027790,Sis,ortholog_one2one,1
ENSG00000102743,SLC25A15,ENSMUSG00000031482,Slc25a15,ortholog_one2one,1
ENSG00000182902,SLC25A18,ENSMUSG00000004902,Slc25a18,ortholog_one2one,1
ENSG00000170677,SOCS6,ENSMUSG00000056153,Socs6,ortholog_one2one,1
ENSG00000125835,SNRPB,ENSMUSG00000027404,Snrpb,ortholog_one2one,1
ENSG00000131171,SH3BGRL,ENSMUSG00000031246,Sh3bgrl,ortholog_one2one,1
ENSG00000224543,SNRPGP15,,,,NA
ENSG00000140319,SRP14,ENSMUSG00000009549,Srp14,ortholog_one2one,1
ENSG00000134278,SPIRE1,ENSMUSG00000024533,Spire1,ortholog_one2one,1
ENSG00000125870,SNRPB2,ENSMUSG00000008333,Snrpb2,ortholog_one2one,1
ENSG00000229802,SLC39A7,,,,NA
ENSG00000187902,SHISA7,ENSMUSG00000053550,Shisa7,ortholog_one2one,1
ENSG00000258484,SPESP1,ENSMUSG00000046846,Spesp1,ortholog_one2one,0
ENSG00000226614,SLC39A7,,,,NA
ENSG00000123178,SPRYD7,ENSMUSG00000021930,Spryd7,ortholog_one2one,1
ENSG00000157106,SMG1,ENSMUSG00000030655,Smg1,ortholog_one2one,1
ENSG00000178188,SH2B1,ENSMUSG00000030733,Sh2b1,ortholog_one2one,1
ENSG00000092531,SNAP23,ENSMUSG00000027287,Snap23,ortholog_one2one,1
ENSG00000095637,SORBS1,ENSMUSG00000025006,Sorbs1,ortholog_one2one,1
ENSG00000104450,SPAG1,ENSMUSG00000037617,Spag1,ortholog_one2one,1
ENSG00000068903,SIRT2,ENSMUSG00000015149,Sirt2,ortholog_one2one,1
ENSG00000167088,SNRPD1,ENSMUSG00000002477,Snrpd1,ortholog_one2one,0
ENSG00000102038,SMARCA1,ENSMUSG00000031099,Smarca1,ortholog_one2one,1
ENSG00000177511,ST8SIA3,ENSMUSG00000056812,St8sia3,ortholog_one2one,1
ENSG00000133460,SLC2A11,,,,NA
ENSG00000172296,SPTLC3,ENSMUSG00000039092,Sptlc3,ortholog_one2one,1
ENSG00000184402,SS18L1,ENSMUSG00000039086,Ss18l1,ortholog_one2one,1
ENSG00000183172,SMDT1,ENSMUSG00000022452,Smdt1,ortholog_one2one,1
ENSG00000148341,SH3GLB2,ENSMUSG00000026860,Sh3glb2,ortholog_one2one,1
ENSG00000175387,SMAD2,ENSMUSG00000024563,Smad2,ortholog_one2one,1
ENSG00000227402,SLC39A7,,,,NA
ENSG00000099940,SNAP29,ENSMUSG00000022765,Snap29,ortholog_one2one,1
ENSG00000172830,SSH3,ENSMUSG00000034616,Ssh3,ortholog_one2one,1
ENSG00000167978,SRRM2,ENSMUSG00000039218,Srrm2,ortholog_one2one,1
ENSG00000206288,SLC39A7,,,,NA
ENSG00000169371,SNUPN,ENSMUSG00000055334,Snupn,ortholog_one2one,1
ENSG00000204991,SPIRE2,ENSMUSG00000010154,Spire2,ortholog_one2one,1
ENSG00000179526,SHARPIN,ENSMUSG00000022552,Sharpin,ortholog_one2one,1
ENSG00000148339,SLC25A25,ENSMUSG00000026819,Slc25a25,ortholog_one2one,1
ENSG00000224399,SLC39A7,,,,NA
ENSG00000181035,SLC25A42,ENSMUSG00000002346,Slc25a42,ortholog_one2one,1
ENSG00000107338,SHB,ENSMUSG00000044813,Shb,ortholog_one2one,1
ENSG00000141469,SLC14A1,ENSMUSG00000059336,Slc14a1,ortholog_one2one,1
ENSG00000075142,SRI,ENSMUSG00000003161,Sri,ortholog_one2one,1
ENSG00000129128,SPCS3,ENSMUSG00000048355,Arxes1,ortholog_one2many,0
ENSG00000129128,SPCS3,ENSMUSG00000048040,Arxes2,ortholog_one2many,0
ENSG00000103061,SLC7A6OS,ENSMUSG00000033106,Slc7a6os,ortholog_one2one,1
ENSG00000145335,SNCA,ENSMUSG00000025889,Snca,ortholog_one2one,1
ENSG00000177542,SLC25A22,ENSMUSG00000019082,Slc25a22,ortholog_one2one,1
ENSG00000089057,SLC23A2,ENSMUSG00000027340,Slc23a2,ortholog_one2one,1
ENSG00000168610,STAT3,ENSMUSG00000004040,Stat3,ortholog_one2one,1
ENSG00000198944,SOWAHA,ENSMUSG00000044352,Sowaha,ortholog_one2one,1
ENSG00000130813,SHFL,ENSMUSG00000038884,Shfl,ortholog_one2one,1
ENSG00000100372,SLC25A17,ENSMUSG00000022404,Slc25a17,ortholog_one2one,1
ENSG00000077312,SNRPA,ENSMUSG00000061479,Snrpa,ortholog_one2one,1
ENSG00000172345,STARD5,ENSMUSG00000046027,Stard5,ortholog_one2one,1
ENSG00000102078,SLC25A14,ENSMUSG00000031105,Slc25a14,ortholog_one2one,1
ENSG00000169100,SLC25A6,,,,NA
ENSG00000160460,SPTBN4,ENSMUSG00000011751,Sptbn4,ortholog_one2one,1
ENSG00000101298,SNPH,ENSMUSG00000027457,Snph,ortholog_one2one,1
ENSG00000104154,SLC30A4,ENSMUSG00000005802,Slc30a4,ortholog_one2one,1
ENSG00000075303,SLC25A40,ENSMUSG00000054099,Slc25a40,ortholog_one2one,1
ENSG00000204271,SPIN3,,,,NA
ENSG00000196376,SLC35F1,ENSMUSG00000038602,Slc35f1,ortholog_one2one,1
ENSG00000197119,SLC25A29,ENSMUSG00000021265,Slc25a29,ortholog_one2one,1
ENSG00000142082,SIRT3,ENSMUSG00000025486,Sirt3,ortholog_one2one,1
ENSG00000124783,SSR1,ENSMUSG00000021427,Ssr1,ortholog_one2one,1
ENSG00000089006,SNX5,ENSMUSG00000027423,Snx5,ortholog_one2one,1
ENSG00000072501,SMC1A,ENSMUSG00000041133,Smc1a,ortholog_one2one,1
ENSG00000102172,SMS,ENSMUSG00000071708,Sms,ortholog_one2one,1
ENSG00000197122,SRC,ENSMUSG00000027646,Src,ortholog_one2one,1
ENSG00000100092,SH3BP1,ENSMUSG00000022436,Sh3bp1,ortholog_one2one,1
ENSG00000137767,SQOR,ENSMUSG00000005803,Sqor,ortholog_one2one,1
ENSG00000198911,SREBF2,ENSMUSG00000022463,Srebf2,ortholog_one2one,1
ENSG00000087087,SRRT,ENSMUSG00000037364,Srrt,ortholog_one2one,1
ENSG00000130304,SLC27A1,ENSMUSG00000031808,Slc27a1,ortholog_one2one,1
ENSG00000159433,STARD9,,,,NA
ENSG00000135317,SNX14,ENSMUSG00000032422,Snx14,ortholog_one2one,1
ENSG00000198689,SLC9A6,ENSMUSG00000060681,Slc9a6,ortholog_one2one,1
ENSG00000104969,SGTA,ENSMUSG00000004937,Sgta,ortholog_one2one,1
ENSG00000170581,STAT2,ENSMUSG00000040033,Stat2,ortholog_one2one,1
ENSG00000112081,SRSF3,ENSMUSG00000071172,Srsf3,ortholog_one2one,1
ENSG00000165181,SHOC1,ENSMUSG00000038598,Shoc1,ortholog_one2one,1
ENSG00000100075,SLC25A1,ENSMUSG00000003528,Slc25a1,ortholog_one2one,1
ENSG00000148482,SLC39A12,ENSMUSG00000036949,Slc39a12,ortholog_one2one,1
ENSG00000109171,SLAIN2,ENSMUSG00000036087,Slain2,ortholog_one2one,1
ENSG00000179520,SLC17A8,ENSMUSG00000019935,Slc17a8,ortholog_one2one,1
ENSG00000004939,SLC4A1,ENSMUSG00000006574,Slc4a1,ortholog_one2one,1
ENSG00000186583,SPATC1,ENSMUSG00000049653,Spatc1,ortholog_one2one,1
ENSG00000071189,SNX13,ENSMUSG00000020590,Snx13,ortholog_one2one,1
ENSG00000121871,SLITRK3,ENSMUSG00000048304,Slitrk3,ortholog_one2one,1
ENSG00000019549,SNAI2,ENSMUSG00000022676,Snai2,ortholog_one2one,1
ENSG00000101438,SLC32A1,ENSMUSG00000037771,Slc32a1,ortholog_one2one,1
ENSG00000005022,SLC25A5,ENSMUSG00000016319,Slc25a5,ortholog_one2one,1
ENSG00000141298,SSH2,ENSMUSG00000037926,Ssh2,ortholog_one2one,1
ENSG00000101400,SNTA1,ENSMUSG00000027488,Snta1,ortholog_one2one,1
ENSG00000154556,SORBS2,ENSMUSG00000031626,Sorbs2,ortholog_one2one,1
ENSG00000151229,SLC2A13,ENSMUSG00000036298,Slc2a13,ortholog_one2one,1
ENSG00000141750,STAC2,ENSMUSG00000017400,Stac2,ortholog_one2one,1
ENSG00000136824,SMC2,ENSMUSG00000028312,Smc2,ortholog_one2one,1
ENSG00000006282,SPATA20,ENSMUSG00000020867,Spata20,ortholog_one2one,1
ENSG00000173548,SNX33,ENSMUSG00000032733,Snx33,ortholog_one2one,1
ENSG00000090054,SPTLC1,ENSMUSG00000021468,Sptlc1,ortholog_one2one,1
ENSG00000124104,SNX21,ENSMUSG00000050373,Snx21,ortholog_one2one,1
ENSG00000162105,SHANK2,ENSMUSG00000037541,Shank2,ortholog_one2one,1
ENSG00000147955,SIGMAR1,ENSMUSG00000036078,Sigmar1,ortholog_one2one,1
ENSG00000138771,SHROOM3,ENSMUSG00000029381,Shroom3,ortholog_one2one,1
ENSG00000103257,SLC7A5,ENSMUSG00000040010,Slc7a5,ortholog_one2one,1
ENSG00000167037,SGSM1,ENSMUSG00000042216,Sgsm1,ortholog_one2one,1
ENSG00000148158,SNX30,ENSMUSG00000028385,Snx30,ortholog_one2one,1
ENSG00000180879,SSR4,ENSMUSG00000002014,Ssr4,ortholog_one2one,1
ENSG00000147010,SH3KBP1,ENSMUSG00000040990,Sh3kbp1,ortholog_one2one,1
ENSG00000110436,SLC1A2,ENSMUSG00000005089,Slc1a2,ortholog_one2one,1
ENSG00000269743,SLC25A53,ENSMUSG00000044348,Slc25a53,ortholog_one2one,1
ENSG00000109762,SNX25,ENSMUSG00000038291,Snx25,ortholog_one2one,1
ENSG00000065609,SNAP91,ENSMUSG00000033419,Snap91,ortholog_one2one,1
ENSG00000108528,SLC25A11,ENSMUSG00000014606,Slc25a11,ortholog_one2one,1
ENSG00000104205,SGK3,ENSMUSG00000025915,Sgk3,ortholog_one2one,1
ENSG00000118007,STAG1,ENSMUSG00000037286,Stag1,ortholog_one2one,1
ENSG00000100380,ST13,ENSMUSG00000022403,St13,ortholog_one2one,1
ENSG00000145687,SSBP2,ENSMUSG00000003992,Ssbp2,ortholog_one2one,1
ENSG00000063176,SPHK2,ENSMUSG00000057342,Sphk2,ortholog_one2one,1
ENSG00000114850,SSR3,ENSMUSG00000027828,Ssr3,ortholog_one2one,1
ENSG00000138134,STAMBPL1,ENSMUSG00000024776,Stambpl1,ortholog_one2one,1
ENSG00000166949,SMAD3,ENSMUSG00000032402,Smad3,ortholog_one2one,1
ENSG00000158352,SHROOM4,ENSMUSG00000068270,Shroom4,ortholog_one2one,1
ENSG00000121073,SLC35B1,ENSMUSG00000020873,Slc35b1,ortholog_one2one,1
ENSG00000074621,SLC24A1,ENSMUSG00000034452,Slc24a1,ortholog_one2one,1
ENSG00000198887,SMC5,ENSMUSG00000024943,Smc5,ortholog_one2one,1
ENSG00000129515,SNX6,ENSMUSG00000005656,Snx6,ortholog_one2one,1
ENSG00000158480,SPATA2,ENSMUSG00000047030,Spata2,ortholog_one2one,1
ENSG00000176463,SLCO3A1,ENSMUSG00000025790,Slco3a1,ortholog_one2one,1
ENSG00000124214,STAU1,ENSMUSG00000039536,Stau1,ortholog_one2one,1
ENSG00000152582,SPEF2,ENSMUSG00000072663,Spef2,ortholog_one2one,1
ENSG00000129946,SHC2,,,,NA
ENSG00000100028,SNRPD3,ENSMUSG00000020180,Snrpd3,ortholog_one2one,1
ENSG00000104497,SNX16,ENSMUSG00000027534,Snx16,ortholog_one2one,1
ENSG00000161011,SQSTM1,ENSMUSG00000015837,Sqstm1,ortholog_one2one,1
ENSG00000140284,SLC27A2,ENSMUSG00000027359,Slc27a2,ortholog_one2one,1
ENSG00000160999,SH2B2,ENSMUSG00000005057,Sh2b2,ortholog_one2one,1
ENSG00000166224,SGPL1,ENSMUSG00000020097,Sgpl1,ortholog_one2one,1
ENSG00000124193,SRSF6,ENSMUSG00000016921,Srsf6,ortholog_one2one,1
ENSG00000198053,SIRPA,ENSMUSG00000078783,Sirpd,ortholog_many2many,0
ENSG00000198053,SIRPA,ENSMUSG00000095028,Sirpb1b,ortholog_many2many,0
ENSG00000198053,SIRPA,ENSMUSG00000078780,Gm5150,ortholog_many2many,0
ENSG00000198053,SIRPA,ENSMUSG00000095788,Sirpb1a,ortholog_many2many,0
ENSG00000198053,SIRPA,ENSMUSG00000074677,Sirpb1c,ortholog_many2many,0
ENSG00000198053,SIRPA,ENSMUSG00000037902,Sirpa,ortholog_many2many,1
ENSG00000080603,SRCAP,ENSMUSG00000053877,Srcap,ortholog_one2one,1
ENSG00000132639,SNAP25,ENSMUSG00000027273,Snap25,ortholog_one2one,1
ENSG00000196220,SRGAP3,ENSMUSG00000030257,Srgap3,ortholog_one2one,1
ENSG00000124140,SLC12A5,ENSMUSG00000017740,Slc12a5,ortholog_one2one,1
ENSG00000169375,SIN3A,ENSMUSG00000042557,Sin3a,ortholog_one2one,1
ENSG00000147100,SLC16A2,ENSMUSG00000033965,Slc16a2,ortholog_one2one,1
ENSG00000084090,STARD7,ENSMUSG00000027367,Stard7,ortholog_one2one,1
ENSG00000070182,SPTB,ENSMUSG00000021061,Sptb,ortholog_one2one,1
ENSG00000004866,ST7,ENSMUSG00000029534,St7,ortholog_one2one,1
ENSG00000179542,SLITRK4,ENSMUSG00000046699,Slitrk4,ortholog_one2one,1
ENSG00000127511,SIN3B,ENSMUSG00000031622,Sin3b,ortholog_one2one,1
ENSG00000091640,SPAG7,ENSMUSG00000018287,Spag7,ortholog_one2one,1
ENSG00000173757,STAT5B,ENSMUSG00000020919,Stat5b,ortholog_one2one,1
ENSG00000167720,SRR,ENSMUSG00000001323,Srr,ortholog_one2one,1
ENSG00000251322,SHANK3,ENSMUSG00000022623,Shank3,ortholog_one2one,1
ENSG00000174780,SRP72,ENSMUSG00000036323,Srp72,ortholog_one2one,1
ENSG00000100678,SLC8A3,ENSMUSG00000079055,Slc8a3,ortholog_one2one,1
ENSG00000113396,SLC27A6,ENSMUSG00000024600,Slc27a6,ortholog_one2one,1
ENSG00000157593,SLC35B2,ENSMUSG00000037089,Slc35b2,ortholog_one2one,1
ENSG00000120896,SORBS3,ENSMUSG00000022091,Sorbs3,ortholog_one2one,1
ENSG00000100014,SPECC1L,ENSMUSG00000033444,Specc1l,ortholog_one2one,1
ENSG00000140199,SLC12A6,ENSMUSG00000027130,Slc12a6,ortholog_one2one,1
ENSG00000134294,SLC38A2,ENSMUSG00000022462,Slc38a2,ortholog_one2one,1
ENSG00000075415,SLC25A3,ENSMUSG00000061904,Slc25a3,ortholog_one2one,1
ENSG00000120451,SNX19,ENSMUSG00000031993,Snx19,ortholog_one2one,1
ENSG00000197912,SPG7,ENSMUSG00000000738,Spg7,ortholog_one2one,1
ENSG00000115904,SOS1,ENSMUSG00000024241,Sos1,ortholog_one2one,1
ENSG00000072041,SLC6A15,ENSMUSG00000019894,Slc6a15,ortholog_one2one,1
ENSG00000184985,SORCS2,ENSMUSG00000029093,Sorcs2,ortholog_one2one,1
ENSG00000237515,SHISA9,ENSMUSG00000022494,Shisa9,ortholog_one2one,1
ENSG00000167523,SPATA33,ENSMUSG00000048478,Spata33,ortholog_one2one,1
ENSG00000141258,SGSM2,ENSMUSG00000038351,Sgsm2,ortholog_one2one,1
ENSG00000115145,STAM2,ENSMUSG00000055371,Stam2,ortholog_one2one,1
ENSG00000065923,SLC9A7,ENSMUSG00000037341,Slc9a7,ortholog_one2one,1
ENSG00000155886,SLC24A2,ENSMUSG00000037996,Slc24a2,ortholog_one2one,1
ENSG00000163554,SPTA1,ENSMUSG00000026532,Spta1,ortholog_one2one,1
ENSG00000096063,SRPK1,ENSMUSG00000004865,Srpk1,ortholog_one2one,1
ENSG00000148082,SHC3,ENSMUSG00000021448,Shc3,ortholog_one2one,1
ENSG00000151729,SLC25A4,ENSMUSG00000031633,Slc25a4,ortholog_one2one,1
ENSG00000138375,SMARCAL1,ENSMUSG00000039354,Smarcal1,ortholog_one2one,1
ENSG00000106688,SLC1A1,ENSMUSG00000024935,Slc1a1,ortholog_one2one,1
ENSG00000149136,SSRP1,ENSMUSG00000027067,Ssrp1,ortholog_one2one,1
ENSG00000126821,SGPP1,ENSMUSG00000021054,Sgpp1,ortholog_one2one,1
ENSG00000135250,SRPK2,ENSMUSG00000062604,Srpk2,ortholog_one2one,1
ENSG00000187164,SHTN1,ENSMUSG00000041362,Shtn1,ortholog_one2one,1
ENSG00000146828,SLC12A9,ENSMUSG00000037344,Slc12a9,ortholog_one2one,1
ENSG00000112335,SNX3,ENSMUSG00000019804,Snx3,ortholog_one2one,1
ENSG00000291237,SOD2,ENSMUSG00000006818,Sod2,ortholog_one2one,1
ENSG00000040341,STAU2,ENSMUSG00000025920,Stau2,ortholog_one2one,1
ENSG00000065613,SLK,ENSMUSG00000025060,Slk,ortholog_one2one,1
ENSG00000100603,SNW1,ENSMUSG00000021039,Snw1,ortholog_one2one,1
ENSG00000184347,SLIT3,ENSMUSG00000056427,Slit3,ortholog_one2one,1
ENSG00000107957,SH3PXD2A,ENSMUSG00000053617,Sh3pxd2a,ortholog_one2one,1
ENSG00000100883,SRP54,ENSMUSG00000079108,Srp54c,ortholog_one2many,1
ENSG00000100883,SRP54,ENSMUSG00000112449,Srp54b,ortholog_one2many,0
ENSG00000100883,SRP54,ENSMUSG00000073079,Srp54a,ortholog_one2many,1
ENSG00000124067,SLC12A4,ENSMUSG00000017765,Slc12a4,ortholog_one2one,1
ENSG00000132164,SLC6A11,ENSMUSG00000030307,Slc6a11,ortholog_one2one,1
ENSG00000183018,SPNS2,ENSMUSG00000040447,Spns2,ortholog_one2one,1
ENSG00000005206,SPPL2B,ENSMUSG00000035206,Sppl2b,ortholog_one2one,1
ENSG00000167447,SMG8,ENSMUSG00000020495,Smg8,ortholog_one2one,1
ENSG00000160584,SIK3,ENSMUSG00000034135,Sik3,ortholog_one2one,1
ENSG00000167778,SPRYD3,ENSMUSG00000036966,Spryd3,ortholog_one2one,1
ENSG00000198478,SH3BGRL2,ENSMUSG00000032261,Sh3bgrl2,ortholog_one2one,1
ENSG00000128487,SPECC1,ENSMUSG00000042331,Specc1,ortholog_one2one,1
ENSG00000028528,SNX1,ENSMUSG00000032382,Snx1,ortholog_one2one,1
ENSG00000185634,SHC4,ENSMUSG00000035109,Shc4,ortholog_one2one,1
ENSG00000214530,STARD10,ENSMUSG00000030688,Stard10,ortholog_one2one,1
ENSG00000108055,SMC3,ENSMUSG00000024974,Smc3,ortholog_one2one,1
ENSG00000091664,SLC17A6,ENSMUSG00000030500,Slc17a6,ortholog_one2one,1
ENSG00000122692,SMU1,ENSMUSG00000028409,Smu1,ortholog_one2one,1
ENSG00000129353,SLC44A2,ENSMUSG00000057193,Slc44a2,ortholog_one2one,1
ENSG00000140263,SORD,ENSMUSG00000027227,Sord,ortholog_one2one,1
ENSG00000125089,SH3TC1,ENSMUSG00000036553,Sh3tc1,ortholog_one2one,1
ENSG00000141985,SH3GL1,ENSMUSG00000003200,Sh3gl1,ortholog_one2one,1
ENSG00000114544,SLC41A3,ENSMUSG00000030089,Slc41a3,ortholog_one2one,1
ENSG00000165684,SNAPC4,ENSMUSG00000036281,Snapc4,ortholog_one2one,1
ENSG00000164209,SLC25A46,ENSMUSG00000024259,Slc25a46,ortholog_one2one,1
ENSG00000118363,SPCS2,ENSMUSG00000035227,Spcs2,ortholog_one2one,1
ENSG00000168807,SNTB2,ENSMUSG00000041308,Sntb2,ortholog_one2one,1
ENSG00000104549,SQLE,ENSMUSG00000022351,Sqle,ortholog_one2one,1
ENSG00000074317,SNCB,ENSMUSG00000034891,Sncb,ortholog_one2one,1
ENSG00000109610,SOD3,ENSMUSG00000072941,Sod3,ortholog_one2one,1
ENSG00000114520,SNX4,ENSMUSG00000022808,Snx4,ortholog_one2one,1
ENSG00000131876,SNRPA1,ENSMUSG00000030512,Snrpa1,ortholog_one2one,1
ENSG00000152377,SPOCK1,ENSMUSG00000056222,Spock1,ortholog_one2one,1
ENSG00000187122,SLIT1,ENSMUSG00000025020,Slit1,ortholog_one2one,1
ENSG00000090487,SPG21,ENSMUSG00000032388,Spg21,ortholog_one2one,1
ENSG00000153037,SRP19,ENSMUSG00000014504,Srp19,ortholog_one2one,1
ENSG00000205060,SLC35B4,ENSMUSG00000018999,Slc35b4,ortholog_one2one,1
ENSG00000211584,SLC48A1,ENSMUSG00000081534,Slc48a1,ortholog_one2one,0
ENSG00000175782,SLC35E3,ENSMUSG00000060181,Slc35e3,ortholog_one2one,1
ENSG00000014824,SLC30A9,ENSMUSG00000029221,Slc30a9,ortholog_one2one,1
ENSG00000113504,SLC12A7,ENSMUSG00000017756,Slc12a7,ortholog_one2one,1
ENSG00000172062,SMN1,ENSMUSG00000021645,Smn1,ortholog_one2many,1
ENSG00000130340,SNX9,ENSMUSG00000002365,Snx9,ortholog_one2one,1
ENSG00000105143,SLC1A6,ENSMUSG00000005357,Slc1a6,ortholog_one2one,1
ENSG00000100596,SPTLC2,ENSMUSG00000021036,Sptlc2,ortholog_one2one,1
ENSG00000153291,SLC25A27,ENSMUSG00000023912,Slc25a27,ortholog_one2one,1
ENSG00000133710,SPINK5,ENSMUSG00000055561,Spink5,ortholog_one2one,1
ENSG00000070214,SLC44A1,ENSMUSG00000028412,Slc44a1,ortholog_one2one,1
ENSG00000163681,SLMAP,ENSMUSG00000021870,Slmap,ortholog_one2one,1
ENSG00000140600,SH3GL3,ENSMUSG00000030638,Sh3gl3,ortholog_one2one,1
ENSG00000173267,SNCG,ENSMUSG00000023064,Sncg,ortholog_one2one,1
ENSG00000080503,SMARCA2,ENSMUSG00000024921,Smarca2,ortholog_one2one,1
ENSG00000137776,SLTM,ENSMUSG00000032212,Sltm,ortholog_one2one,1
ENSG00000112305,SMAP1,ENSMUSG00000026155,Smap1,ortholog_one2one,1
ENSG00000105251,SHD,ENSMUSG00000039154,Shd,ortholog_one2one,1
ENSG00000115875,SRSF7,ENSMUSG00000024097,Srsf7,ortholog_one2one,1
ENSG00000277363,SRCIN1,ENSMUSG00000038453,Srcin1,ortholog_one2one,1
ENSG00000118596,SLC16A7,ENSMUSG00000020102,Slc16a7,ortholog_one2one,1
ENSG00000092096,SLC22A17,ENSMUSG00000022199,Slc22a17,ortholog_one2one,1
ENSG00000151012,SLC7A11,ENSMUSG00000027737,Slc7a11,ortholog_one2one,1
ENSG00000138606,SHF,ENSMUSG00000033256,Shf,ortholog_one2one,0
ENSG00000122912,SLC25A16,ENSMUSG00000071253,Slc25a16,ortholog_one2one,1
ENSG00000172164,SNTB1,ENSMUSG00000060429,Sntb1,ortholog_one2one,1
ENSG00000048471,SNX29,ENSMUSG00000071669,Snx29,ortholog_one2one,1
ENSG00000104133,SPG11,ENSMUSG00000033396,Spg11,ortholog_one2one,1
ENSG00000136699,SMPD4,ENSMUSG00000005899,Smpd4,ortholog_one2one,1
ENSG00000003989,SLC7A2,ENSMUSG00000031596,Slc7a2,ortholog_one2one,1
ENSG00000166068,SPRED1,ENSMUSG00000027351,Spred1,ortholog_one2one,1
ENSG00000005020,SKAP2,ENSMUSG00000059182,Skap2,ortholog_one2one,1
ENSG00000197106,SLC6A17,ENSMUSG00000027894,Slc6a17,ortholog_one2one,1
ENSG00000196104,SPOCK3,ENSMUSG00000054162,Spock3,ortholog_one2one,1
ENSG00000182934,SRPRA,ENSMUSG00000032042,Srpra,ortholog_one2one,1
ENSG00000143376,SNX27,ENSMUSG00000028136,Snx27,ortholog_one2one,1
ENSG00000100485,SOS2,ENSMUSG00000034801,Sos2,ortholog_one2one,1
ENSG00000157216,SSBP3,ENSMUSG00000061887,Ssbp3,ortholog_one2one,1
ENSG00000162426,SLC45A1,ENSMUSG00000039838,Slc45a1,ortholog_one2one,1
ENSG00000095370,SH2D3C,ENSMUSG00000059013,Sh2d3c,ortholog_one2one,1
ENSG00000004864,SLC25A13,ENSMUSG00000015112,Slc25a13,ortholog_one2one,1
ENSG00000109686,SH3D19,ENSMUSG00000028082,Sh3d19,ortholog_one2one,1
ENSG00000119906,SLF2,ENSMUSG00000036097,Slf2,ortholog_one2one,1
ENSG00000168575,SLC20A2,ENSMUSG00000037656,Slc20a2,ortholog_one2one,1
ENSG00000117394,SLC2A1,ENSMUSG00000028645,Slc2a1,ortholog_one2one,1
ENSG00000197157,SND1,ENSMUSG00000001424,Snd1,ortholog_one2one,1
ENSG00000021574,SPAST,ENSMUSG00000024068,Spast,ortholog_one2one,1
ENSG00000059804,SLC2A3,,,,NA
ENSG00000152583,SPARCL1,ENSMUSG00000029309,Sparcl1,ortholog_one2one,1
ENSG00000136450,SRSF1,ENSMUSG00000018379,Srsf1,ortholog_one2one,1
ENSG00000064652,SNX24,ENSMUSG00000024535,Snx24,ortholog_one2one,1
ENSG00000174705,SH3PXD2B,ENSMUSG00000040711,Sh3pxd2b,ortholog_one2one,1
ENSG00000188725,SMIM15,ENSMUSG00000071180,Smim15,ortholog_one2one,1
ENSG00000113658,SMAD5,ENSMUSG00000021540,Smad5,ortholog_one2one,1
ENSG00000105771,SMG9,ENSMUSG00000002210,Smg9,ortholog_one2one,1
ENSG00000188827,SLX4,ENSMUSG00000039738,Slx4,ortholog_one2one,1
ENSG00000040275,SPDL1,ENSMUSG00000069910,Spdl1,ortholog_one2one,1
ENSG00000080493,SLC4A4,ENSMUSG00000060961,Slc4a4,ortholog_one2one,1
ENSG00000115902,SLC1A4,ENSMUSG00000020142,Slc1a4,ortholog_one2one,1
ENSG00000033867,SLC4A7,ENSMUSG00000021733,Slc4a7,ortholog_one2one,1
ENSG00000141485,SLC13A5,ENSMUSG00000020805,Slc13a5,ortholog_one2one,1
ENSG00000188803,SHISA6,ENSMUSG00000053930,Shisa6,ortholog_one2one,1
ENSG00000073584,SMARCE1,ENSMUSG00000037935,Smarce1,ortholog_one2one,1
ENSG00000123415,SMUG1,ENSMUSG00000036061,Smug1,ortholog_one2one,1
ENSG00000130876,SLC7A10,ENSMUSG00000030495,Slc7a10,ortholog_one2one,1
ENSG00000130511,SSBP4,ENSMUSG00000070003,Ssbp4,ortholog_one2one,1
ENSG00000108061,SHOC2,ENSMUSG00000024976,Shoc2,ortholog_one2one,1
ENSG00000114120,SLC25A36,ENSMUSG00000032449,Slc25a36,ortholog_one2one,1
ENSG00000068784,SRBD1,ENSMUSG00000024135,Srbd1,ortholog_one2one,1
ENSG00000107295,SH3GL2,ENSMUSG00000028488,Sh3gl2,ortholog_one2one,1
ENSG00000184602,SNN,ENSMUSG00000037972,Snn,ortholog_one2one,1
ENSG00000110025,SNX15,ENSMUSG00000024787,Snx15,ortholog_one2one,1
ENSG00000002919,SNX11,ENSMUSG00000020876,Snx11,ortholog_one2one,1
ENSG00000158792,SPATA2L,ENSMUSG00000033594,Spata2l,ortholog_one2one,1
ENSG00000113558,SKP1,ENSMUSG00000036309,Skp1,ortholog_one2one,1
ENSG00000170365,SMAD1,ENSMUSG00000031681,Smad1,ortholog_one2one,1
ENSG00000167114,SLC27A4,ENSMUSG00000059316,Slc27a4,ortholog_one2one,1
ENSG00000178996,SNX18,ENSMUSG00000042364,Snx18,ortholog_one2one,1
ENSG00000137266,SLC22A23,ENSMUSG00000038267,Slc22a23,ortholog_one2one,1
ENSG00000107742,SPOCK2,ENSMUSG00000058297,Spock2,ortholog_one2one,1
ENSG00000115840,SLC25A12,ENSMUSG00000027010,Slc25a12,ortholog_one2one,1
ENSG00000139155,SLCO1C1,ENSMUSG00000030235,Slco1c1,ortholog_one2one,1
ENSG00000112759,SLC29A1,ENSMUSG00000023942,Slc29a1,ortholog_one2one,1
ENSG00000114923,SLC4A3,ENSMUSG00000006576,Slc4a3,ortholog_one2one,1
ENSG00000104888,SLC17A7,ENSMUSG00000070570,Slc17a7,ortholog_one2one,1
ENSG00000118160,SLC8A2,ENSMUSG00000030376,Slc8a2,ortholog_one2one,1
ENSG00000197694,SPTAN1,ENSMUSG00000057738,Sptan1,ortholog_one2one,1
ENSG00000157103,SLC6A1,ENSMUSG00000030310,Slc6a1,ortholog_one2one,1
ENSG00000198742,SMURF1,ENSMUSG00000038780,Smurf1,ortholog_one2one,1
ENSG00000106266,SNX8,ENSMUSG00000029560,Snx8,ortholog_one2one,1
ENSG00000122696,SLC25A51,ENSMUSG00000045973,Slc25a51,ortholog_one2many,1
ENSG00000139613,SMARCC2,ENSMUSG00000025369,Smarcc2,ortholog_one2one,1
ENSG00000188338,SLC38A3,ENSMUSG00000010064,Slc38a3,ortholog_one2one,1
ENSG00000124523,SIRT5,ENSMUSG00000054021,Sirt5,ortholog_one2one,1
ENSG00000113810,SMC4,ENSMUSG00000034349,Smc4,ortholog_one2one,1
ENSG00000164403,SHROOM1,ENSMUSG00000018387,Shroom1,ortholog_one2one,1
ENSG00000070366,SMG6,ENSMUSG00000038290,Smg6,ortholog_one2one,1
ENSG00000125454,SLC25A19,ENSMUSG00000020744,Slc25a19,ortholog_one2one,1
ENSG00000119705,SLIRP,ENSMUSG00000021040,Slirp,ortholog_one2one,1
ENSG00000157005,SST,ENSMUSG00000004366,Sst,ortholog_one2one,1
ENSG00000250317,SMIM20,ENSMUSG00000061461,Smim20,ortholog_one2one,1
ENSG00000205302,SNX2,ENSMUSG00000034484,Snx2,ortholog_one2one,1
ENSG00000010379,SLC6A13,ENSMUSG00000030108,Slc6a13,ortholog_one2one,1
ENSG00000106028,SSBP1,ENSMUSG00000029911,Ssbp1,ortholog_one2one,1
ENSG00000011083,SLC6A7,ENSMUSG00000052026,Slc6a7,ortholog_one2one,1
ENSG00000159210,SNF8,ENSMUSG00000006058,Snf8,ortholog_one2one,1
ENSG00000086300,SNX10,ENSMUSG00000038301,Snx10,ortholog_one2one,1
ENSG00000154447,SH3RF1,ENSMUSG00000031642,Sh3rf1,ortholog_one2one,1
ENSG00000167703,SLC43A2,ENSMUSG00000038178,Slc43a2,ortholog_one2one,1
ENSG00000100650,SRSF5,ENSMUSG00000021134,Srsf5,ortholog_one2one,1
ENSG00000173898,SPTBN2,ENSMUSG00000067889,Sptbn2,ortholog_one2one,1
ENSG00000188766,SPRED3,ENSMUSG00000037239,Spred3,ortholog_one2one,1
ENSG00000084112,SSH1,ENSMUSG00000042121,Ssh1,ortholog_one2one,1
ENSG00000077327,SPAG6,ENSMUSG00000022783,Spag6l,ortholog_one2many,0
ENSG00000077327,SPAG6,ENSMUSG00000037708,Spag6,ortholog_one2many,1
ENSG00000262655,SPON1,ENSMUSG00000038156,Spon1,ortholog_one2one,1
ENSG00000136738,STAM,ENSMUSG00000026718,Stam,ortholog_one2one,1
ENSG00000183048,SLC25A10,ENSMUSG00000025792,Slc25a10,ortholog_one2one,1
ENSG00000171612,SLC25A33,ENSMUSG00000028982,Slc25a33,ortholog_one2one,1
ENSG00000163406,SLC15A2,ENSMUSG00000022899,Slc15a2,ortholog_one2one,1
ENSG00000111850,SMIM8,ENSMUSG00000028295,Smim8,ortholog_one2one,1
ENSG00000103056,SMPD3,ENSMUSG00000031906,Smpd3,ortholog_one2one,1
ENSG00000125648,SLC25A23,ENSMUSG00000046329,Slc25a23,ortholog_one2one,1
ENSG00000118804,STBD1,ENSMUSG00000047963,Stbd1,ortholog_one2one,1
ENSG00000213445,SIPA1,ENSMUSG00000056917,Sipa1,ortholog_one2one,1
ENSG00000197555,SIPA1L1,ENSMUSG00000042700,Sipa1l1,ortholog_one2one,1
ENSG00000172803,SNX32,ENSMUSG00000056185,Snx32,ortholog_one2one,1
ENSG00000155850,SLC26A2,ENSMUSG00000034320,Slc26a2,ortholog_one2one,1
ENSG00000013293,SLC7A14,ENSMUSG00000069072,Slc7a14,ortholog_one2one,1
ENSG00000168003,SLC3A2,ENSMUSG00000010095,Slc3a2,ortholog_one2one,1
ENSG00000104852,SNRNP70,ENSMUSG00000063511,Snrnp70,ortholog_one2one,1
ENSG00000170145,SIK2,ENSMUSG00000037112,Sik2,ortholog_one2one,1
ENSG00000112473,SLC39A7,ENSMUSG00000024327,Slc39a7,ortholog_one2one,1
ENSG00000145147,SLIT2,ENSMUSG00000031558,Slit2,ortholog_one2one,1
ENSG00000125743,SNRPD2,ENSMUSG00000040824,Snrpd2,ortholog_one2one,1
ENSG00000108854,SMURF2,ENSMUSG00000018363,Smurf2,ortholog_one2one,1
ENSG00000050438,SLC4A8,ENSMUSG00000023032,Slc4a8,ortholog_one2one,1
ENSG00000161681,SHANK1,ENSMUSG00000038738,Shank1,ortholog_one2one,1
ENSG00000153147,SMARCA5,ENSMUSG00000031715,Smarca5,ortholog_one2one,1
ENSG00000105738,SIPA1L3,ENSMUSG00000030583,Sipa1l3,ortholog_one2one,1
ENSG00000124356,STAMBP,ENSMUSG00000006906,Stambp,ortholog_one2one,1
ENSG00000064651,SLC12A2,ENSMUSG00000024597,Slc12a2,ortholog_one2one,1
ENSG00000168917,SLC35G2,ENSMUSG00000070287,Slc35g2,ortholog_one2one,1
ENSG00000161547,SRSF2,ENSMUSG00000034120,Srsf2,ortholog_one2one,1
ENSG00000137491,SLCO2B1,ENSMUSG00000030737,Slco2b1,ortholog_one2one,1
ENSG00000079215,SLC1A3,ENSMUSG00000005360,Slc1a3,ortholog_one2one,1
ENSG00000125434,SLC25A35,ENSMUSG00000018740,Slc25a35,ortholog_one2one,1
ENSG00000135632,SMYD5,ENSMUSG00000033706,Smyd5,ortholog_one2one,1
ENSG00000196935,SRGAP1,ENSMUSG00000020121,Srgap1,ortholog_one2one,1
ENSG00000153820,SPHKAP,ENSMUSG00000026163,Sphkap,ortholog_one2one,1
ENSG00000113140,SPARC,ENSMUSG00000018593,Sparc,ortholog_one2one,1
ENSG00000133302,SLF1,ENSMUSG00000021597,Slf1,ortholog_one2one,1
ENSG00000123352,SPATS2,ENSMUSG00000051934,Spats2,ortholog_one2one,1
ENSG00000198952,SMG5,ENSMUSG00000001415,Smg5,ortholog_one2one,1
ENSG00000198892,SHISA4,ENSMUSG00000041889,Shisa4,ortholog_one2one,1
ENSG00000197860,SGTB,ENSMUSG00000042743,Sgtb,ortholog_one2one,1
ENSG00000188687,SLC4A5,ENSMUSG00000068323,Slc4a5,ortholog_one2one,1
ENSG00000176422,SPRYD4,ENSMUSG00000051346,Spryd4,ortholog_one2one,1
ENSG00000176974,SHMT1,ENSMUSG00000020534,Shmt1,ortholog_one2one,1
ENSG00000176994,SMCR8,ENSMUSG00000049323,Smcr8,ortholog_one2one,1
ENSG00000085491,SLC25A24,ENSMUSG00000040322,Slc25a24,ortholog_one2one,1
ENSG00000137642,SORL1,ENSMUSG00000049313,Sorl1,ortholog_one2one,1
ENSG00000182199,SHMT2,ENSMUSG00000025403,Shmt2,ortholog_one2one,1
ENSG00000185420,SMYD3,ENSMUSG00000055067,Smyd3,ortholog_one2one,1
ENSG00000180616,SSTR2,ENSMUSG00000047904,Sstr2,ortholog_one2one,1
ENSG00000167881,SRP68,ENSMUSG00000020780,Srp68,ortholog_one2one,1
ENSG00000131748,STARD3,ENSMUSG00000018167,Stard3,ortholog_one2one,1
ENSG00000067066,SP100,ENSMUSG00000094915,,ortholog_one2many,0
ENSG00000067066,SP100,ENSMUSG00000094514,,ortholog_one2many,0
ENSG00000008294,SPAG9,ENSMUSG00000020859,Spag9,ortholog_one2one,1
ENSG00000166888,STAT6,ENSMUSG00000002147,Stat6,ortholog_one2one,1
ENSG00000175137,SH3BP5L,ENSMUSG00000013646,Sh3bp5l,ortholog_one2one,1
ENSG00000111371,SLC38A1,ENSMUSG00000023169,Slc38a1,ortholog_one2one,1
ENSG00000115234,SNX17,ENSMUSG00000029146,Snx17,ortholog_one2one,1
ENSG00000188529,SRSF10,ENSMUSG00000028676,Srsf10,ortholog_one2one,1
ENSG00000070526,ST6GALNAC1,ENSMUSG00000009588,St6galnac1,ortholog_one2one,1
ENSG00000173473,SMARCC1,ENSMUSG00000032481,Smarcc1,ortholog_one2one,1
ENSG00000205045,SLFN12L,ENSMUSG00000018986,Slfn3,ortholog_many2many,0
ENSG00000205045,SLFN12L,ENSMUSG00000000204,Slfn4,ortholog_many2many,0
ENSG00000205045,SLFN12L,ENSMUSG00000072620,Slfn2,ortholog_many2many,0
ENSG00000205045,SLFN12L,ENSMUSG00000078763,Slfn1,ortholog_many2many,0
ENSG00000174640,SLCO2A1,ENSMUSG00000032548,Slco2a1,ortholog_one2one,1
ENSG00000144867,SRPRB,ENSMUSG00000032553,Srprb,ortholog_one2one,1
ENSG00000134532,SOX5,ENSMUSG00000041540,Sox5,ortholog_one2one,1
ENSG00000116350,SRSF4,ENSMUSG00000028911,Srsf4,ortholog_one2one,1
ENSG00000198369,SPRED2,ENSMUSG00000045671,Spred2,ortholog_one2one,1
ENSG00000170385,SLC30A1,ENSMUSG00000037434,Slc30a1,ortholog_one2one,1
ENSG00000072195,SPEG,ENSMUSG00000026207,Speg,ortholog_one2one,1
ENSG00000182004,SNRPE,,,,NA
ENSG00000010327,STAB1,ENSMUSG00000042286,Stab1,ortholog_one2one,1
ENSG00000115194,SLC30A3,ENSMUSG00000029151,Slc30a3,ortholog_one2one,1
ENSG00000178537,SLC25A20,ENSMUSG00000032602,Slc25a20,ortholog_one2one,1
ENSG00000144741,SLC25A26,ENSMUSG00000045100,Slc25a26,ortholog_one2one,1
ENSG00000163788,SNRK,ENSMUSG00000038145,Snrk,ortholog_one2one,1
ENSG00000163866,SMIM12,ENSMUSG00000042380,Smim12,ortholog_one2one,1
ENSG00000142583,SLC2A5,ENSMUSG00000028976,Slc2a5,ortholog_one2one,1
ENSG00000115616,SLC9A2,ENSMUSG00000026062,Slc9a2,ortholog_one2one,1
ENSG00000162804,SNED1,ENSMUSG00000047793,Sned1,ortholog_one2one,1
ENSG00000142669,SH3BGRL3,ENSMUSG00000028843,Sh3bgrl3,ortholog_one2one,1
ENSG00000196141,SPATS2L,ENSMUSG00000038305,Spats2l,ortholog_one2one,1
ENSG00000116096,SPR,ENSMUSG00000033735,Spr,ortholog_one2one,1
ENSG00000144028,SNRNP200,ENSMUSG00000003660,Snrnp200,ortholog_one2one,1
ENSG00000115525,ST3GAL5,ENSMUSG00000056091,St3gal5,ortholog_one2one,1
ENSG00000115306,SPTBN1,ENSMUSG00000020315,Sptbn1,ortholog_one2one,1
ENSG00000183023,SLC8A1,ENSMUSG00000054640,Slc8a1,ortholog_one2one,1
ENSG00000138385,SSB,ENSMUSG00000068882,Ssb,ortholog_one2one,1
ENSG00000143554,SLC27A3,ENSMUSG00000027932,Slc27a3,ortholog_one2one,1
ENSG00000172985,SH3RF3,ENSMUSG00000037990,Sh3rf3,ortholog_one2one,1
ENSG00000160691,SHC1,ENSMUSG00000042626,Shc1,ortholog_one2one,1
ENSG00000116649,SRM,ENSMUSG00000006442,Srm,ortholog_one2one,1
ENSG00000196950,SLC39A10,ENSMUSG00000025986,Slc39a10,ortholog_one2one,1
ENSG00000144136,SLC20A1,ENSMUSG00000027397,Slc20a1,ortholog_one2one,1
ENSG00000163029,SMC6,ENSMUSG00000020608,Smc6,ortholog_one2one,1
ENSG00000144290,SLC4A10,ENSMUSG00000026904,Slc4a10,ortholog_one2one,1
ENSG00000130147,SH3BP4,ENSMUSG00000036206,Sh3bp4,ortholog_one2one,1
ENSG00000115415,STAT1,ENSMUSG00000026104,Stat1,ortholog_one2one,1
ENSG00000084070,SMAP2,ENSMUSG00000032870,Smap2,ortholog_one2one,1
ENSG00000138074,SLC5A6,ENSMUSG00000006641,Slc5a6,ortholog_one2one,1
ENSG00000138378,STAT4,ENSMUSG00000062939,Stat4,ortholog_one2one,1
ENSG00000155761,SPAG17,ENSMUSG00000027867,Spag17,ortholog_one2one,1
ENSG00000143499,SMYD2,ENSMUSG00000026603,Smyd2,ortholog_one2one,1
ENSG00000090020,SLC9A1,ENSMUSG00000028854,Slc9a1,ortholog_one2one,1
ENSG00000171943,SRGAP2C,ENSMUSG00000026425,Srgap2,ortholog_one2many,0
ENSG00000143553,SNAPIN,ENSMUSG00000001018,Snapin,ortholog_one2one,1
ENSG00000160785,SLC25A44,ENSMUSG00000050144,Slc25a44,ortholog_one2one,1
ENSG00000155380,SLC16A1,ENSMUSG00000032902,Slc16a1,ortholog_one2one,1
ENSG00000214193,SH3D21,ENSMUSG00000073758,Sh3d21,ortholog_one2one,0
ENSG00000117155,SSX2IP,ENSMUSG00000036825,Ssx2ip,ortholog_one2one,1
ENSG00000052723,SIKE1,ENSMUSG00000027854,Sike1,ortholog_one2one,1
ENSG00000116698,SMG7,ENSMUSG00000042772,Smg7,ortholog_one2one,1
ENSG00000133226,SRRM1,ENSMUSG00000028809,Srrm1,ortholog_one2one,1
ENSG00000143740,SNAP47,ENSMUSG00000009894,Snap47,ortholog_one2one,1
ENSG00000134243,SORT1,ENSMUSG00000068747,Sort1,ortholog_one2one,1
ENSG00000116991,SIPA1L2,ENSMUSG00000001995,Sipa1l2,ortholog_one2one,1
ENSG00000160075,SSU72,ENSMUSG00000029038,Ssu72,ortholog_one2one,1
ENSG00000266028,SRGAP2,ENSMUSG00000026425,Srgap2,ortholog_one2many,1
ENSG00000183780,SLC35F3,ENSMUSG00000057060,Slc35f3,ortholog_one2one,1
ENSG00000189410,SH2D5,ENSMUSG00000045349,Sh2d5,ortholog_one2one,1
ENSG00000097033,SH3GLB1,ENSMUSG00000037062,Sh3glb1,ortholog_one2one,1
ENSG00000143742,SRP9,ENSMUSG00000026511,Srp9,ortholog_one2one,1
ENSG00000065526,SPEN,ENSMUSG00000040761,Spen,ortholog_one2one,1
ENSG00000162627,SNX7,ENSMUSG00000028007,Snx7,ortholog_one2one,1
ENSG00000281309,SURF6,,,,NA
ENSG00000280627,SURF1,,,,NA
ENSG00000280951,SURF4,,,,NA
ENSG00000283781,TNK1,,,,NA
ENSG00000284483,TMEM256-PLSCR3,,,,NA
ENSG00000284936,TMEM14C,,,,NA
ENSG00000285348,TGM1,,,,NA
ENSG00000291730,TATDN1,,,,NA
ENSG00000291827,TCEAL6,,,,NA
ENSG00000284400,TBC1D9B,,,,NA
ENSG00000291941,SYNGR3,,,,NA
ENSG00000285372,TNKS,,,,NA
ENSG00000292264,TCAF2,,,,NA
ENSG00000276776,TC2N,,,,NA
ENSG00000156299,TIAM1,ENSMUSG00000002489,Tiam1,ortholog_one2one,1
ENSG00000133115,STOML3,ENSMUSG00000027744,Stoml3,ortholog_one2one,1
ENSG00000277401,TJP1,,,,NA
ENSG00000278759,TBCD,,,,NA
ENSG00000278501,TIMM22,,,,NA
ENSG00000136143,SUCLA2,ENSMUSG00000022110,Sucla2,ortholog_one2one,1
ENSG00000277649,TIMM22,,,,NA
ENSG00000130699,TAF4,ENSMUSG00000039117,Taf4,ortholog_one2one,1
ENSG00000183307,TMEM121B,ENSMUSG00000094626,Tmem121b,ortholog_one2one,1
ENSG00000282815,TEX13C,ENSMUSG00000078320,Tex13c1,ortholog_many2many,0
ENSG00000282815,TEX13C,ENSMUSG00000105993,Tex13d,ortholog_many2many,0
ENSG00000274047,SYNRG,,,,NA
ENSG00000276833,TAF15,,,,NA
ENSG00000136111,TBC1D4,ENSMUSG00000033083,Tbc1d4,ortholog_one2one,1
ENSG00000184900,SUMO3,ENSMUSG00000020265,Sumo3,ortholog_one2one,1
ENSG00000101470,TNNC2,ENSMUSG00000017300,Tnnc2,ortholog_one2one,1
ENSG00000125304,TM9SF2,ENSMUSG00000025544,Tm9sf2,ortholog_one2one,1
ENSG00000054611,TBC1D22A,ENSMUSG00000051864,Tbc1d22a,ortholog_one2one,1
ENSG00000140406,TLNRD1,ENSMUSG00000070462,Tlnrd1,ortholog_one2one,1
ENSG00000132872,SYT4,ENSMUSG00000024261,Syt4,ortholog_one2one,1
ENSG00000159082,SYNJ1,ENSMUSG00000022973,Synj1,ortholog_one2one,1
ENSG00000280529,TAF4,,,,NA
ENSG00000124659,TBCC,ENSMUSG00000036430,Tbcc,ortholog_one2one,1
ENSG00000292253,TGOLN2,,,,NA
ENSG00000101337,TM9SF4,ENSMUSG00000068040,Tm9sf4,ortholog_one2one,1
ENSG00000279643,TAMM41,,,,NA
ENSG00000125247,TMTC4,ENSMUSG00000041594,Tmtc4,ortholog_one2one,1
ENSG00000198176,TFDP1,ENSMUSG00000038482,Tfdp1,ortholog_one2one,1
ENSG00000147133,TAF1,ENSMUSG00000031314,Taf1,ortholog_one2many,1
ENSG00000234224,TMEM229A,ENSMUSG00000048022,Tmem229a,ortholog_one2one,1
ENSG00000273238,TMEM271,ENSMUSG00000105867,Tmem271rt,ortholog_one2one,1
ENSG00000262481,TMEM256-PLSCR3,,,,NA
ENSG00000101109,STK4,ENSMUSG00000018209,Stk4,ortholog_one2one,1
ENSG00000275122,THEMIS,,,,NA
ENSG00000102572,STK24,ENSMUSG00000063410,Stk24,ortholog_one2one,1
ENSG00000149256,TENM4,ENSMUSG00000048078,Tenm4,ortholog_one2one,1
ENSG00000227816,TAP1,,,,NA
ENSG00000183597,TANGO2,ENSMUSG00000013539,Tango2,ortholog_one2one,1
ENSG00000165416,SUGT1,ENSMUSG00000022024,Sugt1,ortholog_one2one,1
ENSG00000137574,TGS1,ENSMUSG00000028233,Tgs1,ortholog_one2one,1
ENSG00000225967,TAP2,,,,NA
ENSG00000232367,TAP1,,,,NA
ENSG00000292215,TIMM17B,,,,NA
ENSG00000103496,STX4,ENSMUSG00000030805,Stx4a,ortholog_one2one,1
ENSG00000228582,TAP2,,,,NA
ENSG00000100354,TNRC6B,ENSMUSG00000047888,Tnrc6b,ortholog_one2one,1
ENSG00000292217,TFE3,,,,NA
ENSG00000112493,TAPBP,,,,NA
ENSG00000198959,TGM2,ENSMUSG00000037820,Tgm2,ortholog_one2one,1
ENSG00000166548,TK2,ENSMUSG00000035824,Tk2,ortholog_one2one,1
ENSG00000223481,TAP2,,,,NA
ENSG00000140332,TLE3,ENSMUSG00000032280,Tle3,ortholog_one2one,1
ENSG00000103528,SYT17,ENSMUSG00000058420,Syt17,ortholog_one2one,1
ENSG00000164983,TMEM65,ENSMUSG00000062373,Tmem65,ortholog_one2one,1
ENSG00000008056,SYN1,ENSMUSG00000037217,Syn1,ortholog_one2one,1
ENSG00000068323,TFE3,ENSMUSG00000000134,Tfe3,ortholog_one2one,1
ENSG00000236490,TAPBP,,,,NA
ENSG00000077147,TM9SF3,ENSMUSG00000025016,Tm9sf3,ortholog_one2one,1
ENSG00000224212,TAP1,,,,NA
ENSG00000130748,TMEM160,ENSMUSG00000019158,Tmem160,ortholog_one2one,1
ENSG00000100324,TAB1,ENSMUSG00000022414,Tab1,ortholog_one2one,1
ENSG00000083544,TDRD3,ENSMUSG00000022019,Tdrd3,ortholog_one2one,1
ENSG00000178233,TMEM151B,ENSMUSG00000096847,Tmem151b,ortholog_one2one,1
ENSG00000136869,TLR4,ENSMUSG00000039005,Tlr4,ortholog_one2one,1
ENSG00000136842,TMOD1,ENSMUSG00000028328,Tmod1,ortholog_one2one,1
ENSG00000149926,TLCD3B,ENSMUSG00000058966,Tlcd3b,ortholog_one2one,1
ENSG00000131652,THOC6,ENSMUSG00000041319,Thoc6,ortholog_one2one,1
ENSG00000125755,SYMPK,ENSMUSG00000023118,Sympk,ortholog_one2one,1
ENSG00000166111,SVOP,ENSMUSG00000042078,Svop,ortholog_one2one,1
ENSG00000103047,TANGO6,ENSMUSG00000041949,Tango6,ortholog_one2one,1
ENSG00000166479,TMX3,ENSMUSG00000024614,Tmx3,ortholog_one2one,1
ENSG00000226173,TAP1,,,,NA
ENSG00000206235,TAP2,,,,NA
ENSG00000112697,TMEM30A,ENSMUSG00000032328,Tmem30a,ortholog_one2one,1
ENSG00000232326,TAP2,,,,NA
ENSG00000168439,STIP1,ENSMUSG00000024966,Stip1,ortholog_one2one,1
ENSG00000206281,TAPBP,,,,NA
ENSG00000224748,TAP1,,,,NA
ENSG00000185418,TARS3,ENSMUSG00000030515,Tars3,ortholog_one2one,1
ENSG00000147687,TATDN1,ENSMUSG00000050891,Tatdn1,ortholog_one2one,1
ENSG00000075336,TIMM21,ENSMUSG00000024645,Timm21,ortholog_one2one,1
ENSG00000197457,STMN3,ENSMUSG00000027581,Stmn3,ortholog_one2one,1
ENSG00000175606,TMEM70,ENSMUSG00000025940,Tmem70,ortholog_one2one,1
ENSG00000185518,SV2B,ENSMUSG00000053025,Sv2b,ortholog_one2one,1
ENSG00000227460,SYNGAP1,,,,NA
ENSG00000237599,TAP2,,,,NA
ENSG00000141384,TAF4B,ENSMUSG00000054321,Taf4b,ortholog_one2one,1
ENSG00000230705,TAP1,,,,NA
ENSG00000137103,TMEM8B,ENSMUSG00000078716,Tmem8b,ortholog_one2one,1
ENSG00000182916,TCEAL7,ENSMUSG00000079428,Tceal7,ortholog_one2one,1
ENSG00000139644,TMBIM6,ENSMUSG00000023010,Tmbim6,ortholog_one2one,1
ENSG00000206299,TAP2,,,,NA
ENSG00000029639,TFB1M,ENSMUSG00000036983,Tfb1m,ortholog_one2one,1
ENSG00000206208,TAPBP,,,,NA
ENSG00000167202,TBC1D2B,ENSMUSG00000037410,Tbc1d2b,ortholog_one2one,1
ENSG00000164897,TMUB1,ENSMUSG00000028958,Tmub1,ortholog_one2one,0
ENSG00000258644,SYNJ2BP-COX16,,,,NA
ENSG00000149591,TAGLN,ENSMUSG00000032085,Tagln,ortholog_one2one,1
ENSG00000125780,TGM3,ENSMUSG00000027401,Tgm3,ortholog_one2one,1
ENSG00000126768,TIMM17B,ENSMUSG00000031158,Timm17b,ortholog_one2one,1
ENSG00000136854,STXBP1,ENSMUSG00000026797,Stxbp1,ortholog_one2one,1
ENSG00000118046,STK11,ENSMUSG00000003068,Stk11,ortholog_one2one,1
ENSG00000182107,TMEM30B,ENSMUSG00000034435,Tmem30b,ortholog_one2one,1
ENSG00000100242,SUN2,ENSMUSG00000042524,Sun2,ortholog_one2one,1
ENSG00000148290,SURF1,ENSMUSG00000015790,Surf1,ortholog_one2one,1
ENSG00000206297,TAP1,,,,NA
ENSG00000011347,SYT7,ENSMUSG00000024743,Syt7,ortholog_one2one,1
ENSG00000206432,TMEM200C,ENSMUSG00000095407,Tmem200c,ortholog_one2one,1
ENSG00000169762,TAPT1,ENSMUSG00000046985,Tapt1,ortholog_one2one,1
ENSG00000113845,TIMMDC1,ENSMUSG00000002846,Timmdc1,ortholog_one2one,1
ENSG00000148175,STOM,ENSMUSG00000026880,Stom,ortholog_one2one,1
ENSG00000185666,SYN3,ENSMUSG00000059602,Syn3,ortholog_one2one,1
ENSG00000204071,TCEAL6,ENSMUSG00000054034,Tceal5,ortholog_many2many,0
ENSG00000204071,TCEAL6,ENSMUSG00000031409,Tceal6,ortholog_many2many,1
ENSG00000204071,TCEAL6,ENSMUSG00000044550,Tceal3,ortholog_many2many,0
ENSG00000183578,TNFAIP8L3,ENSMUSG00000074345,Tnfaip8l3,ortholog_one2one,1
ENSG00000169221,TBC1D10B,ENSMUSG00000042492,Tbc1d10b,ortholog_one2one,1
ENSG00000171914,TLN2,ENSMUSG00000052698,Tln2,ortholog_one2one,1
ENSG00000178913,TAF7,ENSMUSG00000051316,Taf7,ortholog_one2one,1
ENSG00000111802,TDP2,ENSMUSG00000035958,Tdp2,ortholog_one2one,1
ENSG00000126950,TMEM35A,ENSMUSG00000033578,Tmem35a,ortholog_one2one,1
ENSG00000089063,TMEM230,ENSMUSG00000027341,Tmem230,ortholog_one2one,1
ENSG00000156502,SUPV3L1,ENSMUSG00000020079,Supv3l1,ortholog_one2one,1
ENSG00000140993,TIGD7,,,,NA
ENSG00000120438,TCP1,ENSMUSG00000068039,Tcp1,ortholog_one2one,1
ENSG00000261115,TMEM178B,ENSMUSG00000057716,Tmem178b,ortholog_one2one,1
ENSG00000100575,TIMM9,ENSMUSG00000021079,Timm9,ortholog_one2one,1
ENSG00000102362,SYTL4,ENSMUSG00000031255,Sytl4,ortholog_one2one,1
ENSG00000104375,STK3,ENSMUSG00000022329,Stk3,ortholog_one2one,1
ENSG00000137801,THBS1,ENSMUSG00000040152,Thbs1,ortholog_one2one,1
ENSG00000177370,TIMM22,ENSMUSG00000020843,Timm22,ortholog_one2one,1
ENSG00000151923,TIAL1,ENSMUSG00000030846,Tial1,ortholog_one2one,1
ENSG00000167619,TMEM145,ENSMUSG00000043843,Tmem145,ortholog_one2one,1
ENSG00000099800,TIMM13,ENSMUSG00000020219,Timm13,ortholog_one2one,0
ENSG00000104435,STMN2,ENSMUSG00000027500,Stmn2,ortholog_one2one,1
ENSG00000232112,TMA7,ENSMUSG00000091537,Tma7,ortholog_one2many,1
ENSG00000099992,TBC1D10A,ENSMUSG00000034412,Tbc1d10a,ortholog_one2one,1
ENSG00000205542,TMSB4X,ENSMUSG00000049775,Tmsb4x,ortholog_one2one,1
ENSG00000154310,TNIK,ENSMUSG00000027692,Tnik,ortholog_one2one,1
ENSG00000099203,TMED1,ENSMUSG00000032180,Tmed1,ortholog_one2one,1
ENSG00000167904,TMEM68,ENSMUSG00000028232,Tmem68,ortholog_one2one,1
ENSG00000147027,TMEM47,ENSMUSG00000025666,Tmem47,ortholog_one2one,1
ENSG00000147642,SYBU,ENSMUSG00000022340,Sybu,ortholog_one2one,1
ENSG00000144834,TAGLN3,ENSMUSG00000022658,Tagln3,ortholog_one2one,1
ENSG00000172340,SUCLG2,ENSMUSG00000061838,Suclg2,ortholog_one2one,1
ENSG00000120802,TMPO,ENSMUSG00000019961,Tmpo,ortholog_one2one,0
ENSG00000174292,TNK1,ENSMUSG00000001583,Tnk1,ortholog_one2one,1
ENSG00000138336,TET1,ENSMUSG00000047146,Tet1,ortholog_one2one,1
ENSG00000128872,TMOD2,ENSMUSG00000032186,Tmod2,ortholog_one2one,1
ENSG00000108639,SYNGR2,ENSMUSG00000048277,Syngr2,ortholog_one2one,1
ENSG00000092201,SUPT16H,ENSMUSG00000035726,Supt16,ortholog_one2one,1
ENSG00000144589,STK11IP,ENSMUSG00000026213,Stk11ip,ortholog_one2one,1
ENSG00000103266,STUB1,ENSMUSG00000039615,Stub1,ortholog_one2one,1
ENSG00000165283,STOML2,ENSMUSG00000028455,Stoml2,ortholog_one2one,1
ENSG00000170310,STX8,ENSMUSG00000020903,Stx8,ortholog_one2one,1
ENSG00000111077,TNS2,ENSMUSG00000037003,Tns2,ortholog_one2one,1
ENSG00000106771,TMEM245,ENSMUSG00000055296,Tmem245,ortholog_one2one,1
ENSG00000051596,THOC3,ENSMUSG00000025872,Thoc3,ortholog_one2one,1
ENSG00000185215,TNFAIP2,ENSMUSG00000021281,Tnfaip2,ortholog_one2one,1
ENSG00000134809,TIMM10,ENSMUSG00000027076,Timm10,ortholog_one2one,1
ENSG00000106799,TGFBR1,ENSMUSG00000007613,Tgfbr1,ortholog_one2one,1
ENSG00000152953,STK32B,ENSMUSG00000029123,Stk32b,ortholog_one2one,1
ENSG00000109689,STIM2,ENSMUSG00000039156,Stim2,ortholog_one2one,1
ENSG00000130540,SULT4A1,ENSMUSG00000018865,Sult4a1,ortholog_one2one,1
ENSG00000217442,SYCE3,ENSMUSG00000078938,Syce3,ortholog_one2one,1
ENSG00000072786,STK10,ENSMUSG00000020272,Stk10,ortholog_one2one,1
ENSG00000064607,SUGP2,ENSMUSG00000036054,Sugp2,ortholog_one2one,1
ENSG00000104915,STX10,,,,NA
ENSG00000154114,TBCEL,ENSMUSG00000037287,Tbcel,ortholog_one2one,1
ENSG00000204267,TAP2,ENSMUSG00000024339,Tap2,ortholog_one2one,1
ENSG00000035862,TIMP2,ENSMUSG00000017466,Timp2,ortholog_one2one,1
ENSG00000061938,TNK2,ENSMUSG00000022791,Tnk2,ortholog_one2one,1
ENSG00000111450,STX2,ENSMUSG00000029428,Stx2,ortholog_one2one,1
ENSG00000099365,STX1B,ENSMUSG00000030806,Stx1b,ortholog_one2one,1
ENSG00000165091,TMC1,ENSMUSG00000024749,Tmc1,ortholog_one2one,1
ENSG00000067715,SYT1,ENSMUSG00000035864,Syt1,ortholog_one2one,1
ENSG00000105197,TIMM50,ENSMUSG00000003438,Timm50,ortholog_one2one,1
ENSG00000162298,SYVN1,ENSMUSG00000024807,Syvn1,ortholog_one2one,1
ENSG00000101463,SYNDIG1,ENSMUSG00000074736,Syndig1,ortholog_one2one,1
ENSG00000166575,TMEM135,ENSMUSG00000039428,Tmem135,ortholog_one2one,1
ENSG00000101846,STS,ENSMUSG00000121914,Sts,ortholog_one2one,0
ENSG00000166900,STX3,ENSMUSG00000041488,Stx3,ortholog_one2one,1
ENSG00000169895,SYAP1,ENSMUSG00000031357,Syap1,ortholog_one2one,1
ENSG00000146072,TNFRSF21,ENSMUSG00000023915,Tnfrsf21,ortholog_one2one,1
ENSG00000270647,TAF15,ENSMUSG00000020680,Taf15,ortholog_one2one,1
ENSG00000137076,TLN1,ENSMUSG00000028465,Tln1,ortholog_one2one,1
ENSG00000175348,TMEM9B,ENSMUSG00000031021,Tmem9b,ortholog_one2one,1
ENSG00000138594,TMOD3,ENSMUSG00000058587,Tmod3,ortholog_one2one,1
ENSG00000068354,TBC1D25,ENSMUSG00000039201,Tbc1d25,ortholog_one2one,1
ENSG00000125827,TMX4,ENSMUSG00000034723,Tmx4,ortholog_one2one,1
ENSG00000059377,TBXAS1,ENSMUSG00000029925,Tbxas1,ortholog_one2one,1
ENSG00000171530,TBCA,ENSMUSG00000042043,Tbca,ortholog_one2one,1
ENSG00000145934,TENM2,ENSMUSG00000049336,Tenm2,ortholog_one2one,1
ENSG00000124222,STX16,ENSMUSG00000027522,Stx16,ortholog_one2one,1
ENSG00000065491,TBC1D22B,ENSMUSG00000042203,Tbc1d22b,ortholog_one2one,1
ENSG00000100234,TIMP3,ENSMUSG00000020044,Timp3,ortholog_one2one,1
ENSG00000132405,TBC1D14,ENSMUSG00000029192,Tbc1d14,ortholog_one2one,1
ENSG00000198792,TMEM184B,ENSMUSG00000009035,Tmem184b,ortholog_one2one,1
ENSG00000136891,TEX10,ENSMUSG00000028345,Tex10,ortholog_one2one,1
ENSG00000182253,SYNM,ENSMUSG00000030554,Synm,ortholog_one2one,1
ENSG00000119139,TJP2,ENSMUSG00000024812,Tjp2,ortholog_one2one,1
ENSG00000196116,TDRD7,ENSMUSG00000035517,Tdrd7,ortholog_one2one,1
ENSG00000161558,TMEM143,ENSMUSG00000002781,Tmem143,ortholog_one2one,1
ENSG00000105576,TNPO2,ENSMUSG00000031691,Tnpo2,ortholog_one2one,1
ENSG00000196663,TECPR2,ENSMUSG00000021275,Tecpr2,ortholog_one2one,1
ENSG00000009694,TENM1,ENSMUSG00000016150,Tenm1,ortholog_one2one,1
ENSG00000147041,SYTL5,ENSMUSG00000054453,Sytl5,ortholog_one2one,1
ENSG00000168394,TAP1,ENSMUSG00000037321,Tap1,ortholog_one2one,1
ENSG00000162236,STX5,ENSMUSG00000010110,Stx5a,ortholog_one2one,1
ENSG00000136874,STX17,ENSMUSG00000061455,Stx17,ortholog_one2one,1
ENSG00000168701,TMEM208,ENSMUSG00000014856,Tmem208,ortholog_one2one,1
ENSG00000149930,TAOK2,ENSMUSG00000059981,Taok2,ortholog_one2one,1
ENSG00000157625,TAB3,ENSMUSG00000035476,Tab3,ortholog_one2one,1
ENSG00000164841,TMEM74,ENSMUSG00000054409,Tmem74,ortholog_one2one,1
ENSG00000113649,TCERG1,ENSMUSG00000024498,Tcerg1,ortholog_one2one,1
ENSG00000036054,TBC1D23,ENSMUSG00000022749,Tbc1d23,ortholog_one2one,1
ENSG00000137221,TJAP1,ENSMUSG00000012296,Tjap1,ortholog_one2one,1
ENSG00000170088,TMEM192,ENSMUSG00000025521,Tmem192,ortholog_one2one,1
ENSG00000100321,SYNGR1,ENSMUSG00000022415,Syngr1,ortholog_one2one,1
ENSG00000196502,SULT1A1,ENSMUSG00000000739,Sult5a1,ortholog_one2many,0
ENSG00000105048,TNNT1,ENSMUSG00000064179,Tnnt1,ortholog_one2one,1
ENSG00000131018,SYNE1,ENSMUSG00000096054,Syne1,ortholog_one2one,1
ENSG00000196507,TCEAL3,ENSMUSG00000054034,Tceal5,ortholog_many2many,0
ENSG00000196507,TCEAL3,ENSMUSG00000031409,Tceal6,ortholog_many2many,0
ENSG00000196507,TCEAL3,ENSMUSG00000044550,Tceal3,ortholog_many2many,1
ENSG00000078269,SYNJ2,ENSMUSG00000023805,Synj2,ortholog_one2one,1
ENSG00000107140,TESK1,ENSMUSG00000028458,Tesk1,ortholog_one2one,1
ENSG00000157152,SYN2,ENSMUSG00000009394,Syn2,ortholog_one2one,1
ENSG00000185973,TMLHE,,,,NA
ENSG00000114354,TFG,ENSMUSG00000022757,Tfg,ortholog_one2one,1
ENSG00000188167,TMPPE,ENSMUSG00000079260,Tmppe,ortholog_one2one,1
ENSG00000105254,TBCB,ENSMUSG00000006095,Tbcb,ortholog_one2one,1
ENSG00000144115,THNSL2,ENSMUSG00000054474,Thnsl2,ortholog_one2one,1
ENSG00000149115,TNKS1BP1,ENSMUSG00000033955,Tnks1bp1,ortholog_one2one,1
ENSG00000147526,TACC1,ENSMUSG00000065954,Tacc1,ortholog_one2one,1
ENSG00000188760,TMEM198,ENSMUSG00000051703,Tmem198,ortholog_one2one,1
ENSG00000218336,TENM3,ENSMUSG00000031561,Tenm3,ortholog_one2one,1
ENSG00000204065,TCEAL5,ENSMUSG00000054034,Tceal5,ortholog_many2many,1
ENSG00000204065,TCEAL5,ENSMUSG00000031409,Tceal6,ortholog_many2many,0
ENSG00000204065,TCEAL5,ENSMUSG00000044550,Tceal3,ortholog_many2many,0
ENSG00000112079,STK38,ENSMUSG00000024006,Stk38,ortholog_one2one,1
ENSG00000173273,TNKS,ENSMUSG00000031529,Tnks,ortholog_one2one,1
ENSG00000164506,STXBP5,ENSMUSG00000019790,Stxbp5,ortholog_one2one,1
ENSG00000152291,TGOLN2,ENSMUSG00000056429,Tgoln1,ortholog_one2one,0
ENSG00000243414,TICAM2,,,,NA
ENSG00000174695,TMEM167A,,,,NA
ENSG00000159450,TCHH,ENSMUSG00000052415,Tchh,ortholog_one2one,0
ENSG00000165025,SYK,ENSMUSG00000021457,Syk,ortholog_one2one,1
ENSG00000148296,SURF6,ENSMUSG00000036160,Surf6,ortholog_one2one,1
ENSG00000015592,STMN4,ENSMUSG00000022044,Stmn4,ortholog_one2one,1
ENSG00000171202,TMEM126A,ENSMUSG00000030615,Tmem126a,ortholog_one2one,1
ENSG00000136560,TANK,ENSMUSG00000064289,Tank,ortholog_one2one,1
ENSG00000102003,SYP,ENSMUSG00000031144,Syp,ortholog_one2one,1
ENSG00000168569,TMEM223,ENSMUSG00000117924,Tmem223,ortholog_one2one,1
ENSG00000154096,THY1,ENSMUSG00000032011,Thy1,ortholog_one2one,1
ENSG00000139437,TCHP,,,,NA
ENSG00000170379,TCAF2,ENSMUSG00000029851,Tcaf2,ortholog_one2many,1
ENSG00000175600,SUGCT,ENSMUSG00000055137,Sugct,ortholog_one2one,1
ENSG00000176946,THAP4,ENSMUSG00000026279,Thap4,ortholog_one2one,1
ENSG00000172465,TCEAL1,ENSMUSG00000049536,Tceal1,ortholog_one2one,1
ENSG00000134602,STK26,ENSMUSG00000031112,Stk26,ortholog_one2one,1
ENSG00000113296,THBS4,ENSMUSG00000021702,Thbs4,ortholog_one2one,1
ENSG00000182087,TMEM259,ENSMUSG00000013858,Tmem259,ortholog_one2one,1
ENSG00000133138,TBC1D8B,ENSMUSG00000042473,Tbc1d8b,ortholog_one2one,1
ENSG00000136478,TEX2,ENSMUSG00000040548,Tex2,ortholog_one2one,1
ENSG00000111843,TMEM14C,ENSMUSG00000021361,Tmem14c,ortholog_one2one,0
ENSG00000166848,TERF2IP,ENSMUSG00000033430,Terf2ip,ortholog_one2one,1
ENSG00000186340,THBS2,ENSMUSG00000023885,Thbs2,ortholog_one2one,1
ENSG00000169758,TMEM266,ENSMUSG00000032313,Tmem266,ortholog_one2one,1
ENSG00000090372,STRN4,ENSMUSG00000030374,Strn4,ortholog_one2one,1
ENSG00000100726,TELO2,ENSMUSG00000024170,Telo2,ortholog_one2one,1
ENSG00000140534,TICRR,ENSMUSG00000046591,Ticrr,ortholog_one2one,1
ENSG00000166448,TMEM130,ENSMUSG00000043388,Tmem130,ortholog_one2one,1
ENSG00000139921,TMX1,ENSMUSG00000021072,Tmx1,ortholog_one2one,1
ENSG00000146426,TIAM2,ENSMUSG00000023800,Tiam2,ortholog_one2one,1
ENSG00000158604,TMED4,ENSMUSG00000004394,Tmed4,ortholog_one2one,1
ENSG00000189077,TMEM120A,ENSMUSG00000039886,Tmem120a,ortholog_one2one,1
ENSG00000213463,SYNJ2BP,ENSMUSG00000090935,Synj2bp,ortholog_one2one,1
ENSG00000064313,TAF2,ENSMUSG00000037343,Taf2,ortholog_one2one,1
ENSG00000145901,TNIP1,ENSMUSG00000020400,Tnip1,ortholog_one2one,1
ENSG00000105705,SUGP1,ENSMUSG00000011306,Sugp1,ortholog_one2one,1
ENSG00000106638,TBL2,ENSMUSG00000005374,Tbl2,ortholog_one2one,1
ENSG00000165929,TC2N,ENSMUSG00000021187,Tc2n,ortholog_one2one,1
ENSG00000168769,TET2,ENSMUSG00000040943,Tet2,ortholog_one2one,1
ENSG00000173320,STOX2,ENSMUSG00000038143,Stox2,ortholog_one2one,1
ENSG00000135966,TGFBRAP1,ENSMUSG00000070939,Tgfbrap1,ortholog_one2one,1
ENSG00000152128,TMEM163,ENSMUSG00000026347,Tmem163,ortholog_one2one,1
ENSG00000211455,STK38L,ENSMUSG00000001630,Stk38l,ortholog_one2one,1
ENSG00000019505,SYT13,ENSMUSG00000027220,Syt13,ortholog_one2one,1
ENSG00000137501,SYTL2,ENSMUSG00000030616,Sytl2,ortholog_one2one,1
ENSG00000076944,STXBP2,ENSMUSG00000004626,Stxbp2,ortholog_one2one,1
ENSG00000185361,TNFAIP8L1,ENSMUSG00000044469,Tnfaip8l1,ortholog_one2one,1
ENSG00000136270,TBRG4,ENSMUSG00000000384,Tbrg4,ortholog_one2one,1
ENSG00000139973,SYT16,ENSMUSG00000044912,Syt16,ortholog_one2one,1
ENSG00000070269,TMEM260,ENSMUSG00000036339,Tmem260,ortholog_one2one,1
ENSG00000006118,TMEM132A,ENSMUSG00000024736,Tmem132a,ortholog_one2one,1
ENSG00000138162,TACC2,ENSMUSG00000030852,Tacc2,ortholog_one2one,1
ENSG00000163900,TMEM41A,,,,NA
ENSG00000128578,STRIP2,ENSMUSG00000039629,Strip2,ortholog_one2one,1
ENSG00000115112,TFCP2L1,ENSMUSG00000026380,Tfcp2l1,ortholog_one2one,1
ENSG00000054654,SYNE2,ENSMUSG00000063450,Syne2,ortholog_one2one,1
ENSG00000164362,TERT,ENSMUSG00000021611,Tert,ortholog_one2one,1
ENSG00000163116,STPG2,ENSMUSG00000047940,Stpg2,ortholog_one2one,0
ENSG00000127561,SYNGR3,ENSMUSG00000007021,Syngr3,ortholog_one2one,1
ENSG00000198933,TBKBP1,ENSMUSG00000038517,Tbkbp1,ortholog_one2one,1
ENSG00000241697,TMEFF1,ENSMUSG00000028347,Tmeff1,ortholog_one2one,1
ENSG00000106829,TLE4,ENSMUSG00000024642,Tle4,ortholog_one2one,1
ENSG00000170876,TMEM43,ENSMUSG00000030095,Tmem43,ortholog_one2one,1
ENSG00000109436,TBC1D9,ENSMUSG00000031709,Tbc1d9,ortholog_one2one,1
ENSG00000139173,TMEM117,ENSMUSG00000063296,Tmem117,ortholog_one2one,1
ENSG00000172009,THOP1,ENSMUSG00000004929,Thop1,ortholog_one2one,1
ENSG00000171992,SYNPO,ENSMUSG00000043079,Synpo,ortholog_one2one,1
ENSG00000146433,TMEM181,ENSMUSG00000038141,Tmem181a,ortholog_one2one,1
ENSG00000167302,TEPSIN,ENSMUSG00000025377,Tepsin,ortholog_one2one,1
ENSG00000106460,TMEM106B,ENSMUSG00000029571,Tmem106b,ortholog_one2one,1
ENSG00000151135,TMEM263,ENSMUSG00000060935,Tmem263,ortholog_one2one,1
ENSG00000104067,TJP1,ENSMUSG00000030516,Tjp1,ortholog_one2one,1
ENSG00000120708,TGFBI,ENSMUSG00000035493,Tgfbi,ortholog_one2one,1
ENSG00000099797,TECR,ENSMUSG00000031708,Tecr,ortholog_one2one,1
ENSG00000149476,TKFC,ENSMUSG00000034371,Tkfc,ortholog_one2one,1
ENSG00000110108,TMEM109,ENSMUSG00000034659,Tmem109,ortholog_one2one,1
ENSG00000197283,SYNGAP1,ENSMUSG00000067629,Syngap1,ortholog_one2one,1
ENSG00000041982,TNC,ENSMUSG00000028364,Tnc,ortholog_one2one,1
ENSG00000231925,TAPBP,ENSMUSG00000024308,Tapbp,ortholog_one2one,1
ENSG00000109084,TMEM97,ENSMUSG00000037278,Tmem97,ortholog_one2one,1
ENSG00000083312,TNPO1,ENSMUSG00000009470,Tnpo1,ortholog_one2one,1
ENSG00000196235,SUPT5H,ENSMUSG00000003435,Supt5,ortholog_one2one,1
ENSG00000151500,THYN1,ENSMUSG00000035443,Thyn1,ortholog_one2one,1
ENSG00000148248,SURF4,ENSMUSG00000014867,Surf4,ortholog_one2one,1
ENSG00000266173,STRADA,ENSMUSG00000069631,Strada,ortholog_one2one,1
ENSG00000008282,SYPL1,ENSMUSG00000020570,Sypl1,ortholog_one2one,1
ENSG00000146350,TBC1D32,ENSMUSG00000038122,Tbc1d32,ortholog_one2one,1
ENSG00000197226,TBC1D9B,ENSMUSG00000036644,Tbc1d9b,ortholog_one2one,1
ENSG00000130193,THEM6,ENSMUSG00000056665,Them6,ortholog_one2one,1
ENSG00000158710,TAGLN2,ENSMUSG00000026547,Tagln2,ortholog_one2one,1
ENSG00000105518,TMEM205,ENSMUSG00000040883,Tmem205,ortholog_one2one,1
ENSG00000119777,TMEM214,ENSMUSG00000038828,Tmem214,ortholog_one2one,1
ENSG00000165209,STRBP,ENSMUSG00000026915,Strbp,ortholog_one2one,1
ENSG00000133863,TEX15,ENSMUSG00000009628,Tex15,ortholog_one2one,0
ENSG00000115808,STRN,ENSMUSG00000024077,Strn,ortholog_one2one,1
ENSG00000109133,TMEM33,ENSMUSG00000037720,Tmem33,ortholog_one2one,1
ENSG00000057704,TMCC3,ENSMUSG00000020023,Tmcc3,ortholog_one2one,1
ENSG00000079950,STX7,ENSMUSG00000019998,Stx7,ortholog_one2one,1
ENSG00000168952,STXBP6,ENSMUSG00000046314,Stxbp6,ortholog_one2one,1
ENSG00000141002,TCF25,ENSMUSG00000001472,Tcf25,ortholog_one2one,1
ENSG00000165548,TMEM63C,ENSMUSG00000034145,Tmem63c,ortholog_one2one,1
ENSG00000196792,STRN3,ENSMUSG00000020954,Strn3,ortholog_one2one,1
ENSG00000136463,TACO1,ENSMUSG00000001983,Taco1,ortholog_one2one,1
ENSG00000060140,STYK1,ENSMUSG00000032899,Styk1,ortholog_one2one,1
ENSG00000113407,TARS1,ENSMUSG00000022241,Tars1,ortholog_one2one,1
ENSG00000136205,TNS3,ENSMUSG00000020422,Tns3,ortholog_one2one,1
ENSG00000109680,TBC1D19,ENSMUSG00000039178,Tbc1d19,ortholog_one2one,1
ENSG00000166471,TMEM41B,ENSMUSG00000047554,Tmem41b,ortholog_one2one,1
ENSG00000116030,SUMO1,ENSMUSG00000026021,Sumo1,ortholog_one2one,0
ENSG00000166317,SYNPO2L,ENSMUSG00000039376,Synpo2l,ortholog_one2one,1
ENSG00000108064,TFAM,ENSMUSG00000003923,Tfam,ortholog_one2one,1
ENSG00000197321,SVIL,ENSMUSG00000024236,Svil,ortholog_one2one,1
ENSG00000091947,TMEM101,ENSMUSG00000020921,Tmem101,ortholog_one2one,1
ENSG00000204634,TBC1D8,ENSMUSG00000003134,Tbc1d8,ortholog_one2one,1
ENSG00000177728,TMEM94,ENSMUSG00000020747,Tmem94,ortholog_one2one,1
ENSG00000086598,TMED2,ENSMUSG00000029390,Tmed2,ortholog_one2one,1
ENSG00000187079,TEAD1,ENSMUSG00000055320,Tead1,ortholog_one2one,1
ENSG00000164180,TMEM161B,ENSMUSG00000035762,Tmem161b,ortholog_one2one,1
ENSG00000164342,TLR3,ENSMUSG00000031639,Tlr3,ortholog_one2one,1
ENSG00000168884,TNIP2,ENSMUSG00000059866,Tnip2,ortholog_one2one,1
ENSG00000213977,TAX1BP3,ENSMUSG00000040158,Tax1bp3,ortholog_one2one,1
ENSG00000172673,THEMIS,ENSMUSG00000049109,Themis,ortholog_one2one,1
ENSG00000145348,TBCK,ENSMUSG00000028030,Tbck,ortholog_one2one,1
ENSG00000065882,TBC1D1,ENSMUSG00000029174,Tbc1d1,ortholog_one2one,1
ENSG00000028839,TBPL1,ENSMUSG00000071359,Tbpl1,ortholog_one2one,1
ENSG00000198498,TMA16,ENSMUSG00000025591,Tma16,ortholog_one2one,1
ENSG00000168591,TMUB2,ENSMUSG00000034757,Tmub2,ortholog_one2one,1
ENSG00000064419,TNPO3,ENSMUSG00000012535,Tnpo3,ortholog_one2one,1
ENSG00000162065,TBC1D24,ENSMUSG00000036473,Tbc1d24,ortholog_one2one,1
ENSG00000006128,TAC1,ENSMUSG00000061762,Tac1,ortholog_one2one,1
ENSG00000171148,TADA3,ENSMUSG00000048930,Tada3,ortholog_one2one,1
ENSG00000170921,TANC2,ENSMUSG00000053580,Tanc2,ortholog_one2one,1
ENSG00000170537,TMC7,ENSMUSG00000042246,Tmc7,ortholog_one2one,1
ENSG00000165752,STK32C,ENSMUSG00000015981,Stk32c,ortholog_one2one,1
ENSG00000184857,TMEM186,ENSMUSG00000043140,Tmem186,ortholog_one2one,1
ENSG00000140022,STON2,ENSMUSG00000020961,Ston2,ortholog_one2one,1
ENSG00000090905,TNRC6A,ENSMUSG00000052707,Tnrc6a,ortholog_one2one,1
ENSG00000112561,TFEB,ENSMUSG00000023990,Tfeb,ortholog_one2one,1
ENSG00000092295,TGM1,ENSMUSG00000022218,Tgm1,ortholog_one2one,1
ENSG00000149809,TM7SF2,ENSMUSG00000024799,Tm7sf2,ortholog_one2one,1
ENSG00000184840,TMED9,ENSMUSG00000058569,Tmed9,ortholog_one2one,1
ENSG00000213593,TMX2,ENSMUSG00000050043,Tmx2,ortholog_one2one,1
ENSG00000121749,TBC1D15,ENSMUSG00000020130,Tbc1d15,ortholog_one2one,1
ENSG00000145014,TMEM44,ENSMUSG00000022537,Tmem44,ortholog_one2one,1
ENSG00000107854,TNKS2,ENSMUSG00000024811,Tnks2,ortholog_one2one,1
ENSG00000108239,TBC1D12,ENSMUSG00000048720,Tbc1d12,ortholog_one2one,1
ENSG00000157214,STEAP2,ENSMUSG00000015653,Steap2,ortholog_one2one,1
ENSG00000205084,TMEM231,ENSMUSG00000031951,Tmem231,ortholog_one2one,1
ENSG00000145087,STXBP5L,ENSMUSG00000022829,Stxbp5l,ortholog_one2one,1
ENSG00000188735,TMEM120B,ENSMUSG00000054434,Tmem120b,ortholog_one2one,1
ENSG00000185875,THNSL1,ENSMUSG00000048550,Thnsl1,ortholog_one2one,1
ENSG00000265354,TIMM23,ENSMUSG00000013701,Timm23,ortholog_one2many,1
ENSG00000164081,TEX264,ENSMUSG00000040813,Tex264,ortholog_one2one,1
ENSG00000115694,STK25,ENSMUSG00000026277,Stk25,ortholog_one2one,1
ENSG00000213023,SYT3,ENSMUSG00000030731,Syt3,ortholog_one2one,1
ENSG00000182095,TNRC18,ENSMUSG00000039477,Tnrc18,ortholog_one2one,1
ENSG00000144120,TMEM177,ENSMUSG00000036975,Tmem177,ortholog_one2one,1
ENSG00000172765,TMCC1,ENSMUSG00000030126,Tmcc1,ortholog_one2one,1
ENSG00000105696,TMEM59L,ENSMUSG00000035964,Tmem59l,ortholog_one2one,1
ENSG00000275066,SYNRG,ENSMUSG00000034940,Synrg,ortholog_one2one,1
ENSG00000135457,TFCP2,ENSMUSG00000009733,Tfcp2,ortholog_one2one,1
ENSG00000180113,TDRD6,ENSMUSG00000040140,Tdrd6,ortholog_one2one,1
ENSG00000055208,TAB2,ENSMUSG00000015755,Tab2,ortholog_one2one,1
ENSG00000168818,STX18,ENSMUSG00000029125,Stx18,ortholog_one2one,1
ENSG00000198586,TLK1,ENSMUSG00000041997,Tlk1,ortholog_one2one,1
ENSG00000170348,TMED10,ENSMUSG00000021248,Tmed10,ortholog_one2one,1
ENSG00000172403,SYNPO2,ENSMUSG00000050315,Synpo2,ortholog_one2one,1
ENSG00000145979,TBC1D7,ENSMUSG00000021368,Tbc1d7,ortholog_one2one,1
ENSG00000173227,SYT12,ENSMUSG00000049303,Syt12,ortholog_one2one,1
ENSG00000183160,TMEM119,ENSMUSG00000054675,Tmem119,ortholog_one2one,1
ENSG00000129103,SUMF2,ENSMUSG00000025538,Sumf2,ortholog_one2one,1
ENSG00000072954,TMEM38A,ENSMUSG00000031791,Tmem38a,ortholog_one2one,1
ENSG00000091513,TF,ENSMUSG00000032554,Trf,ortholog_one2one,1
ENSG00000164674,SYTL3,ENSMUSG00000041831,Sytl3,ortholog_one2one,1
ENSG00000108021,TASOR2,ENSMUSG00000033799,Tasor2,ortholog_one2one,1
ENSG00000160551,TAOK1,ENSMUSG00000017291,Taok1,ortholog_one2one,1
ENSG00000126351,THRA,ENSMUSG00000058756,Thra,ortholog_one2one,1
ENSG00000198420,TCAF1,ENSMUSG00000036667,Tcaf1,ortholog_one2one,1
ENSG00000139324,TMTC3,ENSMUSG00000036676,Tmtc3,ortholog_one2one,1
ENSG00000137216,TMEM63B,ENSMUSG00000036026,Tmem63b,ortholog_one2one,1
ENSG00000171204,TMEM126B,ENSMUSG00000030614,Tmem126b,ortholog_one2one,1
ENSG00000135090,TAOK3,ENSMUSG00000061288,Taok3,ortholog_one2one,1
ENSG00000072274,TFRC,ENSMUSG00000022797,Tfrc,ortholog_one2one,1
ENSG00000104964,TLE5,ENSMUSG00000054452,Tle5,ortholog_one2one,1
ENSG00000135316,SYNCRIP,ENSMUSG00000032423,Syncrip,ortholog_one2one,1
ENSG00000100580,TMED8,ENSMUSG00000034111,Tmed8,ortholog_one2one,1
ENSG00000104946,TBC1D17,ENSMUSG00000038520,Tbc1d17,ortholog_one2one,1
ENSG00000050730,TNIP3,ENSMUSG00000044162,Tnip3,ortholog_one2one,0
ENSG00000023734,STRAP,ENSMUSG00000030224,Strap,ortholog_one2one,1
ENSG00000127666,TICAM1,ENSMUSG00000047123,Ticam1,ortholog_one2one,1
ENSG00000078237,TIGAR,ENSMUSG00000038028,Tigar,ortholog_one2one,1
ENSG00000129990,SYT5,ENSMUSG00000004961,Syt5,ortholog_one2one,1
ENSG00000070814,TCOF1,ENSMUSG00000024613,Tcof1,ortholog_one2one,1
ENSG00000137747,TMPRSS13,ENSMUSG00000037129,Tmprss13,ortholog_one2one,1
ENSG00000116001,TIA1,ENSMUSG00000071337,Tia1,ortholog_one2one,1
ENSG00000151952,TMEM132D,ENSMUSG00000034310,Tmem132d,ortholog_one2one,1
ENSG00000239732,TLR9,ENSMUSG00000045322,Tlr9,ortholog_one2one,1
ENSG00000170743,SYT9,ENSMUSG00000062542,Syt9,ortholog_one2one,1
ENSG00000054118,THRAP3,ENSMUSG00000043962,Thrap3,ortholog_one2one,1
ENSG00000142765,SYTL1,ENSMUSG00000028860,Sytl1,ortholog_one2one,1
ENSG00000205356,TECPR1,ENSMUSG00000066621,Tecpr1,ortholog_one2one,1
ENSG00000143858,SYT2,ENSMUSG00000026452,Syt2,ortholog_one2one,1
ENSG00000142444,TIMM29,ENSMUSG00000048429,Timm29,ortholog_one2one,1
ENSG00000166263,STXBP4,ENSMUSG00000020546,Stxbp4,ortholog_one2one,1
ENSG00000139364,TMEM132B,ENSMUSG00000070498,Tmem132b,ortholog_one2one,1
ENSG00000179292,TMEM151A,ENSMUSG00000061451,Tmem151a,ortholog_one2one,1
ENSG00000141556,TBCD,ENSMUSG00000039230,Tbcd,ortholog_one2one,1
ENSG00000196335,STK31,ENSMUSG00000023403,Stk31,ortholog_one2one,1
ENSG00000104980,TIMM44,ENSMUSG00000002949,Timm44,ortholog_one2one,1
ENSG00000183735,TBK1,ENSMUSG00000020115,Tbk1,ortholog_one2one,1
ENSG00000198648,STK39,ENSMUSG00000027030,Stk39,ortholog_one2one,1
ENSG00000133789,SWAP70,ENSMUSG00000031015,Swap70,ortholog_one2one,1
ENSG00000106089,STX1A,ENSMUSG00000007207,Stx1a,ortholog_one2one,1
ENSG00000141524,TMC6,ENSMUSG00000025572,Tmc6,ortholog_one2one,1
ENSG00000164828,SUN1,ENSMUSG00000036817,Sun1,ortholog_one2one,1
ENSG00000113387,SUB1,ENSMUSG00000022205,Sub1,ortholog_one2one,1
ENSG00000116147,TNR,ENSMUSG00000015829,Tnr,ortholog_one2one,1
ENSG00000161835,TAMALIN,ENSMUSG00000000531,Tamalin,ortholog_one2one,1
ENSG00000106052,TAX1BP1,ENSMUSG00000004535,Tax1bp1,ortholog_one2one,1
ENSG00000177156,TALDO1,ENSMUSG00000025503,Taldo1,ortholog_one2one,1
ENSG00000179152,TCAIM,ENSMUSG00000046603,Tcaim,ortholog_one2one,1
ENSG00000167323,STIM1,ENSMUSG00000030987,Stim1,ortholog_one2one,1
ENSG00000069702,TGFBR3,ENSMUSG00000029287,Tgfbr3,ortholog_one2one,1
ENSG00000178307,TMEM11,ENSMUSG00000043284,Tmem11,ortholog_one2one,1
ENSG00000143374,TARS2,ENSMUSG00000028107,Tars2,ortholog_one2one,1
ENSG00000130413,STK33,ENSMUSG00000031027,Stk33,ortholog_one2one,1
ENSG00000109079,TNFAIP1,ENSMUSG00000017615,Tnfaip1,ortholog_one2one,1
ENSG00000198168,SVIP,ENSMUSG00000074093,Svip,ortholog_one2one,1
ENSG00000126106,TMEM53,ENSMUSG00000048772,Tmem53,ortholog_one2one,1
ENSG00000135426,TESPA1,ENSMUSG00000034833,Tespa1,ortholog_one2one,1
ENSG00000172171,TEFM,ENSMUSG00000046909,Tefm,ortholog_one2one,1
ENSG00000139531,SUOX,ENSMUSG00000049858,Suox,ortholog_one2one,1
ENSG00000078687,TNRC6C,ENSMUSG00000025571,Tnrc6c,ortholog_one2one,1
ENSG00000176148,TCP11L1,ENSMUSG00000027175,Tcp11l1,ortholog_one2one,1
ENSG00000163630,SYNPR,ENSMUSG00000056296,Synpr,ortholog_one2one,1
ENSG00000134910,STT3A,ENSMUSG00000032116,Stt3a,ortholog_one2one,1
ENSG00000146872,TLK2,ENSMUSG00000020694,Tlk2,ortholog_one2one,1
ENSG00000114854,TNNC1,ENSMUSG00000091898,Tnnc1,ortholog_one2one,1
ENSG00000149582,TMEM25,ENSMUSG00000002032,Tmem25,ortholog_one2one,1
ENSG00000144559,TAMM41,ENSMUSG00000030316,Tamm41,ortholog_one2one,1
ENSG00000144868,TMEM108,ENSMUSG00000042757,Tmem108,ortholog_one2one,1
ENSG00000139546,TARBP2,ENSMUSG00000023051,Tarbp2,ortholog_one2one,1
ENSG00000152154,TMEM178A,ENSMUSG00000024245,Tmem178,ortholog_one2one,1
ENSG00000253304,TMEM200B,ENSMUSG00000070720,Tmem200b,ortholog_one2one,1
ENSG00000088992,TESC,ENSMUSG00000055826,Tescl,ortholog_one2one,0
ENSG00000152078,TLCD4,ENSMUSG00000028132,Tlcd4,ortholog_one2one,1
ENSG00000163931,TKT,ENSMUSG00000021957,Tkt,ortholog_one2one,1
ENSG00000163527,STT3B,ENSMUSG00000032437,Stt3b,ortholog_one2one,1
ENSG00000092969,TGFB2,ENSMUSG00000039239,Tgfb2,ortholog_one2one,1
ENSG00000143093,STRIP1,ENSMUSG00000014601,Strip1,ortholog_one2one,1
ENSG00000177565,TBL1XR1,ENSMUSG00000027630,Tbl1xr1,ortholog_one2one,1
ENSG00000162782,TDRD5,ENSMUSG00000060985,Tdrd5,ortholog_one2one,1
ENSG00000144747,TMF1,ENSMUSG00000030059,Tmf1,ortholog_one2one,1
ENSG00000144339,TMEFF2,ENSMUSG00000026109,Tmeff2,ortholog_one2one,1
ENSG00000284770,TBCE,ENSMUSG00000039233,Tbce,ortholog_one2one,1
ENSG00000187605,TET3,ENSMUSG00000034832,Tet3,ortholog_one2one,1
ENSG00000196187,TMEM63A,ENSMUSG00000026519,Tmem63a,ortholog_one2one,1
ENSG00000131374,TBC1D5,ENSMUSG00000023923,Tbc1d5,ortholog_one2one,1
ENSG00000134077,THUMPD3,ENSMUSG00000030264,Thumpd3,ortholog_one2one,1
ENSG00000163541,SUCLG1,ENSMUSG00000052738,Suclg1,ortholog_one2one,1
ENSG00000132718,SYT11,ENSMUSG00000068923,Syt11,ortholog_one2one,1
ENSG00000118194,TNNT2,ENSMUSG00000026414,Tnnt2,ortholog_one2one,1
ENSG00000182134,TDRKH,ENSMUSG00000041912,Tdrkh,ortholog_one2one,1
ENSG00000136535,TBR1,ENSMUSG00000035033,Tbr1,ortholog_one2one,1
ENSG00000079308,TNS1,ENSMUSG00000055322,Tns1,ortholog_one2one,1
ENSG00000115661,STK16,ENSMUSG00000026201,Stk16,ortholog_one2one,1
ENSG00000097096,SYDE2,ENSMUSG00000036863,Syde2,ortholog_one2one,1
ENSG00000115183,TANC1,ENSMUSG00000035168,Tanc1,ortholog_one2one,1
ENSG00000143469,SYT14,ENSMUSG00000016200,Syt14,ortholog_one2one,0
ENSG00000134207,SYT6,ENSMUSG00000027849,Syt6,ortholog_one2one,1
ENSG00000116668,SWT1,ENSMUSG00000052748,Swt1,ortholog_one2one,1
ENSG00000159596,TMEM69,ENSMUSG00000055900,Tmem69,ortholog_one2one,1
ENSG00000143155,TIPRL,ENSMUSG00000040843,Tiprl,ortholog_one2one,1
ENSG00000205090,TMEM240,ENSMUSG00000084845,Tmem240,ortholog_one2one,1
ENSG00000159164,SV2A,ENSMUSG00000038486,Sv2a,ortholog_one2one,1
ENSG00000117632,STMN1,ENSMUSG00000028832,Stmn1,ortholog_one2one,1
ENSG00000186501,TMEM222,ENSMUSG00000028857,Tmem222,ortholog_one2one,1
ENSG00000094975,SUCO,ENSMUSG00000040297,Suco,ortholog_one2one,1
ENSG00000135823,STX6,ENSMUSG00000026470,Stx6,ortholog_one2one,1
ENSG00000203685,STUM,ENSMUSG00000053963,Stum,ortholog_one2one,1
ENSG00000162851,TFB2M,ENSMUSG00000026492,Tfb2m,ortholog_one2one,1
ENSG00000130775,THEMIS2,ENSMUSG00000037731,Themis2,ortholog_one2one,1
ENSG00000116266,STXBP3,ENSMUSG00000027882,Stxbp3,ortholog_one2one,1
ENSG00000116857,TMEM9,ENSMUSG00000026411,Tmem9,ortholog_one2one,1
ENSG00000070759,TESK2,ENSMUSG00000033985,Tesk2,ortholog_one2one,1
ENSG00000198198,SZT2,ENSMUSG00000033253,Szt2,ortholog_one2one,1
ENSG00000143183,TMCO1,ENSMUSG00000052428,Tmco1,ortholog_one2one,1
ENSG00000117758,STX12,ENSMUSG00000028879,Stx12,ortholog_one2one,1
ENSG00000120948,TARDBP,ENSMUSG00000041459,Tardbp,ortholog_one2one,1
ENSG00000133069,TMCC2,ENSMUSG00000042066,Tmcc2,ortholog_one2one,1
ENSG00000203705,TATDN3,ENSMUSG00000026632,Tatdn3,ortholog_one2one,1
ENSG00000292366,VAMP7,,,,NA
ENSG00000291426,TOLLIP,,,,NA
ENSG00000114374,USP9Y,ENSMUSG00000069044,Usp9y,ortholog_one2one,1
ENSG00000291480,TPRKB,,,,NA
ENSG00000283085,TPBG,,,,NA
ENSG00000288408,UBL7,,,,NA
ENSG00000280495,TRAPPC4,,,,NA
ENSG00000280616,VPS11,,,,NA
ENSG00000285339,VPS28,,,,NA
ENSG00000291527,USP16,,,,NA
ENSG00000291781,TTC5,,,,NA
ENSG00000282003,TUBGCP3,,,,NA
ENSG00000276856,TUBGCP5,,,,NA
ENSG00000280807,TUBGCP5,,,,NA
ENSG00000274965,TRPM1,,,,NA
ENSG00000120686,UFM1,ENSMUSG00000027746,Ufm1,ortholog_one2one,1
ENSG00000276416,UNC79,,,,NA
ENSG00000278787,UBR7,,,,NA
ENSG00000182670,TTC3,ENSMUSG00000040785,Ttc3,ortholog_one2one,1
ENSG00000204977,TRIM13,ENSMUSG00000035235,Trim13,ortholog_one2one,1
ENSG00000142185,TRPM2,ENSMUSG00000009292,Trpm2,ortholog_one2one,1
ENSG00000226085,UQCRFS1P1,,,,NA
ENSG00000188021,UBQLN2,ENSMUSG00000050148,Ubqln2,ortholog_one2one,1
ENSG00000273820,USP27X,ENSMUSG00000046269,Usp27x,ortholog_one2one,1
ENSG00000122042,UBL3,ENSMUSG00000001687,Ubl3,ortholog_one2one,1
ENSG00000176014,TUBB6,ENSMUSG00000001473,Tubb6,ortholog_one2one,1
ENSG00000101557,USP14,ENSMUSG00000047879,Usp14,ortholog_one2one,1
ENSG00000153339,TRAPPC8,ENSMUSG00000033382,Trappc8,ortholog_one2one,1
ENSG00000180543,TSPYL5,ENSMUSG00000038984,Tspyl5,ortholog_one2one,1
ENSG00000274796,TSEN34,,,,NA
ENSG00000136100,VPS36,ENSMUSG00000031479,Vps36,ortholog_one2one,1
ENSG00000244687,UBE2V1,ENSMUSG00000078923,Ube2v1,ortholog_one2one,0
ENSG00000284238,TOP3A,,,,NA
ENSG00000134882,UBAC2,ENSMUSG00000041765,Ubac2,ortholog_one2one,1
ENSG00000274078,TSEN34,,,,NA
ENSG00000278622,TSEN34,,,,NA
ENSG00000155959,VBP1,ENSMUSG00000031197,Vbp1,ortholog_one2one,1
ENSG00000276537,TTYH1,,,,NA
ENSG00000273896,TSEN34,,,,NA
ENSG00000278712,TSEN34,,,,NA
ENSG00000134900,TPP2,ENSMUSG00000041763,Tpp2,ortholog_one2one,1
ENSG00000275650,TTYH1,,,,NA
ENSG00000134160,TRPM1,ENSMUSG00000030523,Trpm1,ortholog_one2one,1
ENSG00000152484,USP12,ENSMUSG00000029640,Usp12,ortholog_one2one,1
ENSG00000274672,TSEN34,,,,NA
ENSG00000187189,TSPYL4,ENSMUSG00000039485,Tspyl4,ortholog_one2one,1
ENSG00000278605,TSEN34,,,,NA
ENSG00000275165,TSEN34,,,,NA
ENSG00000102804,TSC22D1,ENSMUSG00000022010,Tsc22d1,ortholog_one2one,1
ENSG00000142207,URB1,ENSMUSG00000039929,Urb1,ortholog_one2one,1
ENSG00000274891,TRAPPC12,,,,NA
ENSG00000134779,TPGS2,ENSMUSG00000024269,Tpgs2,ortholog_one2one,1
ENSG00000276887,TTYH1,,,,NA
ENSG00000146216,TTBK1,ENSMUSG00000015599,Ttbk1,ortholog_one2one,1
ENSG00000274129,TSEN34,,,,NA
ENSG00000118939,UCHL3,ENSMUSG00000035337,Uchl4,ortholog_one2many,0
ENSG00000118939,UCHL3,ENSMUSG00000022111,Uchl3,ortholog_one2many,1
ENSG00000124333,VAMP7,,,,NA
ENSG00000124120,TTPAL,ENSMUSG00000017679,Ttpal,ortholog_one2one,1
ENSG00000091164,TXNL1,ENSMUSG00000024583,Txnl1,ortholog_one2one,1
ENSG00000255690,TRIL,ENSMUSG00000043496,Tril,ortholog_one2one,1
ENSG00000100106,TRIOBP,ENSMUSG00000033088,Triobp,ortholog_one2one,1
ENSG00000126216,TUBGCP3,ENSMUSG00000000759,Tubgcp3,ortholog_one2one,1
ENSG00000128311,TST,ENSMUSG00000044986,Tst,ortholog_one2one,1
ENSG00000102595,UGGT2,ENSMUSG00000042104,Uggt2,ortholog_one2one,1
ENSG00000157538,VPS26C,ENSMUSG00000022898,Vps26c,ortholog_one2one,1
ENSG00000184787,UBE2G2,ENSMUSG00000009293,Ube2g2,ortholog_one2one,1
ENSG00000139287,TPH2,ENSMUSG00000006764,Tph2,ortholog_one2one,1
ENSG00000274348,TRPV5,,,,NA
ENSG00000175106,TVP23C,ENSMUSG00000014177,Tvp23b,ortholog_one2many,1
ENSG00000229341,TNXB,,,,NA
ENSG00000133112,TPT1,,,,NA
ENSG00000231116,VARS1,,,,NA
ENSG00000224156,TUBB,,,,NA
ENSG00000100154,TTC28,ENSMUSG00000033209,Ttc28,ortholog_one2one,1
ENSG00000228881,TRIM26,,,,NA
ENSG00000100348,TXN2,ENSMUSG00000005354,Txn2,ortholog_one2one,1
ENSG00000160218,TRAPPC10,ENSMUSG00000000374,Trappc10,ortholog_one2one,1
ENSG00000160185,UBASH3A,ENSMUSG00000042345,Ubash3a,ortholog_one2one,1
ENSG00000226589,VARS1,,,,NA
ENSG00000067445,TRO,ENSMUSG00000025272,Tro,ortholog_one2one,0
ENSG00000156256,USP16,ENSMUSG00000025616,Usp16,ortholog_one2one,1
ENSG00000236178,VARS2,,,,NA
ENSG00000235067,TUBB,,,,NA
ENSG00000168234,TTC39C,ENSMUSG00000024424,Ttc39c,ortholog_one2one,1
ENSG00000101407,TTI1,ENSMUSG00000027650,Tti1,ortholog_one2one,1
ENSG00000096171,VARS1,,,,NA
ENSG00000103275,UBE2I,ENSMUSG00000015120,Ube2i,ortholog_one2one,1
ENSG00000231608,TNXB,,,,NA
ENSG00000175073,VCPIP1,ENSMUSG00000045210,Vcpip1,ortholog_one2one,1
ENSG00000197969,VPS13A,ENSMUSG00000046230,Vps13a,ortholog_one2one,1
ENSG00000226060,TRIM26,,,,NA
ENSG00000233323,TNXB,,,,NA
ENSG00000230230,TRIM26,,,,NA
ENSG00000158526,TSR2,ENSMUSG00000025264,Tsr2,ortholog_one2one,1
ENSG00000124486,USP9X,ENSMUSG00000031010,Usp9x,ortholog_one2one,1
ENSG00000177398,UMODL1,ENSMUSG00000054134,Umodl1,ortholog_one2one,1
ENSG00000159713,TPPP3,ENSMUSG00000014846,Tppp3,ortholog_one2one,1
ENSG00000155313,USP25,ENSMUSG00000022867,Usp25,ortholog_one2one,1
ENSG00000230985,VARS2,,,,NA
ENSG00000227739,TUBB,,,,NA
ENSG00000205133,TRIQK,ENSMUSG00000055963,Triqk,ortholog_one2one,1
ENSG00000166887,VPS39,ENSMUSG00000027291,Vps39,ortholog_one2one,1
ENSG00000184056,VPS33B,ENSMUSG00000030534,Vps33b,ortholog_one2one,1
ENSG00000164440,TXLNB,ENSMUSG00000039891,Txlnb,ortholog_one2one,1
ENSG00000141968,VAV1,ENSMUSG00000034116,Vav1,ortholog_one2one,1
ENSG00000100416,TRMU,ENSMUSG00000022386,Trmu,ortholog_one2one,1
ENSG00000100300,TSPO,ENSMUSG00000041736,Tspo,ortholog_one2one,1
ENSG00000215305,VPS16,ENSMUSG00000027411,Vps16,ortholog_one2one,1
ENSG00000231641,TRIM26,,,,NA
ENSG00000231002,TRIM26,,,,NA
ENSG00000236221,TNXB,,,,NA
ENSG00000160293,VAV2,ENSMUSG00000009621,Vav2,ortholog_one2one,1
ENSG00000229684,TUBB,,,,NA
ENSG00000234032,VARS2,,,,NA
ENSG00000140416,TPM1,ENSMUSG00000032366,Tpm1,ortholog_one2one,1
ENSG00000109103,UNC119,ENSMUSG00000002058,Unc119,ortholog_one2one,1
ENSG00000025772,TOMM34,ENSMUSG00000018322,Tomm34,ortholog_one2one,1
ENSG00000229353,TNXB,,,,NA
ENSG00000167632,TRAPPC9,ENSMUSG00000047921,Trappc9,ortholog_one2one,1
ENSG00000224264,VARS1,,,,NA
ENSG00000223494,VARS2,,,,NA
ENSG00000101150,TPD52L2,ENSMUSG00000000827,Tpd52l2,ortholog_one2one,1
ENSG00000232575,TUBB,,,,NA
ENSG00000234046,TRIM26,,,,NA
ENSG00000206258,TNXB,,,,NA
ENSG00000067167,TRAM1,ENSMUSG00000025935,Tram1,ortholog_one2one,1
ENSG00000232421,TUBB,,,,NA
ENSG00000166925,TSC22D4,ENSMUSG00000144223,Tsc22d4,ortholog_one2one,1
ENSG00000206476,VARS2,,,,NA
ENSG00000231945,VARS1,,,,NA
ENSG00000086712,TXLNG,ENSMUSG00000038344,Txlng,ortholog_one2one,1
ENSG00000168538,TRAPPC11,ENSMUSG00000038102,Trappc11,ortholog_one2one,1
ENSG00000183311,TUBB,,,,NA
ENSG00000137313,TRIM26,,,,NA
ENSG00000227686,VARS1,,,,NA
ENSG00000132109,TRIM21,ENSMUSG00000030966,Trim21,ortholog_one2one,1
ENSG00000140830,TXNL4B,ENSMUSG00000031723,Txnl4b,ortholog_one2one,1
ENSG00000236236,TNXB,,,,NA
ENSG00000140553,UNC45A,ENSMUSG00000030533,Unc45a,ortholog_one2one,1
ENSG00000179981,TSHZ1,ENSMUSG00000046982,Tshz1,ortholog_one2one,1
ENSG00000198900,TOP1,ENSMUSG00000070544,Top1,ortholog_one2one,1
ENSG00000100271,TTLL1,ENSMUSG00000022442,Ttll1,ortholog_one2one,1
ENSG00000081307,UBA5,ENSMUSG00000032557,Uba5,ortholog_one2one,1
ENSG00000168454,TXNDC2,ENSMUSG00000050612,Txndc2,ortholog_one2one,0
ENSG00000167515,TRAPPC2L,ENSMUSG00000015013,Trappc2l,ortholog_one2one,1
ENSG00000101558,VAPA,ENSMUSG00000024091,Vapa,ortholog_one2one,1
ENSG00000127540,UQCR11,ENSMUSG00000020163,Uqcr11,ortholog_one2one,1
ENSG00000107341,UBE2R2,ENSMUSG00000036241,Ube2r2,ortholog_one2one,1
ENSG00000118271,TTR,ENSMUSG00000061808,Ttr,ortholog_one2one,1
ENSG00000184470,TXNRD2,ENSMUSG00000075704,Txnrd2,ortholog_one2one,1
ENSG00000149743,TRPT1,ENSMUSG00000047656,Trpt1,ortholog_one2one,1
ENSG00000119401,TRIM32,ENSMUSG00000051675,Trim32,ortholog_one2one,1
ENSG00000183785,TUBA8,ENSMUSG00000030137,Tuba8,ortholog_one2one,1
ENSG00000100304,TTLL12,ENSMUSG00000016757,Ttll12,ortholog_one2one,1
ENSG00000198833,UBE2J1,ENSMUSG00000028277,Ube2j1,ortholog_one2one,1
ENSG00000167333,TRIM68,ENSMUSG00000073968,Trim68,ortholog_one2one,1
ENSG00000005007,UPF1,ENSMUSG00000058301,Upf1,ortholog_one2one,1
ENSG00000036672,USP2,ENSMUSG00000032010,Usp2,ortholog_one2one,1
ENSG00000028203,VEZT,ENSMUSG00000036099,Vezt,ortholog_one2one,1
ENSG00000188229,TUBB4B,ENSMUSG00000036752,Tubb4b,ortholog_one2one,1
ENSG00000136816,TOR1B,ENSMUSG00000026848,Tor1b,ortholog_one2one,1
ENSG00000140474,ULK3,ENSMUSG00000032308,Ulk3,ortholog_one2one,1
ENSG00000173113,TRMT112,ENSMUSG00000038812,Trmt112,ortholog_one2one,1
ENSG00000130204,TOMM40,ENSMUSG00000002984,Tomm40,ortholog_one2one,1
ENSG00000007520,TSR3,ENSMUSG00000015126,Tsr3,ortholog_one2one,1
ENSG00000101019,UQCC1,ENSMUSG00000005882,Uqcc1,ortholog_one2one,1
ENSG00000100284,TOM1,ENSMUSG00000042870,Tom1,ortholog_one2one,1
ENSG00000105397,TYK2,ENSMUSG00000032175,Tyk2,ortholog_one2one,1
ENSG00000258947,TUBB3,ENSMUSG00000062380,Tubb3,ortholog_one2one,1
ENSG00000198276,UCKL1,ENSMUSG00000089917,Uckl1,ortholog_one2one,1
ENSG00000167118,URM1,ENSMUSG00000069020,Urm1,ortholog_one2one,1
ENSG00000102226,USP11,ENSMUSG00000031066,Usp11,ortholog_one2one,1
ENSG00000155975,VPS37A,ENSMUSG00000031600,Vps37a,ortholog_one2one,1
ENSG00000083067,TRPM3,ENSMUSG00000052387,Trpm3,ortholog_one2one,1
ENSG00000125753,VASP,ENSMUSG00000030403,Vasp,ortholog_one2one,1
ENSG00000110171,TRIM3,ENSMUSG00000036989,Trim3,ortholog_one2one,1
ENSG00000196367,TRRAP,ENSMUSG00000045482,Trrap,ortholog_one2one,1
ENSG00000185651,UBE2L3,ENSMUSG00000038965,Ube2l3,ortholog_one2many,1
ENSG00000129696,TTI2,ENSMUSG00000031577,Tti2,ortholog_one2one,1
ENSG00000160131,VMA21,ENSMUSG00000073131,Vma21,ortholog_one2one,1
ENSG00000099899,TRMT2A,ENSMUSG00000022721,Trmt2a,ortholog_one2one,1
ENSG00000178462,TUBAL3,ENSMUSG00000021216,Tubal3,ortholog_one2one,1
ENSG00000033178,UBA6,ENSMUSG00000035898,Uba6,ortholog_one2one,1
ENSG00000169139,UBE2V2,ENSMUSG00000022674,Ube2v2,ortholog_one2one,1
ENSG00000137822,TUBGCP4,ENSMUSG00000027263,Tubgcp4,ortholog_one2one,1
ENSG00000147852,VLDLR,ENSMUSG00000024924,Vldlr,ortholog_one2one,1
ENSG00000178952,TUFM,ENSMUSG00000073838,Tufm,ortholog_one2one,1
ENSG00000141933,TPGS1,ENSMUSG00000020308,Tpgs1,ortholog_one2one,1
ENSG00000170638,TRABD,ENSMUSG00000015363,Trabd,ortholog_one2one,1
ENSG00000108219,TSPAN14,ENSMUSG00000037824,Tspan14,ortholog_one2one,1
ENSG00000126261,UBA2,ENSMUSG00000052997,Uba2,ortholog_one2one,1
ENSG00000167721,TSR1,ENSMUSG00000038335,Tsr1,ortholog_one2one,1
ENSG00000144744,UBA3,ENSMUSG00000030061,Uba3,ortholog_one2one,1
ENSG00000151239,TWF1,ENSMUSG00000022451,Twf1,ortholog_one2one,1
ENSG00000099282,TSPAN15,ENSMUSG00000037031,Tspan15,ortholog_one2one,1
ENSG00000100216,TOMM22,ENSMUSG00000022427,Tomm22,ortholog_one2one,1
ENSG00000104723,TUSC3,ENSMUSG00000118664,Tusc3,ortholog_one2one,1
ENSG00000059145,UNKL,ENSMUSG00000015127,Unkl,ortholog_one2one,1
ENSG00000104142,VPS18,ENSMUSG00000034216,Vps18,ortholog_one2one,1
ENSG00000052841,TTC17,ENSMUSG00000027194,Ttc17,ortholog_one2one,1
ENSG00000163960,UBXN7,ENSMUSG00000053774,Ubxn7,ortholog_one2one,1
ENSG00000135148,TRAFD1,ENSMUSG00000042726,Trafd1,ortholog_one2one,1
ENSG00000165699,TSC1,ENSMUSG00000026812,Tsc1,ortholog_one2one,1
ENSG00000100991,TRPC4AP,ENSMUSG00000038324,Trpc4ap,ortholog_one2one,1
ENSG00000104691,UBXN8,ENSMUSG00000052906,Ubxn8,ortholog_one2one,1
ENSG00000172046,USP19,ENSMUSG00000006676,Usp19,ortholog_one2one,1
ENSG00000165409,TSHR,ENSMUSG00000020963,Tshr,ortholog_one2one,1
ENSG00000261456,TUBB8,,,,NA
ENSG00000101162,TUBB1,ENSMUSG00000016255,Tubb1,ortholog_one2one,1
ENSG00000135018,UBQLN1,ENSMUSG00000005312,Ubqln1,ortholog_one2one,1
ENSG00000130985,UBA1,ENSMUSG00000001924,Uba1,ortholog_one2one,1
ENSG00000130560,UBAC1,ENSMUSG00000036352,Ubac1,ortholog_one2one,1
ENSG00000124164,VAPB,ENSMUSG00000054455,Vapb,ortholog_one2one,1
ENSG00000076248,UNG,ENSMUSG00000029591,Ung,ortholog_one2one,1
ENSG00000130717,UCK1,ENSMUSG00000002550,Uck1,ortholog_one2one,1
ENSG00000010256,UQCRC1,ENSMUSG00000025651,Uqcrc1,ortholog_one2one,1
ENSG00000128159,TUBGCP6,ENSMUSG00000051786,Tubgcp6,ortholog_one2one,1
ENSG00000070010,UFD1,ENSMUSG00000005262,Ufd1,ortholog_one2one,1
ENSG00000066651,TRMT11,ENSMUSG00000019792,Trmt11,ortholog_one2one,1
ENSG00000103194,USP10,ENSMUSG00000031826,Usp10,ortholog_one2one,1
ENSG00000102178,UBL4A,ENSMUSG00000015290,Ubl4a,ortholog_one2one,1
ENSG00000128881,TTBK2,ENSMUSG00000090100,Ttbk2,ortholog_one2one,1
ENSG00000103671,TRIP4,ENSMUSG00000032386,Trip4,ortholog_one2one,1
ENSG00000165006,UBAP1,ENSMUSG00000028437,Ubap1,ortholog_one2one,1
ENSG00000011295,TTC19,ENSMUSG00000042298,Ttc19,ortholog_one2one,1
ENSG00000275835,TUBGCP5,ENSMUSG00000033790,Tubgcp5,ortholog_one2one,1
ENSG00000146242,TPBG,ENSMUSG00000035274,Tpbg,ortholog_one2one,1
ENSG00000138629,UBL7,ENSMUSG00000055720,Ubl7,ortholog_one2one,1
ENSG00000100038,TOP3B,ENSMUSG00000022779,Top3b,ortholog_one2one,1
ENSG00000153560,UBP1,ENSMUSG00000009741,Ubp1,ortholog_one2one,1
ENSG00000126602,TRAP1,ENSMUSG00000005981,Trap1,ortholog_one2one,1
ENSG00000167671,UBXN6,ENSMUSG00000019578,Ubxn6,ortholog_one2one,1
ENSG00000165637,VDAC2,ENSMUSG00000021771,Vdac2,ortholog_one2one,1
ENSG00000220205,VAMP2,ENSMUSG00000020894,Vamp2,ortholog_one2one,1
ENSG00000125482,TTF1,ENSMUSG00000026803,Ttf1,ortholog_one2one,0
ENSG00000077097,TOP2B,ENSMUSG00000017485,Top2b,ortholog_one2one,1
ENSG00000125351,UPF3B,ENSMUSG00000036572,Upf3b,ortholog_one2one,1
ENSG00000198382,UVRAG,ENSMUSG00000035354,Uvrag,ortholog_one2one,1
ENSG00000172315,TP53RK,ENSMUSG00000039725,Trp53rka,ortholog_one2many,1
ENSG00000172315,TP53RK,ENSMUSG00000042854,Trp53rkb,ortholog_one2many,0
ENSG00000109189,USP46,ENSMUSG00000054814,Usp46,ortholog_one2one,1
ENSG00000053501,USE1,ENSMUSG00000002395,Use1,ortholog_one2one,1
ENSG00000167553,TUBA1C,ENSMUSG00000043091,Tuba1c,ortholog_one2one,1
ENSG00000078140,UBE2K,ENSMUSG00000029203,Ube2k,ortholog_one2one,1
ENSG00000078804,TP53INP2,ENSMUSG00000038375,Trp53inp2,ortholog_one2one,1
ENSG00000186591,UBE2H,ENSMUSG00000039159,Ube2h,ortholog_one2one,1
ENSG00000148429,USP6NL,ENSMUSG00000039046,Usp6nl,ortholog_one2one,1
ENSG00000205838,TTC23L,ENSMUSG00000022249,Ttc23l,ortholog_one2one,1
ENSG00000168016,TRANK1,ENSMUSG00000062296,Trank1,ortholog_one2one,1
ENSG00000186815,TPCN1,ENSMUSG00000032741,Tpcn1,ortholog_one2one,1
ENSG00000141198,TOM1L1,ENSMUSG00000020541,Tom1l1,ortholog_one2one,1
ENSG00000184076,UQCR10,ENSMUSG00000059534,Uqcr10,ortholog_one2one,1
ENSG00000094841,UPRT,ENSMUSG00000073016,Uprt,ortholog_one2one,1
ENSG00000131323,TRAF3,ENSMUSG00000021277,Traf3,ortholog_one2one,1
ENSG00000124422,USP22,ENSMUSG00000042506,Usp22,ortholog_one2one,1
ENSG00000137831,UACA,ENSMUSG00000034485,Uaca,ortholog_one2one,1
ENSG00000131653,TRAF7,ENSMUSG00000052752,Traf7,ortholog_one2one,1
ENSG00000123607,TTC21B,ENSMUSG00000034848,Ttc21b,ortholog_one2one,1
ENSG00000038427,VCAN,ENSMUSG00000021614,Vcan,ortholog_one2one,1
ENSG00000127412,TRPV5,ENSMUSG00000036899,Trpv5,ortholog_one2one,1
ENSG00000156687,UNC5D,ENSMUSG00000063626,Unc5d,ortholog_one2one,1
ENSG00000182400,TRAPPC6B,ENSMUSG00000020993,Trappc6b,ortholog_one2one,1
ENSG00000038382,TRIO,ENSMUSG00000022263,Trio,ortholog_one2one,1
ENSG00000156298,TSPAN7,ENSMUSG00000058254,Tspan7,ortholog_one2one,1
ENSG00000104343,UBE2W,ENSMUSG00000025939,Ube2w,ortholog_one2one,1
ENSG00000166348,USP54,ENSMUSG00000034235,Usp54,ortholog_one2one,1
ENSG00000196459,TRAPPC2,,,,NA
ENSG00000113597,TRAPPC13,ENSMUSG00000021711,Trappc13,ortholog_one2one,1
ENSG00000174607,UGT8,ENSMUSG00000032854,Ugt8a,ortholog_one2one,1
ENSG00000137766,UNC13C,ENSMUSG00000062151,Unc13c,ortholog_one2one,1
ENSG00000104833,TUBB4A,ENSMUSG00000062591,Tubb4a,ortholog_one2one,1
ENSG00000168477,TNXB,ENSMUSG00000033327,Tnxb,ortholog_one2one,1
ENSG00000160948,VPS28,ENSMUSG00000115987,Vps28,ortholog_one2one,1
ENSG00000166402,TUB,ENSMUSG00000031028,Tub,ortholog_one2one,1
ENSG00000035403,VCL,ENSMUSG00000021823,Vcl,ortholog_one2one,1
ENSG00000070985,TRPM5,ENSMUSG00000009246,Trpm5,ortholog_one2one,1
ENSG00000132549,VPS13B,ENSMUSG00000037646,Vps13b,ortholog_one2one,1
ENSG00000204394,VARS1,ENSMUSG00000007029,Vars1,ortholog_one2one,1
ENSG00000103404,USP31,ENSMUSG00000063317,Usp31,ortholog_one2one,1
ENSG00000012963,UBR7,ENSMUSG00000041712,Ubr7,ortholog_one2one,1
ENSG00000131475,VPS25,ENSMUSG00000001240,Ramp2,ortholog_one2many,1
ENSG00000131475,VPS25,ENSMUSG00000078656,Vps25,ortholog_one2many,1
ENSG00000196230,TUBB,ENSMUSG00000001525,Tubb5,ortholog_one2one,1
ENSG00000136731,UGGT1,ENSMUSG00000037470,Uggt1,ortholog_one2one,1
ENSG00000196428,TSC22D2,ENSMUSG00000027806,Tsc22d2,ortholog_one2one,1
ENSG00000119685,TTLL5,,,,NA
ENSG00000135655,USP15,ENSMUSG00000020124,Usp15,ortholog_one2one,1
ENSG00000104517,UBR5,ENSMUSG00000037487,Ubr5,ortholog_one2one,1
ENSG00000069329,VPS35,ENSMUSG00000031696,Vps35,ortholog_one2one,1
ENSG00000006715,VPS41,ENSMUSG00000041236,Vps41,ortholog_one2one,1
ENSG00000197763,TXNRD3,ENSMUSG00000000811,Txnrd3,ortholog_one2one,1
ENSG00000151148,UBE3B,ENSMUSG00000029577,Ube3b,ortholog_one2one,1
ENSG00000160695,VPS11,ENSMUSG00000032127,Vps11,ortholog_one2one,1
ENSG00000111907,TPD52L1,ENSMUSG00000000296,Tpd52l1,ortholog_one2one,1
ENSG00000137411,VARS2,ENSMUSG00000038838,Vars2,ortholog_one2one,1
ENSG00000144034,TPRKB,ENSMUSG00000054226,Tprkb,ortholog_one2one,1
ENSG00000119121,TRPM6,ENSMUSG00000024727,Trpm6,ortholog_one2one,1
ENSG00000175662,TOM1L2,ENSMUSG00000000538,Tom1l2,ortholog_one2one,1
ENSG00000136319,TTC5,ENSMUSG00000006288,Ttc5,ortholog_one2one,1
ENSG00000138768,USO1,ENSMUSG00000029407,Uso1,ortholog_one2one,1
ENSG00000130726,TRIM28,ENSMUSG00000005566,Trim28,ortholog_one2one,1
ENSG00000175931,UBE2O,ENSMUSG00000020802,Ube2o,ortholog_one2one,1
ENSG00000139190,VAMP1,ENSMUSG00000030337,Vamp1,ortholog_one2one,0
ENSG00000107731,UNC5B,ENSMUSG00000020099,Unc5b,ortholog_one2one,1
ENSG00000168899,VAMP5,ENSMUSG00000073002,Vamp5,ortholog_one2one,1
ENSG00000100505,TRIM9,ENSMUSG00000021071,Trim9,ortholog_one2one,1
ENSG00000171724,VAT1L,ENSMUSG00000046844,Vat1l,ortholog_one2one,1
ENSG00000165533,TTC8,ENSMUSG00000021013,Ttc8,ortholog_one2one,1
ENSG00000140740,UQCRC2,ENSMUSG00000030884,Uqcrc2,ortholog_one2one,1
ENSG00000130529,TRPM4,ENSMUSG00000038260,Trpm4,ortholog_one2one,1
ENSG00000024048,UBR2,ENSMUSG00000023977,Ubr2,ortholog_one2one,1
ENSG00000138592,USP8,ENSMUSG00000027363,Usp8,ortholog_one2one,1
ENSG00000074966,TXK,ENSMUSG00000054892,Txk,ortholog_one2one,1
ENSG00000215114,UBXN2B,ENSMUSG00000028243,Ubxn2b,ortholog_one2one,1
ENSG00000103544,VPS35L,ENSMUSG00000030982,Vps35l,ortholog_one2one,1
ENSG00000184428,TOP1MT,ENSMUSG00000000934,Top1mt,ortholog_one2one,1
ENSG00000234127,TRIM26,ENSMUSG00000024457,Trim26,ortholog_one2one,1
ENSG00000136827,TOR1A,ENSMUSG00000026849,Tor1a,ortholog_one2one,1
ENSG00000156467,UQCRB,ENSMUSG00000021520,Uqcrb,ortholog_one2one,0
ENSG00000187555,USP7,ENSMUSG00000022710,Usp7,ortholog_one2one,1
ENSG00000198722,UNC13B,ENSMUSG00000028456,Unc13b,ortholog_one2one,1
ENSG00000137364,TPMT,ENSMUSG00000021376,Tpmt,ortholog_one2one,1
ENSG00000111667,USP5,ENSMUSG00000038429,Usp5,ortholog_one2one,1
ENSG00000158457,TSPAN33,ENSMUSG00000001763,Tspan33,ortholog_one2one,1
ENSG00000137267,TUBB2A,ENSMUSG00000058672,Tubb2a,ortholog_one2one,1
ENSG00000078668,VDAC3,,,,NA
ENSG00000196683,TOMM7,,,,NA
ENSG00000114062,UBE3A,ENSMUSG00000025326,Ube3a,ortholog_one2one,1
ENSG00000170832,USP32,ENSMUSG00000000804,Usp32,ortholog_one2many,1
ENSG00000136295,TTYH3,ENSMUSG00000036565,Ttyh3,ortholog_one2one,1
ENSG00000239264,TXNDC5,ENSMUSG00000038991,Txndc5,ortholog_one2one,1
ENSG00000219545,UMAD1,ENSMUSG00000089862,Umad1,ortholog_one2one,1
ENSG00000196715,VKORC1L1,ENSMUSG00000066735,Vkorc1l1,ortholog_one2one,1
ENSG00000164332,UBLCP1,ENSMUSG00000041231,Ublcp1,ortholog_one2one,1
ENSG00000165886,UBTD1,ENSMUSG00000025171,Ubtd1,ortholog_one2one,1
ENSG00000107815,TWNK,ENSMUSG00000025209,Twnk,ortholog_one2one,1
ENSG00000159459,UBR1,ENSMUSG00000027272,Ubr1,ortholog_one2one,1
ENSG00000129003,VPS13C,ENSMUSG00000035284,Vps13c,ortholog_one2one,1
ENSG00000127324,TSPAN8,ENSMUSG00000034127,Tspan8,ortholog_one2one,1
ENSG00000165280,VCP,ENSMUSG00000028452,Vcp,ortholog_one2one,1
ENSG00000072657,TRHDE,ENSMUSG00000050663,Trhde,ortholog_one2one,1
ENSG00000151116,UEVLD,ENSMUSG00000043262,Uevld,ortholog_one2one,1
ENSG00000104321,TRPA1,ENSMUSG00000032769,Trpa1,ortholog_one2one,1
ENSG00000100815,TRIP11,ENSMUSG00000021188,Trip11,ortholog_one2one,1
ENSG00000177889,UBE2N,ENSMUSG00000074781,Ube2n,ortholog_one2one,1
ENSG00000176058,TPRN,ENSMUSG00000048707,Tprn,ortholog_one2one,1
ENSG00000136810,TXN,ENSMUSG00000028367,Txn1,ortholog_one2one,1
ENSG00000137073,UBAP2,ENSMUSG00000028433,Ubap2,ortholog_one2one,1
ENSG00000076554,TPD52,ENSMUSG00000027506,Tpd52,ortholog_one2one,1
ENSG00000092445,TYRO3,ENSMUSG00000027298,Tyro3,ortholog_one2one,1
ENSG00000213585,VDAC1,ENSMUSG00000020402,Vdac1,ortholog_one2one,1
ENSG00000103043,VAC14,ENSMUSG00000010936,Vac14,ortholog_one2one,1
ENSG00000131508,UBE2D2,ENSMUSG00000091896,Ube2d2a,ortholog_one2one,1
ENSG00000054116,TRAPPC3,ENSMUSG00000028847,Trappc3,ortholog_one2one,1
ENSG00000130640,TUBGCP2,ENSMUSG00000025474,Tubgcp2,ortholog_one2one,1
ENSG00000130477,UNC13A,ENSMUSG00000034799,Unc13a,ortholog_one2one,1
ENSG00000166340,TPP1,ENSMUSG00000030894,Tpp1,ortholog_one2one,1
ENSG00000108828,VAT1,ENSMUSG00000034993,Vat1,ortholog_one2one,1
ENSG00000132274,TRIM22,ENSMUSG00000071089,Trim75,ortholog_one2one,0
ENSG00000277149,TYW1B,ENSMUSG00000056310,Tyw1,ortholog_one2many,1
ENSG00000056558,TRAF1,ENSMUSG00000026875,Traf1,ortholog_one2one,1
ENSG00000155158,TTC39B,ENSMUSG00000038172,Ttc39b,ortholog_one2one,1
ENSG00000105176,URI1,ENSMUSG00000030421,Uri1,ortholog_one2one,1
ENSG00000197415,VEPH1,ENSMUSG00000027831,Veph1,ortholog_one2one,1
ENSG00000102871,TRADD,ENSMUSG00000031887,Tradd,ortholog_one2one,1
ENSG00000127191,TRAF2,ENSMUSG00000026942,Traf2,ortholog_one2one,1
ENSG00000113312,TTC1,ENSMUSG00000041278,Ttc1,ortholog_one2one,1
ENSG00000133985,TTC9,ENSMUSG00000042734,Ttc9,ortholog_one2one,1
ENSG00000152818,UTRN,ENSMUSG00000019820,Utrn,ortholog_one2one,1
ENSG00000175274,TP53I11,ENSMUSG00000068735,Trp53i11,ortholog_one2one,1
ENSG00000115446,UNC50,ENSMUSG00000026111,Unc50,ortholog_one2one,1
ENSG00000026025,VIM,ENSMUSG00000026728,Vim,ortholog_one2one,1
ENSG00000049245,VAMP3,ENSMUSG00000028955,Vamp3,ortholog_one2one,1
ENSG00000167460,TPM4,ENSMUSG00000031799,Tpm4,ortholog_one2one,1
ENSG00000151461,UPF2,ENSMUSG00000043241,Upf2,ortholog_one2one,1
ENSG00000174173,TRMT10C,ENSMUSG00000044763,Trmt10c,ortholog_one2one,1
ENSG00000184182,UBE2F,ENSMUSG00000034343,Ube2f,ortholog_one2one,1
ENSG00000125733,TRIP10,ENSMUSG00000019487,Trip10,ortholog_one2one,1
ENSG00000141569,TRIM65,ENSMUSG00000054517,Trim65,ortholog_one2one,1
ENSG00000198467,TPM2,ENSMUSG00000028464,Tpm2,ortholog_one2one,1
ENSG00000198431,TXNRD1,ENSMUSG00000020250,Txnrd1,ortholog_one2one,1
ENSG00000109775,UFSP2,ENSMUSG00000031634,Ufsp2,ortholog_one2one,1
ENSG00000087077,TRIP6,ENSMUSG00000023348,Trip6,ortholog_one2one,1
ENSG00000109654,TRIM2,ENSMUSG00000027993,Trim2,ortholog_one2one,1
ENSG00000165832,TRUB1,ENSMUSG00000025086,Trub1,ortholog_one2one,1
ENSG00000103353,UBFD1,ENSMUSG00000030870,Ubfd1,ortholog_one2one,1
ENSG00000136878,USP20,ENSMUSG00000026854,Usp20,ortholog_one2one,1
ENSG00000175970,UNC119B,ENSMUSG00000046562,Unc119b,ortholog_one2one,1
ENSG00000182606,TRAK1,ENSMUSG00000032536,Trak1,ortholog_one2one,1
ENSG00000137473,TTC29,ENSMUSG00000037101,Ttc29,ortholog_one2one,1
ENSG00000121297,TSHZ3,ENSMUSG00000021217,Tshz3,ortholog_one2one,1
ENSG00000037042,TUBG2,ENSMUSG00000045007,Tubg2,ortholog_one2one,1
ENSG00000005379,TSPOAP1,ENSMUSG00000034156,Tspoap1,ortholog_one2one,1
ENSG00000113763,UNC5A,ENSMUSG00000025876,Unc5a,ortholog_one2one,1
ENSG00000158109,TPRG1L,ENSMUSG00000029030,Tprg1l,ortholog_one2one,1
ENSG00000177302,TOP3A,ENSMUSG00000002814,Top3a,ortholog_one2one,1
ENSG00000148154,UGCG,ENSMUSG00000028381,Ugcg,ortholog_one2one,1
ENSG00000083223,TUT7,ENSMUSG00000035248,Tut7,ortholog_one2one,1
ENSG00000130725,UBE2M,ENSMUSG00000005575,Ube2m,ortholog_one2one,1
ENSG00000058056,USP13,ENSMUSG00000056900,Usp13,ortholog_one2one,1
ENSG00000103197,TSC2,ENSMUSG00000002496,Tsc2,ortholog_one2one,1
ENSG00000188690,UROS,ENSMUSG00000030979,Uros,ortholog_one2one,1
ENSG00000112742,TTK,ENSMUSG00000038379,Ttk,ortholog_one2one,1
ENSG00000153066,TXNDC11,ENSMUSG00000022498,Txndc11,ortholog_one2one,1
ENSG00000167112,TRUB2,ENSMUSG00000039826,Trub2,ortholog_one2one,1
ENSG00000181029,TRAPPC5,ENSMUSG00000040236,Trappc5,ortholog_one2one,1
ENSG00000170242,USP47,ENSMUSG00000059263,Usp47,ortholog_one2one,1
ENSG00000197355,UAP1L1,ENSMUSG00000026956,Uap1l1,ortholog_one2one,1
ENSG00000221983,UBA52,ENSMUSG00000090137,Uba52,ortholog_one2many,1
ENSG00000221983,UBA52,ENSMUSG00000068240,Uba52rt,ortholog_one2many,0
ENSG00000111962,UST,ENSMUSG00000047712,Ust,ortholog_one2one,1
ENSG00000164548,TRA2A,ENSMUSG00000029817,Tra2a,ortholog_one2one,1
ENSG00000154277,UCHL1,ENSMUSG00000029223,Uchl1,ortholog_one2one,1
ENSG00000152503,TRIM36,ENSMUSG00000033949,Trim36,ortholog_one2one,1
ENSG00000074319,TSG101,ENSMUSG00000014402,Tsg101,ortholog_one2one,1
ENSG00000122779,TRIM24,ENSMUSG00000029833,Trim24,ortholog_one2one,1
ENSG00000198718,TOGARAM1,ENSMUSG00000035614,Togaram1,ortholog_one2one,1
ENSG00000133958,UNC79,ENSMUSG00000021198,Unc79,ortholog_one2one,1
ENSG00000167614,TTYH1,ENSMUSG00000030428,Ttyh1,ortholog_one2one,1
ENSG00000182247,UBE2E2,ENSMUSG00000058317,Ube2e2,ortholog_one2one,1
ENSG00000159202,UBE2Z,ENSMUSG00000014349,Ube2z,ortholog_one2one,1
ENSG00000118369,USP35,ENSMUSG00000035713,Usp35,ortholog_one2one,1
ENSG00000063244,U2AF2,ENSMUSG00000030435,U2af2,ortholog_one2one,1
ENSG00000100483,VCPKMT,ENSMUSG00000049882,Vcpkmt,ortholog_one2one,1
ENSG00000131462,TUBG1,ENSMUSG00000035198,Tubg1,ortholog_one2one,1
ENSG00000108312,UBTF,ENSMUSG00000020923,Ubtf,ortholog_one2one,1
ENSG00000162222,TTC9C,ENSMUSG00000071660,Ttc9c,ortholog_one2one,1
ENSG00000122958,VPS26A,ENSMUSG00000020078,Vps26a,ortholog_one2one,1
ENSG00000062716,VMP1,ENSMUSG00000018171,Vmp1,ortholog_one2one,1
ENSG00000171206,TRIM8,ENSMUSG00000025034,Trim8,ortholog_one2one,1
ENSG00000009335,UBE3C,ENSMUSG00000039000,Ube3c,ortholog_one2one,1
ENSG00000137288,UQCC2,ENSMUSG00000024208,Uqcc2,ortholog_one2one,1
ENSG00000151445,VIPAS39,ENSMUSG00000021038,Vipas39,ortholog_one2one,1
ENSG00000137285,TUBB2B,,,,NA
ENSG00000182168,UNC5C,ENSMUSG00000059921,Unc5c,ortholog_one2one,1
ENSG00000128564,VGF,ENSMUSG00000037428,Vgf,ortholog_one2one,1
ENSG00000134744,TUT4,ENSMUSG00000034610,Tut4,ortholog_one2one,1
ENSG00000176428,VPS37D,ENSMUSG00000043614,Vps37d,ortholog_one2one,1
ENSG00000072401,UBE2D1,ENSMUSG00000019927,Ube2d1,ortholog_one2one,1
ENSG00000138741,TRPC3,ENSMUSG00000027716,Trpc3,ortholog_one2one,1
ENSG00000108395,TRIM37,ENSMUSG00000018548,Trim37,ortholog_one2one,1
ENSG00000170185,USP38,ENSMUSG00000038250,Usp38,ortholog_one2one,1
ENSG00000136451,VEZF1,ENSMUSG00000018377,Vezf1,ortholog_one2one,1
ENSG00000165914,TTC7B,ENSMUSG00000033530,Ttc7b,ortholog_one2one,1
ENSG00000123144,TRIR,ENSMUSG00000041203,Trir,ortholog_one2one,1
ENSG00000042781,USH2A,ENSMUSG00000026609,Ush2a,ortholog_one2one,1
ENSG00000139719,VPS33A,ENSMUSG00000029434,Vps33a,ortholog_one2one,1
ENSG00000136527,TRA2B,ENSMUSG00000022858,Tra2b,ortholog_one2one,1
ENSG00000154127,UBASH3B,ENSMUSG00000032020,Ubash3b,ortholog_one2one,1
ENSG00000130338,TULP4,ENSMUSG00000034377,Tulp4,ortholog_one2one,1
ENSG00000143337,TOR1AIP1,ENSMUSG00000026466,Tor1aip1,ortholog_one2one,1
ENSG00000134215,VAV3,ENSMUSG00000033721,Vav3,ortholog_one2one,1
ENSG00000014123,UFL1,ENSMUSG00000040359,Ufl1,ortholog_one2one,1
ENSG00000169871,TRIM56,ENSMUSG00000043279,Trim56,ortholog_one2one,1
ENSG00000174521,TTC9B,ENSMUSG00000007944,Ttc9b,ortholog_one2one,1
ENSG00000162191,UBXN1,ENSMUSG00000071655,Ubxn1,ortholog_one2one,1
ENSG00000117533,VAMP4,ENSMUSG00000026696,Vamp4,ortholog_one2one,1
ENSG00000115993,TRAK2,ENSMUSG00000026028,Trak2,ortholog_one2one,1
ENSG00000146833,TRIM4,,,,NA
ENSG00000106608,URGCP,ENSMUSG00000049680,Urgcp,ortholog_one2one,1
ENSG00000198258,UBL5,ENSMUSG00000084786,Ubl5,ortholog_one2one,1
ENSG00000132478,UNK,ENSMUSG00000020770,Unk,ortholog_one2one,1
ENSG00000110344,UBE4A,ENSMUSG00000059890,Ube4a,ortholog_one2one,1
ENSG00000171368,TPPP,ENSMUSG00000021573,Tppp,ortholog_one2one,1
ENSG00000169021,UQCRFS1,ENSMUSG00000038462,Uqcrfs1,ortholog_one2one,0
ENSG00000163714,U2SURP,ENSMUSG00000032407,U2surp,ortholog_one2one,1
ENSG00000164405,UQCRQ,ENSMUSG00000044894,Uqcrq,ortholog_one2one,1
ENSG00000135093,USP30,ENSMUSG00000029592,Usp30,ortholog_one2one,1
ENSG00000077254,USP33,ENSMUSG00000025437,Usp33,ortholog_one2one,1
ENSG00000078902,TOLLIP,ENSMUSG00000025139,Tollip,ortholog_one2one,1
ENSG00000113621,TXNDC15,ENSMUSG00000021497,Txndc15,ortholog_one2one,1
ENSG00000121060,TRIM25,ENSMUSG00000000275,Trim25,ortholog_one2one,1
ENSG00000144357,UBR3,ENSMUSG00000044308,Ubr3,ortholog_one2one,1
ENSG00000123416,TUBA1B,ENSMUSG00000023004,Tuba1b,ortholog_one2one,1
ENSG00000120800,UTP20,ENSMUSG00000004356,Utp20,ortholog_one2one,1
ENSG00000141540,TTYH2,ENSMUSG00000034714,Ttyh2,ortholog_one2one,1
ENSG00000170892,TSEN34,ENSMUSG00000035585,Tsen34,ortholog_one2one,1
ENSG00000105698,USF2,ENSMUSG00000058239,Usf2,ortholog_one2one,1
ENSG00000141161,UNC45B,ENSMUSG00000018845,Unc45b,ortholog_one2one,1
ENSG00000123297,TSFM,ENSMUSG00000040521,Tsfm,ortholog_one2one,1
ENSG00000153827,TRIP12,ENSMUSG00000026219,Trip12,ortholog_one2one,1
ENSG00000111669,TPI1,ENSMUSG00000023456,Tpi1,ortholog_one2one,1
ENSG00000143367,TUFT1,ENSMUSG00000005968,Tuft1,ortholog_one2one,1
ENSG00000117862,TXNDC12,ENSMUSG00000028567,Txndc12,ortholog_one2one,1
ENSG00000187688,TRPV2,ENSMUSG00000018507,Trpv2,ortholog_one2one,1
ENSG00000132481,TRIM47,ENSMUSG00000020773,Trim47,ortholog_one2one,1
ENSG00000085982,USP40,ENSMUSG00000005501,Usp40,ortholog_one2one,1
ENSG00000156587,UBE2L6,ENSMUSG00000027078,Ube2l6,ortholog_one2one,1
ENSG00000129204,USP6,ENSMUSG00000000804,Usp32,ortholog_one2many,0
ENSG00000151502,VPS26B,ENSMUSG00000031988,Vps26b,ortholog_one2one,1
ENSG00000247596,TWF2,ENSMUSG00000023277,Twf2,ortholog_one2one,1
ENSG00000083290,ULK2,ENSMUSG00000004798,Ulk2,ortholog_one2one,1
ENSG00000196655,TRAPPC4,ENSMUSG00000032112,Trappc4,ortholog_one2one,1
ENSG00000114316,USP4,ENSMUSG00000032612,Usp4,ortholog_one2one,1
ENSG00000129235,TXNDC17,ENSMUSG00000020803,Txndc17,ortholog_one2one,1
ENSG00000175104,TRAF6,ENSMUSG00000027164,Traf6,ortholog_one2one,1
ENSG00000048707,VPS13D,ENSMUSG00000020220,Vps13d,ortholog_one2one,1
ENSG00000154914,USP43,ENSMUSG00000020905,Usp43,ortholog_one2one,1
ENSG00000135951,TSGA10,ENSMUSG00000060771,Tsga10,ortholog_one2one,1
ENSG00000131747,TOP2A,ENSMUSG00000020914,Top2a,ortholog_one2one,1
ENSG00000170043,TRAPPC1,ENSMUSG00000049299,Trappc1,ortholog_one2one,1
ENSG00000111237,VPS29,ENSMUSG00000029462,Vps29,ortholog_one2one,1
ENSG00000168026,TTC21A,ENSMUSG00000032514,Ttc21a,ortholog_one2one,1
ENSG00000177169,ULK1,ENSMUSG00000029512,Ulk1,ortholog_one2one,1
ENSG00000182179,UBA7,ENSMUSG00000032596,Uba7,ortholog_one2one,1
ENSG00000139722,VPS37B,ENSMUSG00000066278,Vps37b,ortholog_one2one,1
ENSG00000155657,TTN,ENSMUSG00000051747,Ttn,ortholog_one2one,1
ENSG00000114491,UMPS,ENSMUSG00000022814,Umps,ortholog_one2one,1
ENSG00000072756,TRNT1,ENSMUSG00000013736,Trnt1,ortholog_one2one,1
ENSG00000143514,TP53BP2,ENSMUSG00000026510,Trp53bp2,ortholog_one2one,1
ENSG00000211460,TSN,ENSMUSG00000026374,Tsn,ortholog_one2one,1
ENSG00000171853,TRAPPC12,ENSMUSG00000020628,Trappc12,ortholog_one2one,1
ENSG00000114383,TUSC2,ENSMUSG00000010054,Tusc2,ortholog_one2one,1
ENSG00000154174,TOMM70,ENSMUSG00000022752,Tomm70a,ortholog_one2one,1
ENSG00000168883,USP39,ENSMUSG00000056305,Usp39,ortholog_one2one,1
ENSG00000127481,UBR4,ENSMUSG00000066036,Ubr4,ortholog_one2one,1
ENSG00000116918,TSNAX,ENSMUSG00000056820,Tsnax,ortholog_one2one,1
ENSG00000213689,TREX1,ENSMUSG00000049734,Trex1,ortholog_one2one,1
ENSG00000115514,TXNDC9,ENSMUSG00000058407,Txndc9,ortholog_one2one,1
ENSG00000169764,UGP2,ENSMUSG00000001891,Ugp2,ortholog_one2one,1
ENSG00000158882,TOMM40L,ENSMUSG00000005674,Tomm40l,ortholog_one2one,1
ENSG00000215845,TSTD1,ENSMUSG00000103711,Tstd1,ortholog_one2one,1
ENSG00000265972,TXNIP,ENSMUSG00000038393,Txnip,ortholog_one2one,1
ENSG00000204104,TRAF3IP1,ENSMUSG00000034292,Traf3ip1,ortholog_one2one,1
ENSG00000127824,TUBA4A,ENSMUSG00000026202,Tuba4a,ortholog_one2one,1
ENSG00000115464,USP34,ENSMUSG00000056342,Usp34,ortholog_one2one,1
ENSG00000084652,TXLNA,ENSMUSG00000053841,Txlna,ortholog_one2one,1
ENSG00000116750,UCHL5,ENSMUSG00000018189,Uchl5,ortholog_one2one,1
ENSG00000144224,UBXN4,ENSMUSG00000026353,Ubxn4,ortholog_one2one,1
ENSG00000198860,TSEN15,ENSMUSG00000014980,Tsen15,ortholog_one2one,1
ENSG00000143569,UBAP2L,ENSMUSG00000042520,Ubap2l,ortholog_one2one,1
ENSG00000116830,TTF2,ENSMUSG00000033222,Ttf2,ortholog_one2one,1
ENSG00000143179,UCK2,ENSMUSG00000026558,Uck2,ortholog_one2one,1
ENSG00000171103,TRMT61B,,,,NA
ENSG00000119283,TRIM67,ENSMUSG00000036913,Trim67,ortholog_one2one,1
ENSG00000018699,TTC27,ENSMUSG00000024078,Ttc27,ortholog_one2one,1
ENSG00000144406,UNC80,ENSMUSG00000055567,Unc80,ortholog_one2one,1
ENSG00000243725,TTC4,ENSMUSG00000025413,Ttc4,ortholog_one2one,1
ENSG00000173726,TOMM20,ENSMUSG00000093904,Tomm20,ortholog_one2one,1
ENSG00000170035,UBE2E3,ENSMUSG00000027011,Ube2e3,ortholog_one2one,1
ENSG00000143258,USP21,ENSMUSG00000053483,Usp21,ortholog_one2one,1
ENSG00000047410,TPR,ENSMUSG00000006005,Tpr,ortholog_one2one,1
ENSG00000162738,VANGL2,ENSMUSG00000026556,Vangl2,ortholog_one2one,1
ENSG00000137941,TTLL7,ENSMUSG00000036745,Ttll7,ortholog_one2one,1
ENSG00000186283,TOR3A,ENSMUSG00000060519,Tor3a,ortholog_one2one,1
ENSG00000163462,TRIM46,ENSMUSG00000042766,Trim46,ortholog_one2one,1
ENSG00000173218,VANGL1,ENSMUSG00000027860,Vangl1,ortholog_one2one,1
ENSG00000169905,TOR1AIP2,ENSMUSG00000050565,Tor1aip2,ortholog_one2one,1
ENSG00000160803,UBQLN4,ENSMUSG00000008604,Ubqln4,ortholog_one2one,1
ENSG00000143222,UFC1,ENSMUSG00000062963,Ufc1,ortholog_one2one,1
ENSG00000085831,TTC39A,ENSMUSG00000028555,Ttc39a,ortholog_one2one,1
ENSG00000130939,UBE4B,ENSMUSG00000028960,Ube4b,ortholog_one2one,1
ENSG00000143549,TPM3,,,,NA
ENSG00000082512,TRAF5,ENSMUSG00000026637,Traf5,ortholog_one2one,1
ENSG00000162402,USP24,ENSMUSG00000028514,Usp24,ortholog_one2one,1
ENSG00000160714,UBE2Q1,ENSMUSG00000042572,Ube2q1,ortholog_one2one,1
ENSG00000197323,TRIM33,ENSMUSG00000033014,Trim33,ortholog_one2one,1
ENSG00000292372,WASH6P,,,,NA
ENSG00000281894,ZKSCAN7,,,,NA
ENSG00000281626,ZNF852,,,,NA
ENSG00000281526,ZNF546,,,,NA
ENSG00000281601,ZNF780B,,,,NA
ENSG00000285395,XYLT1,,,,NA
ENSG00000283883,VPS53,,,,NA
ENSG00000139800,ZIC5,ENSMUSG00000041703,Zic5,ortholog_one2one,1
ENSG00000291629,WDR73,,,,NA
ENSG00000288207,WASH3P,,,,NA
ENSG00000292232,ZNF598,,,,NA
ENSG00000284927,XKR6,,,,NA
ENSG00000285443,ZYX,,,,NA
ENSG00000283056,ZG16B,,,,NA
ENSG00000276021,WDR81,,,,NA
ENSG00000139668,WDFY2,ENSMUSG00000014547,Wdfy2,ortholog_one2one,1
ENSG00000274474,YWHAE,,,,NA
ENSG00000260903,XKR7,ENSMUSG00000042631,Xkr7,ortholog_one2one,1
ENSG00000247315,ZCCHC3,ENSMUSG00000074682,Zcchc3,ortholog_one2one,1
ENSG00000124203,ZNF831,ENSMUSG00000050600,Zfp831,ortholog_one2one,1
ENSG00000184617,ZNF840P,,,,NA
ENSG00000182484,WASH6P,ENSMUSG00000024101,Washc1,ortholog_one2many,1
ENSG00000132953,XPO4,ENSMUSG00000021952,Xpo4,ortholog_one2one,1
ENSG00000132950,ZMYM5,ENSMUSG00000040123,Zmym5,ortholog_one2one,1
ENSG00000091157,WDR7,ENSMUSG00000040560,Wdr7,ortholog_one2one,1
ENSG00000102763,VWA8,ENSMUSG00000058997,Vwa8,ortholog_one2one,1
ENSG00000278780,ZNF430,,,,NA
ENSG00000278091,ZNF85,,,,NA
ENSG00000275050,ZNF66,,,,NA
ENSG00000206579,XKR4,ENSMUSG00000051951,Xkr4,ortholog_one2one,1
ENSG00000185596,WASH3P,,,,NA
ENSG00000186496,ZNF396,,,,NA
ENSG00000225614,ZNF469,ENSMUSG00000043903,Zfp469,ortholog_one2one,0
ENSG00000171804,WDR87,,,,NA
ENSG00000119541,VPS4B,ENSMUSG00000009907,Vps4b,ortholog_one2one,1
ENSG00000283649,ZDBF2,,,,NA
ENSG00000180532,ZSCAN4,,,,NA
ENSG00000274746,ZNF100,,,,NA
ENSG00000130749,ZC3H4,ENSMUSG00000059273,Zc3h4,ortholog_one2one,1
ENSG00000188706,ZDHHC9,ENSMUSG00000036985,Zdhhc9,ortholog_one2one,1
ENSG00000197044,ZNF441,,,,NA
ENSG00000231205,ZNF826P,,,,NA
ENSG00000283009,ZNF436,,,,NA
ENSG00000196700,ZNF512B,ENSMUSG00000000823,Zfp512b,ortholog_one2one,1
ENSG00000275272,YTHDC1,,,,NA
ENSG00000100403,ZC3H7B,ENSMUSG00000022390,Zc3h7b,ortholog_one2one,1
ENSG00000197123,ZNF679,,,,NA
ENSG00000223614,ZNF735,,,,NA
ENSG00000101040,ZMYND8,ENSMUSG00000039671,Zmynd8,ortholog_one2one,1
ENSG00000225351,ZNF311,,,,NA
ENSG00000215421,ZNF407,ENSMUSG00000048410,Zfp407,ortholog_one2one,1
ENSG00000223687,ZNF311,,,,NA
ENSG00000147124,ZNF41,,,,NA
ENSG00000238203,VWA7,,,,NA
ENSG00000164924,YWHAZ,ENSMUSG00000022285,Ywhaz,ortholog_one2one,1
ENSG00000174276,ZNHIT2,ENSMUSG00000075227,Znhit2,ortholog_one2one,1
ENSG00000182362,YBEY,ENSMUSG00000033126,Ybey,ortholog_one2one,1
ENSG00000166140,ZFYVE19,ENSMUSG00000068580,Zfyve19,ortholog_one2one,1
ENSG00000123870,ZNF137P,,,,NA
ENSG00000288393,ZNF75CP,,,,NA
ENSG00000167962,ZNF598,ENSMUSG00000041130,Zfp598,ortholog_one2one,1
ENSG00000292196,ZNF185,,,,NA
ENSG00000175322,ZNF519,,,,NA
ENSG00000124201,ZNFX1,ENSMUSG00000039501,Znfx1,ortholog_one2one,1
ENSG00000268696,ZNF723,,,,NA
ENSG00000292221,WDR45,,,,NA
ENSG00000227144,VWA7,,,,NA
ENSG00000167380,ZNF226,ENSMUSG00000050605,Zfp61,ortholog_one2one,0
ENSG00000185947,ZNF267,,,,NA
ENSG00000186187,ZNRF1,ENSMUSG00000033545,Znrf1,ortholog_one2one,1
ENSG00000235178,ZNF311,,,,NA
ENSG00000167394,ZNF668,ENSMUSG00000049728,Zfp668,ortholog_one2one,1
ENSG00000065268,WDR18,ENSMUSG00000035754,Wdr18,ortholog_one2one,1
ENSG00000225590,VPS52,,,,NA
ENSG00000123200,ZC3H13,ENSMUSG00000022000,Zc3h13,ortholog_one2one,1
ENSG00000196693,ZNF33B,,,,NA
ENSG00000177082,WDR73,ENSMUSG00000025722,Wdr73,ortholog_one2one,1
ENSG00000171469,ZNF561,ENSMUSG00000053211,Zfy1,ortholog_many2many,0
ENSG00000171469,ZNF561,ENSMUSG00000000103,Zfy2,ortholog_many2many,0
ENSG00000196597,ZNF782,,,,NA
ENSG00000228425,VPS52,,,,NA
ENSG00000186300,ZNF555,ENSMUSG00000055150,Zfp78,ortholog_one2many,0
ENSG00000167232,ZNF91,,,,NA
ENSG00000230048,VWA7,,,,NA
ENSG00000131115,ZNF227,,,,NA
ENSG00000132970,WASF3,ENSMUSG00000029636,Wasf3,ortholog_one2one,1
ENSG00000104231,ZFAND1,ENSMUSG00000039795,Zfand1,ortholog_one2one,1
ENSG00000197933,ZNF823,,,,NA
ENSG00000176105,YES1,ENSMUSG00000014932,Yes1,ortholog_one2one,1
ENSG00000197013,ZNF429,ENSMUSG00000059839,Zfp874b,ortholog_many2many,0
ENSG00000197013,ZNF429,ENSMUSG00000078994,Zfp429,ortholog_many2many,0
ENSG00000197013,ZNF429,ENSMUSG00000051037,Zfp455,ortholog_many2many,0
ENSG00000197013,ZNF429,ENSMUSG00000069206,Zfp874a,ortholog_many2many,0
ENSG00000197013,ZNF429,ENSMUSG00000078995,Zfp456,ortholog_many2many,0
ENSG00000197013,ZNF429,ENSMUSG00000058900,Rsl1,ortholog_many2many,0
ENSG00000197013,ZNF429,ENSMUSG00000071291,Zfp58,ortholog_many2many,0
ENSG00000197013,ZNF429,ENSMUSG00000097333,Zfp87,ortholog_many2many,0
ENSG00000197013,ZNF429,ENSMUSG00000074824,Rslcan18,ortholog_many2many,0
ENSG00000130856,ZNF236,ENSMUSG00000041258,Zfp236,ortholog_one2one,1
ENSG00000189042,ZNF567,,,,NA
ENSG00000121413,ZSCAN18,ENSMUSG00000070822,Zscan18,ortholog_one2one,0
ENSG00000142528,ZNF473,ENSMUSG00000048012,Zfp473,ortholog_one2one,0
ENSG00000196998,WDR45,ENSMUSG00000039382,Wdr45,ortholog_one2one,1
ENSG00000085644,ZNF213,ENSMUSG00000071256,Zfp213,ortholog_one2one,1
ENSG00000182986,ZNF320,,,,NA
ENSG00000204396,VWA7,ENSMUSG00000007030,Vwa7,ortholog_one2one,1
ENSG00000188321,ZNF559,,,,NA
ENSG00000109445,ZNF330,ENSMUSG00000031711,Zfp330,ortholog_one2one,1
ENSG00000171827,ZNF570,ENSMUSG00000037001,Zfp39,ortholog_one2one,0
ENSG00000197050,ZNF420,ENSMUSG00000063047,Zfp780b,ortholog_one2many,0
ENSG00000197050,ZNF420,ENSMUSG00000011427,Zfp790,ortholog_one2many,0
ENSG00000223501,VPS52,ENSMUSG00000024319,Vps52,ortholog_one2one,1
ENSG00000235589,ZNF311,,,,NA
ENSG00000233831,ZNF311,,,,NA
ENSG00000223618,VPS52,,,,NA
ENSG00000156232,WHAMM,ENSMUSG00000045795,Whamm,ortholog_one2one,1
ENSG00000169260,ZNF311,,,,NA
ENSG00000234433,VWA7,,,,NA
ENSG00000223757,VWA7,,,,NA
ENSG00000221994,ZNF630,,,,NA
ENSG00000141664,ZCCHC2,ENSMUSG00000038866,Zcchc2,ortholog_one2one,1
ENSG00000178917,ZNF852,,,,NA
ENSG00000196419,XRCC6,ENSMUSG00000022471,Xrcc6,ortholog_one2one,1
ENSG00000236014,VPS52,,,,NA
ENSG00000204611,ZNF616,,,,NA
ENSG00000196632,WNK3,ENSMUSG00000041245,Wnk3,ortholog_one2one,1
ENSG00000224455,VPS52,,,,NA
ENSG00000172748,ZNF596,,,,NA
ENSG00000147118,ZNF182,ENSMUSG00000054737,Zfp182,ortholog_one2one,1
ENSG00000197363,ZNF517,ENSMUSG00000037007,Zfp113,ortholog_one2many,0
ENSG00000148143,ZNF462,ENSMUSG00000060206,Zfp462,ortholog_one2one,1
ENSG00000081386,ZNF510,,,,NA
ENSG00000171044,XKR6,ENSMUSG00000035067,Xkr6,ortholog_one2one,1
ENSG00000206286,VPS52,,,,NA
ENSG00000267041,ZNF850,,,,NA
ENSG00000136051,WASHC4,ENSMUSG00000034560,Washc4,ortholog_one2one,1
ENSG00000213799,ZNF845,ENSMUSG00000057396,Zfp759,ortholog_one2many,0
ENSG00000213799,ZNF845,ENSMUSG00000090641,Zfp712,ortholog_one2many,0
ENSG00000213799,ZNF845,ENSMUSG00000095432,Zfp748,ortholog_one2many,0
ENSG00000213799,ZNF845,ENSMUSG00000055480,Zfp458,ortholog_one2many,0
ENSG00000213799,ZNF845,ENSMUSG00000021510,Zfp729a,ortholog_one2many,0
ENSG00000213799,ZNF845,ENSMUSG00000058093,Zfp729b,ortholog_one2many,0
ENSG00000213799,ZNF845,ENSMUSG00000055560,Zfp459,ortholog_one2many,0
ENSG00000198453,ZNF568,,,,NA
ENSG00000160445,ZER1,ENSMUSG00000039686,Zer1,ortholog_one2one,1
ENSG00000102053,ZC3H12B,ENSMUSG00000035045,Zc3h12b,ortholog_one2one,1
ENSG00000196458,ZNF605,ENSMUSG00000023284,Zfp605,ortholog_one2one,1
ENSG00000256294,ZNF225,,,,NA
ENSG00000171817,ZNF540,,,,NA
ENSG00000171940,ZNF217,ENSMUSG00000052056,Zfp217,ortholog_one2one,1
ENSG00000198185,ZNF334,ENSMUSG00000017667,Zfp334,ortholog_one2one,1
ENSG00000198040,ZNF84,,,,NA
ENSG00000120963,ZNF706,ENSMUSG00000062397,Zfp706,ortholog_one2one,1
ENSG00000174851,YIF1A,ENSMUSG00000024875,Yif1a,ortholog_one2one,1
ENSG00000196363,WDR5,ENSMUSG00000026917,Wdr5,ortholog_one2one,1
ENSG00000128245,YWHAH,ENSMUSG00000018965,Ywhah,ortholog_one2one,1
ENSG00000213762,ZNF134,ENSMUSG00000053211,Zfy1,ortholog_many2many,0
ENSG00000213762,ZNF134,ENSMUSG00000000103,Zfy2,ortholog_many2many,0
ENSG00000181704,YIPF6,ENSMUSG00000047694,Yipf6,ortholog_one2one,1
ENSG00000214655,ZSWIM8,ENSMUSG00000021819,Zswim8,ortholog_one2one,1
ENSG00000166913,YWHAB,ENSMUSG00000018326,Ywhab,ortholog_one2one,1
ENSG00000106636,YKT6,ENSMUSG00000002741,Ykt6,ortholog_one2one,1
ENSG00000204604,ZNF468,,,,NA
ENSG00000196757,ZNF700,ENSMUSG00000052446,Zfp961,ortholog_one2one,0
ENSG00000139131,YARS2,ENSMUSG00000022792,Yars2,ortholog_one2one,1
ENSG00000088930,XRN2,ENSMUSG00000027433,Xrn2,ortholog_one2one,1
ENSG00000165156,ZHX1,ENSMUSG00000022361,Zhx1,ortholog_one2one,1
ENSG00000118620,ZNF430,,,,NA
ENSG00000196867,ZFP28,ENSMUSG00000062861,Zfp28,ortholog_one2one,1
ENSG00000095397,WHRN,ENSMUSG00000039137,Whrn,ortholog_one2one,1
ENSG00000101940,WDR13,ENSMUSG00000031166,Wdr13,ortholog_one2one,1
ENSG00000180257,ZNF816,,,,NA
ENSG00000176024,ZNF613,,,,NA
ENSG00000120784,ZFP30,ENSMUSG00000047473,Zfp30,ortholog_one2one,1
ENSG00000147130,ZMYM3,ENSMUSG00000031310,Zmym3,ortholog_one2one,1
ENSG00000122299,ZC3H7A,ENSMUSG00000037965,Zc3h7a,ortholog_one2one,1
ENSG00000175155,YPEL2,ENSMUSG00000018427,Ypel2,ortholog_one2one,1
ENSG00000119596,YLPM1,ENSMUSG00000021244,Ylpm1,ortholog_one2one,1
ENSG00000160229,ZNF66,,,,NA
ENSG00000009844,VTA1,ENSMUSG00000019868,Vta1,ortholog_one2one,1
ENSG00000235109,ZSCAN31,,,,NA
ENSG00000132612,VPS4A,ENSMUSG00000031913,Vps4a,ortholog_one2one,1
ENSG00000103489,XYLT1,ENSMUSG00000030657,Xylt1,ortholog_one2one,1
ENSG00000187187,ZNF546,,,,NA
ENSG00000152475,ZNF837,ENSMUSG00000053211,Zfy1,ortholog_many2many,0
ENSG00000152475,ZNF837,ENSMUSG00000000103,Zfy2,ortholog_many2many,0
ENSG00000110002,VWA5A,ENSMUSG00000023186,Vwa5a,ortholog_one2many,0
ENSG00000110002,VWA5A,ENSMUSG00000038112,AW551984,ortholog_one2many,1
ENSG00000170949,ZNF160,ENSMUSG00000067942,Zfp160,ortholog_one2many,0
ENSG00000100568,VTI1B,ENSMUSG00000021124,Vti1b,ortholog_one2one,1
ENSG00000131848,ZSCAN5A,ENSMUSG00000058028,Zscan5b,ortholog_one2many,0
ENSG00000198182,ZNF607,,,,NA
ENSG00000147394,ZNF185,ENSMUSG00000031351,Zfp185,ortholog_one2one,0
ENSG00000256087,ZNF432,,,,NA
ENSG00000167562,ZNF701,,,,NA
ENSG00000197779,ZNF81,,,,NA
ENSG00000118965,WDR35,ENSMUSG00000066643,Wdr35,ortholog_one2one,1
ENSG00000197279,ZNF165,,,,NA
ENSG00000245680,ZNF585B,,,,NA
ENSG00000162300,ZFPL1,ENSMUSG00000024792,Zfpl1,ortholog_one2one,1
ENSG00000124459,ZNF45,ENSMUSG00000074282,Zfp94,ortholog_one2one,1
ENSG00000167395,ZNF646,ENSMUSG00000049739,Zfp646,ortholog_one2one,1
ENSG00000196236,XPNPEP3,ENSMUSG00000022401,Xpnpep3,ortholog_one2one,1
ENSG00000196466,ZNF799,,,,NA
ENSG00000173875,ZNF791,ENSMUSG00000074194,Zfp791,ortholog_one2one,1
ENSG00000127580,WDR24,ENSMUSG00000025737,Wdr24,ortholog_one2one,1
ENSG00000132821,VSTM2L,ENSMUSG00000037843,Vstm2l,ortholog_one2one,1
ENSG00000130684,ZNF337,ENSMUSG00000055150,Zfp78,ortholog_one2many,0
ENSG00000148516,ZEB1,ENSMUSG00000024238,Zeb1,ortholog_one2one,1
ENSG00000047597,XK,ENSMUSG00000015342,Xk,ortholog_one2one,1
ENSG00000173275,ZNF449,ENSMUSG00000073176,Zfp449,ortholog_one2one,1
ENSG00000263002,ZNF234,,,,NA
ENSG00000163812,ZDHHC3,ENSMUSG00000025786,Zdhhc3,ortholog_one2one,1
ENSG00000164684,ZNF704,ENSMUSG00000040209,Zfp704,ortholog_one2one,1
ENSG00000164631,ZNF12,ENSMUSG00000029587,Zfp12,ortholog_one2one,1
ENSG00000197020,ZNF100,,,,NA
ENSG00000105248,YJU2,ENSMUSG00000003208,Yju2,ortholog_one2one,1
ENSG00000165633,VSTM4,ENSMUSG00000050666,Vstm4,ortholog_one2one,1
ENSG00000182903,ZNF721,ENSMUSG00000058402,Zfp420,ortholog_one2one,0
ENSG00000197863,ZNF790,,,,NA
ENSG00000196214,ZNF766,,,,NA
ENSG00000197360,ZNF98,,,,NA
ENSG00000196793,ZNF239,ENSMUSG00000042097,Zfp239,ortholog_one2one,0
ENSG00000164961,WASHC5,ENSMUSG00000022350,Washc5,ortholog_one2one,1
ENSG00000174652,ZNF266,ENSMUSG00000060510,Zfp266,ortholog_one2one,0
ENSG00000149658,YTHDF1,ENSMUSG00000038848,Ythdf1,ortholog_one2one,1
ENSG00000186376,ZNF75D,,,,NA
ENSG00000101966,XIAP,ENSMUSG00000025860,Xiap,ortholog_one2one,1
ENSG00000072121,ZFYVE26,ENSMUSG00000066440,Zfyve26,ortholog_one2one,1
ENSG00000157954,WIPI2,ENSMUSG00000029578,Wipi2,ortholog_one2one,1
ENSG00000075292,ZNF638,ENSMUSG00000030016,Zfp638,ortholog_one2one,1
ENSG00000198315,ZKSCAN8,ENSMUSG00000063894,Zkscan8,ortholog_one2one,1
ENSG00000099904,ZDHHC8,ENSMUSG00000060166,Zdhhc8,ortholog_one2one,1
ENSG00000175048,ZDHHC14,ENSMUSG00000034265,Zdhhc14,ortholog_one2one,1
ENSG00000167766,ZNF83,,,,NA
ENSG00000083896,YTHDC1,ENSMUSG00000035851,Ythdc1,ortholog_one2one,1
ENSG00000156599,ZDHHC5,ENSMUSG00000034075,Zdhhc5,ortholog_one2one,1
ENSG00000171467,ZNF318,ENSMUSG00000015597,Zfp318,ortholog_one2one,1
ENSG00000100811,YY1,ENSMUSG00000021264,Yy1,ortholog_one2one,1
ENSG00000185252,ZNF74,,,,NA
ENSG00000132471,WBP2,ENSMUSG00000034341,Wbp2,ortholog_one2one,1
ENSG00000119725,ZNF410,ENSMUSG00000042472,Zfp410,ortholog_one2one,1
ENSG00000105875,WDR91,ENSMUSG00000058486,Wdr91,ortholog_one2one,1
ENSG00000155256,ZFYVE27,ENSMUSG00000018820,Zfyve27,ortholog_one2one,1
ENSG00000165392,WRN,ENSMUSG00000031583,Wrn,ortholog_one2one,1
ENSG00000182348,ZNF804B,ENSMUSG00000092094,Zfp804b,ortholog_one2one,1
ENSG00000186020,ZNF529,,,,NA
ENSG00000186153,WWOX,ENSMUSG00000004637,Wwox,ortholog_one2one,1
ENSG00000198597,ZNF536,ENSMUSG00000043456,Zfp536,ortholog_one2one,1
ENSG00000047644,WWC3,,,,NA
ENSG00000171475,WIPF2,ENSMUSG00000038013,Wipf2,ortholog_one2one,1
ENSG00000198633,ZNF534,,,,NA
ENSG00000100711,ZFYVE21,ENSMUSG00000021286,Zfyve21,ortholog_one2one,1
ENSG00000165861,ZFYVE1,ENSMUSG00000042628,Zfyve1,ortholog_one2one,1
ENSG00000186908,ZDHHC17,ENSMUSG00000035798,Zdhhc17,ortholog_one2one,1
ENSG00000159915,ZNF233,ENSMUSG00000030486,Zfp108,ortholog_one2many,0
ENSG00000159915,ZNF233,ENSMUSG00000074283,Zfp109,ortholog_one2many,0
ENSG00000159915,ZNF233,ENSMUSG00000055305,Zfp93,ortholog_one2many,0
ENSG00000159915,ZNF233,ENSMUSG00000068962,Zfp114,ortholog_one2many,0
ENSG00000159915,ZNF233,ENSMUSG00000047603,Zfp235,ortholog_one2many,0
ENSG00000198482,ZNF808,,,,NA
ENSG00000086827,ZW10,ENSMUSG00000032264,Zw10,ortholog_one2one,1
ENSG00000085449,WDFY1,ENSMUSG00000073643,Wdfy1,ortholog_one2one,1
ENSG00000136866,ZFP37,ENSMUSG00000028389,Zfp37,ortholog_one2one,1
ENSG00000179930,ZNF648,ENSMUSG00000066797,Zfp648,ortholog_one2one,1
ENSG00000140836,ZFHX3,ENSMUSG00000038872,Zfhx3,ortholog_one2one,1
ENSG00000015532,XYLT2,ENSMUSG00000020868,Xylt2,ortholog_one2one,1
ENSG00000184635,ZNF93,,,,NA
ENSG00000180667,YOD1,ENSMUSG00000046404,Yod1,ortholog_one2one,1
ENSG00000104427,ZC2HC1A,ENSMUSG00000043542,Zc2hc1a,ortholog_one2one,1
ENSG00000188177,ZC3H6,ENSMUSG00000042851,Zc3h6,ortholog_one2one,1
ENSG00000131725,WDR44,ENSMUSG00000036769,Wdr44,ortholog_one2one,1
ENSG00000158125,XDH,ENSMUSG00000024066,Xdh,ortholog_one2one,1
ENSG00000173545,ZNF622,ENSMUSG00000052253,Zfp622,ortholog_one2one,1
ENSG00000119703,ZC2HC1C,ENSMUSG00000045064,Zc2hc1c,ortholog_one2one,1
ENSG00000105750,ZNF85,ENSMUSG00000057842,Zfp595,ortholog_many2many,0
ENSG00000105750,ZNF85,ENSMUSG00000055341,Zfp457,ortholog_many2many,0
ENSG00000105750,ZNF85,ENSMUSG00000098905,Zfp953,ortholog_many2many,0
ENSG00000105750,ZNF85,ENSMUSG00000048280,Zfp738,ortholog_many2many,0
ENSG00000147789,ZNF7,ENSMUSG00000033669,Zfp7,ortholog_one2one,1
ENSG00000197362,ZNF786,ENSMUSG00000051499,Zfp786,ortholog_one2one,1
ENSG00000185453,ZSWIM9,ENSMUSG00000070814,Zswim9,ortholog_one2one,1
ENSG00000145908,ZNF300,,,,NA
ENSG00000186272,ZNF17,,,,NA
ENSG00000114127,XRN1,ENSMUSG00000032410,Xrn1,ortholog_one2one,1
ENSG00000181894,ZNF329,ENSMUSG00000057894,Zfp329,ortholog_one2one,1
ENSG00000159885,ZNF222,,,,NA
ENSG00000261221,ZNF865,ENSMUSG00000074405,Zfp865,ortholog_one2one,1
ENSG00000185650,ZFP36L1,ENSMUSG00000021127,Zfp36l1,ortholog_one2one,1
ENSG00000251369,ZNF550,,,,NA
ENSG00000167645,YIF1B,ENSMUSG00000030588,Yif1b,ortholog_one2one,1
ENSG00000173041,ZNF680,,,,NA
ENSG00000127081,ZNF484,,,,NA
ENSG00000023041,ZDHHC6,ENSMUSG00000024982,Zdhhc6,ortholog_one2one,1
ENSG00000140153,WDR20,ENSMUSG00000037957,Wdr20,ortholog_one2many,1
ENSG00000140153,WDR20,ENSMUSG00000035560,Wdr20rt,ortholog_one2many,0
ENSG00000138311,ZNF365,ENSMUSG00000037855,Zfp365,ortholog_one2one,1
ENSG00000175267,VWA3A,ENSMUSG00000030889,Vwa3a,ortholog_one2one,1
ENSG00000165238,WNK2,ENSMUSG00000037989,Wnk2,ortholog_one2one,1
ENSG00000151532,VTI1A,ENSMUSG00000024983,Vti1a,ortholog_one2one,1
ENSG00000198429,ZNF69,ENSMUSG00000055150,Zfp78,ortholog_one2many,0
ENSG00000250312,ZNF718,,,,NA
ENSG00000163625,WDFY3,ENSMUSG00000043940,Wdfy3,ortholog_one2one,1
ENSG00000151718,WWC2,ENSMUSG00000031563,Wwc2,ortholog_one2one,1
ENSG00000006194,ZNF263,ENSMUSG00000022529,Zfp263,ortholog_one2one,1
ENSG00000196605,ZNF846,,,,NA
ENSG00000145817,YIPF5,ENSMUSG00000024487,Yipf5,ortholog_one2one,1
ENSG00000196263,ZNF471,,,,NA
ENSG00000267508,ZNF285,,,,NA
ENSG00000169085,VXN,ENSMUSG00000067879,Vxn,ortholog_one2one,1
ENSG00000159840,ZYX,ENSMUSG00000029860,Zyx,ortholog_one2one,1
ENSG00000164091,WDR82,ENSMUSG00000020257,Wdr82,ortholog_one2one,1
ENSG00000141580,WDR45B,ENSMUSG00000025173,Wdr45b,ortholog_one2one,1
ENSG00000198028,ZNF560,ENSMUSG00000055150,Zfp78,ortholog_one2many,0
ENSG00000172661,WASHC2C,ENSMUSG00000024104,Washc2,ortholog_one2many,1
ENSG00000139168,ZCRB1,ENSMUSG00000022635,Zcrb1,ortholog_one2one,1
ENSG00000123124,WWP1,ENSMUSG00000041058,Wwp1,ortholog_one2one,1
ENSG00000242852,ZNF709,,,,NA
ENSG00000108175,ZMIZ1,ENSMUSG00000007817,Zmiz1,ortholog_one2one,1
ENSG00000039319,ZFYVE16,,,,NA
ENSG00000143067,ZNF697,ENSMUSG00000050064,Zfp697,ortholog_one2one,1
ENSG00000166188,ZNF319,ENSMUSG00000046556,Zfp319,ortholog_one2one,1
ENSG00000157796,WDR19,ENSMUSG00000037890,Wdr19,ortholog_one2one,1
ENSG00000137871,ZNF280D,ENSMUSG00000038535,Zfp280d,ortholog_one2one,1
ENSG00000108039,XPNPEP1,ENSMUSG00000025027,Xpnpep1,ortholog_one2one,1
ENSG00000267680,ZNF224,,,,NA
ENSG00000196387,ZNF140,,,,NA
ENSG00000166526,ZNF3,,,,NA
ENSG00000108953,YWHAE,ENSMUSG00000020849,Ywhae,ortholog_one2one,1
ENSG00000177842,ZNF620,,,,NA
ENSG00000100749,VRK1,ENSMUSG00000021115,Vrk1,ortholog_one2one,1
ENSG00000160352,ZNF714,,,,NA
ENSG00000161551,ZNF577,,,,NA
ENSG00000171291,ZNF439,ENSMUSG00000055150,Zfp78,ortholog_one2many,0
ENSG00000126562,WNK4,ENSMUSG00000035112,Wnk4,ortholog_one2one,1
ENSG00000198298,ZNF485,,,,NA
ENSG00000164253,WDR41,ENSMUSG00000042015,Wdr41,ortholog_one2one,1
ENSG00000019995,ZRANB1,ENSMUSG00000030967,Zranb1,ortholog_one2one,1
ENSG00000185728,YTHDF3,ENSMUSG00000047213,Ythdf3,ortholog_one2one,1
ENSG00000182318,ZSCAN22,ENSMUSG00000054715,Zscan22,ortholog_one2one,1
ENSG00000167554,ZNF610,ENSMUSG00000053211,Zfy1,ortholog_many2many,0
ENSG00000167554,ZNF610,ENSMUSG00000000103,Zfy2,ortholog_many2many,0
ENSG00000166793,YPEL4,ENSMUSG00000034059,Ypel4,ortholog_one2one,1
ENSG00000198464,ZNF480,ENSMUSG00000053211,Zfy1,ortholog_many2many,0
ENSG00000198464,ZNF480,ENSMUSG00000000103,Zfy2,ortholog_many2many,0
ENSG00000130227,XPO7,ENSMUSG00000022100,Xpo7,ortholog_one2one,1
ENSG00000158545,ZC3H18,ENSMUSG00000017478,Zc3h18,ortholog_one2one,1
ENSG00000005801,ZNF195,ENSMUSG00000059839,Zfp874b,ortholog_many2many,0
ENSG00000005801,ZNF195,ENSMUSG00000078994,Zfp429,ortholog_many2many,0
ENSG00000005801,ZNF195,ENSMUSG00000051037,Zfp455,ortholog_many2many,0
ENSG00000005801,ZNF195,ENSMUSG00000069206,Zfp874a,ortholog_many2many,0
ENSG00000005801,ZNF195,ENSMUSG00000078995,Zfp456,ortholog_many2many,0
ENSG00000005801,ZNF195,ENSMUSG00000058900,Rsl1,ortholog_many2many,0
ENSG00000005801,ZNF195,ENSMUSG00000071291,Zfp58,ortholog_many2many,0
ENSG00000005801,ZNF195,ENSMUSG00000097333,Zfp87,ortholog_many2many,0
ENSG00000005801,ZNF195,ENSMUSG00000074824,Rslcan18,ortholog_many2many,0
ENSG00000136367,ZFHX2,ENSMUSG00000040721,Zfhx2,ortholog_one2one,1
ENSG00000173950,XXYLT1,ENSMUSG00000047434,Xxylt1,ortholog_one2one,1
ENSG00000166359,WDR88,ENSMUSG00000118454,Wdr88,ortholog_one2one,0
ENSG00000062650,WAPL,ENSMUSG00000041408,Wapl,ortholog_one2one,1
ENSG00000141252,VPS53,ENSMUSG00000017288,Vps53,ortholog_one2one,1
ENSG00000130544,ZNF557,,,,NA
ENSG00000197935,ZNF311,,,,NA
ENSG00000197857,ZNF44,,,,NA
ENSG00000170027,YWHAG,ENSMUSG00000051391,Ywhag,ortholog_one2one,1
ENSG00000165424,ZCCHC24,ENSMUSG00000055538,Zcchc24,ortholog_one2one,1
ENSG00000124571,XPO5,ENSMUSG00000067150,Xpo5,ortholog_one2one,1
ENSG00000112290,WASF1,ENSMUSG00000019831,Wasf1,ortholog_one2one,1
ENSG00000157077,ZFYVE9,ENSMUSG00000034557,Zfyve9,ortholog_one2one,1
ENSG00000110799,VWF,ENSMUSG00000001930,Vwf,ortholog_one2one,1
ENSG00000180233,ZNRF2,ENSMUSG00000058446,Znrf2,ortholog_one2one,1
ENSG00000178252,WDR6,ENSMUSG00000066357,Wdr6,ortholog_one2one,1
ENSG00000204920,ZNF155,,,,NA
ENSG00000103091,WDR59,ENSMUSG00000031959,Wdr59,ortholog_one2one,1
ENSG00000075407,ZNF37A,,,,NA
ENSG00000075399,VPS9D1,ENSMUSG00000001062,Vps9d1,ortholog_one2one,1
ENSG00000056097,ZFR,ENSMUSG00000022201,Zfr,ortholog_one2one,1
ENSG00000188730,VWC2,ENSMUSG00000050830,Vwc2,ortholog_one2one,1
ENSG00000166704,ZNF606,ENSMUSG00000030386,Zfp606,ortholog_one2one,1
ENSG00000170419,VSTM2A,ENSMUSG00000048834,Vstm2a,ortholog_one2one,1
ENSG00000047188,YTHDC2,ENSMUSG00000034653,Ythdc2,ortholog_one2one,1
ENSG00000196646,ZNF136,,,,NA
ENSG00000062370,ZNF112,ENSMUSG00000087598,Zfp111,ortholog_one2one,0
ENSG00000174776,WDR49,ENSMUSG00000104301,Wdr49,ortholog_one2one,1
ENSG00000131849,ZNF132,,,,NA
ENSG00000136758,YME1L1,ENSMUSG00000026775,Yme1l1,ortholog_one2one,1
ENSG00000197016,ZNF470,,,,NA
ENSG00000197841,ZNF181,,,,NA
ENSG00000178386,ZNF223,,,,NA
ENSG00000105278,ZFR2,ENSMUSG00000034949,Zfr2,ortholog_one2one,1
ENSG00000198373,WWP2,ENSMUSG00000031930,Wwp2,ortholog_one2one,1
ENSG00000156931,VPS8,ENSMUSG00000033653,Vps8,ortholog_one2one,1
ENSG00000136709,WDR33,ENSMUSG00000024400,Wdr33,ortholog_one2one,1
ENSG00000103199,ZNF500,,,,NA
ENSG00000099290,WASHC2A,ENSMUSG00000024104,Washc2,ortholog_one2many,1
ENSG00000102870,ZNF629,ENSMUSG00000045639,Zfp629,ortholog_one2one,1
ENSG00000151612,ZNF827,ENSMUSG00000071064,Zfp827,ortholog_one2one,1
ENSG00000071127,WDR1,ENSMUSG00000005103,Wdr1,ortholog_one2one,1
ENSG00000196267,ZNF836,,,,NA
ENSG00000169064,ZBBX,ENSMUSG00000034151,Zbbx,ortholog_one2one,0
ENSG00000170954,ZNF415,,,,NA
ENSG00000130818,ZNF426,ENSMUSG00000059475,Zfp426,ortholog_one2one,1
ENSG00000171970,ZNF57,,,,NA
ENSG00000120008,WDR11,ENSMUSG00000042055,Wdr11,ortholog_one2one,1
ENSG00000128815,WDFY4,ENSMUSG00000051506,Wdfy4,ortholog_one2one,1
ENSG00000159733,ZFYVE28,ENSMUSG00000037224,Zfyve28,ortholog_one2one,1
ENSG00000113645,WWC1,ENSMUSG00000018849,Wwc1,ortholog_one2one,1
ENSG00000187626,ZKSCAN4,ENSMUSG00000054931,Zkscan4,ortholog_one2many,1
ENSG00000187626,ZKSCAN4,ENSMUSG00000021327,Zkscan3,ortholog_one2many,0
ENSG00000074755,ZZEF1,ENSMUSG00000055670,Zzef1,ortholog_one2one,1
ENSG00000165244,ZNF367,ENSMUSG00000044934,Zfp367,ortholog_one2one,1
ENSG00000162078,ZG16B,ENSMUSG00000024125,Sbpl,ortholog_one2one,0
ENSG00000133858,ZFC3H1,ENSMUSG00000034163,Zfc3h1,ortholog_one2one,1
ENSG00000159917,ZNF235,,,,NA
ENSG00000170684,ZNF296,ENSMUSG00000011267,Zfp296,ortholog_one2one,1
ENSG00000179059,ZFP42,ENSMUSG00000051176,Zfp42,ortholog_one2one,1
ENSG00000160321,ZNF208,,,,NA
ENSG00000204947,ZNF425,,,,NA
ENSG00000140105,WARS1,ENSMUSG00000021266,Wars1,ortholog_one2one,1
ENSG00000227124,ZNF717,,,,NA
ENSG00000134308,YWHAQ,ENSMUSG00000076432,Ywhaq,ortholog_one2one,1
ENSG00000128000,ZNF780B,,,,NA
ENSG00000257446,ZNF878,ENSMUSG00000054519,Zfp867,ortholog_one2one,0
ENSG00000196081,ZNF724,ENSMUSG00000057842,Zfp595,ortholog_many2many,0
ENSG00000196081,ZNF724,ENSMUSG00000055341,Zfp457,ortholog_many2many,0
ENSG00000196081,ZNF724,ENSMUSG00000098905,Zfp953,ortholog_many2many,0
ENSG00000196081,ZNF724,ENSMUSG00000048280,Zfp738,ortholog_many2many,0
ENSG00000184575,XPOT,ENSMUSG00000034667,Xpot,ortholog_one2one,1
ENSG00000083844,ZNF264,,,,NA
ENSG00000175395,ZNF25,ENSMUSG00000072623,Zfp9,ortholog_one2one,1
ENSG00000132485,ZRANB2,ENSMUSG00000028180,Zranb2,ortholog_one2one,1
ENSG00000109501,WFS1,ENSMUSG00000039474,Wfs1,ortholog_one2one,1
ENSG00000178163,ZNF518B,ENSMUSG00000046572,Zfp518b,ortholog_one2one,1
ENSG00000047056,WDR37,ENSMUSG00000021147,Wdr37,ortholog_one2one,1
ENSG00000168658,VWA3B,ENSMUSG00000050122,Vwa3b,ortholog_one2one,1
ENSG00000272602,ZNF595,,,,NA
ENSG00000082898,XPO1,ENSMUSG00000020290,Xpo1,ortholog_one2one,1
ENSG00000109917,ZPR1,ENSMUSG00000032078,Zpr1,ortholog_one2one,1
ENSG00000188033,ZNF490,,,,NA
ENSG00000146007,ZMAT2,ENSMUSG00000001383,Zmat2,ortholog_one2one,1
ENSG00000150627,WDR17,ENSMUSG00000039375,Wdr17,ortholog_one2one,1
ENSG00000250067,YJEFN3,ENSMUSG00000048967,Yjefn3,ortholog_one2one,1
ENSG00000002745,WNT16,ENSMUSG00000029671,Wnt16,ortholog_one2one,1
ENSG00000167625,ZNF526,ENSMUSG00000046541,Zfp526,ortholog_one2one,1
ENSG00000198131,ZNF544,,,,NA
ENSG00000196345,ZKSCAN7,ENSMUSG00000063488,Zkscan7,ortholog_one2one,1
ENSG00000196151,WDSUB1,ENSMUSG00000026988,Wdsub1,ortholog_one2one,1
ENSG00000197961,ZNF121,ENSMUSG00000045519,Zfp560,ortholog_one2one,0
ENSG00000167637,ZNF283,,,,NA
ENSG00000120860,WASHC3,ENSMUSG00000020056,Washc3,ortholog_one2one,1
ENSG00000060237,WNK1,ENSMUSG00000045962,Wnk1,ortholog_one2one,1
ENSG00000166529,ZSCAN21,ENSMUSG00000037017,Zscan21,ortholog_one2one,1
ENSG00000142784,WDTC1,ENSMUSG00000037622,Wdtc1,ortholog_one2one,1
ENSG00000004766,VPS50,ENSMUSG00000001376,Vps50,ortholog_one2one,1
ENSG00000163159,VPS72,ENSMUSG00000008958,Vps72,ortholog_one2one,1
ENSG00000115935,WIPF1,ENSMUSG00000075284,Wipf1,ortholog_one2one,1
ENSG00000010244,ZNF207,ENSMUSG00000017421,Zfp207,ortholog_one2one,1
ENSG00000105939,ZC3HAV1,ENSMUSG00000029826,Zc3hav1,ortholog_one2one,1
ENSG00000177311,ZBTB38,ENSMUSG00000040433,Zbtb38,ortholog_one2one,1
ENSG00000106299,WASL,ENSMUSG00000029684,Wasl,ortholog_one2one,1
ENSG00000177932,ZNF354C,ENSMUSG00000044807,Zfp354c,ortholog_one2one,1
ENSG00000221923,ZNF880,,,,NA
ENSG00000198039,ZNF273,,,,NA
ENSG00000196670,ZFP62,ENSMUSG00000046311,Zfp62,ortholog_one2one,1
ENSG00000243943,ZNF512,ENSMUSG00000062761,Zfp512,ortholog_one2one,1
ENSG00000149823,VPS51,ENSMUSG00000024797,Vps51,ortholog_one2one,1
ENSG00000196449,YRDC,ENSMUSG00000028889,Yrdc,ortholog_one2one,1
ENSG00000167716,WDR81,ENSMUSG00000045374,Wdr81,ortholog_one2one,1
ENSG00000180479,ZNF571,,,,NA
ENSG00000166860,ZBTB39,ENSMUSG00000044617,Zbtb39,ortholog_one2one,1
ENSG00000090612,ZNF268,,,,NA
ENSG00000122574,WIPF3,ENSMUSG00000086040,Wipf3,ortholog_one2one,1
ENSG00000197343,ZNF655,ENSMUSG00000007812,Zfp655,ortholog_one2one,1
ENSG00000145198,VWA5B2,ENSMUSG00000046613,Vwa5b2,ortholog_one2one,1
ENSG00000204186,ZDBF2,ENSMUSG00000027520,Zdbf2,ortholog_one2one,0
ENSG00000175213,ZNF408,ENSMUSG00000075040,Zfp408,ortholog_one2one,1
ENSG00000065548,ZC3H15,ENSMUSG00000027091,Zc3h15,ortholog_one2one,1
ENSG00000185219,ZNF445,ENSMUSG00000047036,Zfp445,ortholog_one2one,1
ENSG00000127337,YEATS4,ENSMUSG00000020171,Yeats4,ortholog_one2one,1
ENSG00000109072,VTN,ENSMUSG00000017344,Vtn,ortholog_one2one,1
ENSG00000187815,ZFP69,ENSMUSG00000064141,Zfp69,ortholog_one2one,1
ENSG00000176871,WSB2,ENSMUSG00000029364,Wsb2,ortholog_one2one,1
ENSG00000163872,YEATS2,ENSMUSG00000041215,Yeats2,ortholog_one2one,1
ENSG00000015153,YAF2,ENSMUSG00000022634,Yaf2,ortholog_one2one,1
ENSG00000109906,ZBTB16,ENSMUSG00000066687,Zbtb16,ortholog_one2one,1
ENSG00000163092,XIRP2,ENSMUSG00000027022,Xirp2,ortholog_one2one,1
ENSG00000114742,WDR48,ENSMUSG00000032512,Wdr48,ortholog_one2one,1
ENSG00000119801,YPEL5,ENSMUSG00000039770,Ypel5,ortholog_one2one,1
ENSG00000143952,VPS54,ENSMUSG00000020128,Vps54,ortholog_one2one,1
ENSG00000116455,WDR77,ENSMUSG00000000561,Wdr77,ortholog_one2one,1
ENSG00000163032,VSNL1,ENSMUSG00000054459,Vsnl1,ortholog_one2one,1
ENSG00000136631,VPS45,ENSMUSG00000015747,Vps45,ortholog_one2one,1
ENSG00000277462,ZNF670,,,,NA
ENSG00000116874,WARS2,ENSMUSG00000004233,Wars2,ortholog_one2one,1
ENSG00000005448,WDR54,ENSMUSG00000030032,Wdr54,ortholog_one2one,1
ENSG00000162378,ZYG11B,ENSMUSG00000034636,Zyg11b,ortholog_one2one,1
ENSG00000162843,WDR64,ENSMUSG00000026523,Wdr64,ortholog_one2one,1
ENSG00000121903,ZSCAN20,ENSMUSG00000061894,Zscan20,ortholog_one2one,1
ENSG00000116809,ZBTB17,ENSMUSG00000006215,Zbtb17,ortholog_one2one,1
ENSG00000085433,WDR47,ENSMUSG00000040389,Wdr47,ortholog_one2one,1
ENSG00000084073,ZMPSTE24,ENSMUSG00000043207,Zmpste24,ortholog_one2one,1
ENSG00000197056,ZMYM1,ENSMUSG00000043872,Zmym1,ortholog_one2one,1
ENSG00000179403,VWA1,ENSMUSG00000042116,Vwa1,ortholog_one2one,1
ENSG00000079246,XRCC5,ENSMUSG00000026187,Xrcc5,ortholog_one2one,1
ENSG00000134684,YARS1,ENSMUSG00000028811,Yars1,ortholog_one2one,1
ENSG00000143324,XPR1,ENSMUSG00000026469,Xpr1,ortholog_one2one,1
ENSG00000065978,YBX1,ENSMUSG00000028639,Ybx1,ortholog_one2one,1
ENSG00000116729,WLS,ENSMUSG00000028173,Wls,ortholog_one2one,1
ENSG00000125945,ZNF436,ENSMUSG00000051351,Zfp46,ortholog_one2one,1
ENSG00000198492,YTHDF2,ENSMUSG00000040025,Ythdf2,ortholog_one2one,1
ENSG00000163867,ZMYM6,ENSMUSG00000042408,Zmym6,ortholog_one2one,1
ENSG00000116213,WRAP73,ENSMUSG00000029029,Wrap73,ortholog_one2one,1
ENSG00000162923,WDR26,ENSMUSG00000038733,Wdr26,ortholog_one2one,1
ENSG00000121766,ZCCHC17,ENSMUSG00000028772,Zcchc17,ortholog_one2one,1
ENSG00000158195,WASF2,ENSMUSG00000028868,Wasf2,ortholog_one2one,1
